user_id,entity,type,category,project,branch,language,is_write,editor,operating_system,machine,user_agent,time,created_at
Lelando1234,C:/Users/tiaan/My Drive/Tiaan/Personal/Documents & Other/Github/CompanyIntranet/.gitignore,file,coding,CompanyIntranet,main,Text,true,Wakatime,Windows,Tiaan-Lenovo,codex-wakapi-history-import/1.0,2025-08-08 12:33:00.000,2026-05-04 03:43:07.957
Lelando1234,C:/Users/tiaan/My Drive/Tiaan/Personal/Documents & Other/Github/CompanyIntranet/.gitignore,file,coding,CompanyIntranet,main,Text,true,Wakatime,Windows,Tiaan-Lenovo,codex-wakapi-history-import/1.0,2025-08-08 12:35:00.000,2026-05-04 03:43:07.957
Lelando1234,C:/Users/tiaan/My Drive/Tiaan/Personal/Documents & Other/Github/CompanyIntranet/.gitignore,file,coding,CompanyIntranet,main,Text,true,Wakatime,Windows,Tiaan-Lenovo,codex-wakapi-history-import/1.0,2025-08-08 12:37:00.000,2026-05-04 03:43:07.957
Lelando1234,C:/Users/tiaan/My Drive/Tiaan/Personal/Documents & Other/Github/CompanyIntranet/.gitignore,file,coding,CompanyIntranet,main,Text,true,Wakatime,Windows,Tiaan-Lenovo,codex-wakapi-history-import/1.0,2025-08-08 12:39:00.000,2026-05-04 03:43:07.957
Lelando1234,C:/Users/tiaan/My Drive/Tiaan/Personal/Documents & Other/Github/CompanyIntranet/.gitignore,file,coding,CompanyIntranet,main,Text,true,Wakatime,Windows,Tiaan-Lenovo,codex-wakapi-history-import/1.0,2025-08-08 12:41:00.000,2026-05-04 03:43:07.957
Lelando1234,C:/Users/tiaan/My Drive/Tiaan/Personal/Documents & Other/Github/CompanyIntranet/.gitignore,file,coding,CompanyIntranet,main,Text,true,Wakatime,Windows,Tiaan-Lenovo,codex-wakapi-history-import/1.0,2025-08-08 12:43:00.000,2026-05-04 03:43:07.957
Lelando1234,C:/Users/tiaan/My Drive/Tiaan/Personal/Documents & Other/Github/CompanyIntranet/.gitignore,file,coding,CompanyIntranet,main,Text,true,Wakatime,Windows,Tiaan-Lenovo,codex-wakapi-history-import/1.0,2025-08-08 12:45:00.000,2026-05-04 03:43:07.957
Lelando1234,C:/Users/tiaan/My Drive/Tiaan/Personal/Documents & Other/Github/CompanyIntranet/.gitignore,file,coding,CompanyIntranet,main,Text,true,Wakatime,Windows,Tiaan-Lenovo,codex-wakapi-history-import/1.0,2025-08-08 12:47:00.000,2026-05-04 03:43:07.957
Lelando1234,C:/Users/tiaan/My Drive/Tiaan/Personal/Documents & Other/Github/CompanyIntranet/.gitignore,file,coding,CompanyIntranet,main,Text,true,Wakatime,Windows,Tiaan-Lenovo,codex-wakapi-history-import/1.0,2025-08-08 12:49:00.000,2026-05-04 03:43:07.957
Lelando1234,C:/Users/tiaan/My Drive/Tiaan/Personal/Documents & Other/Github/CompanyIntranet/.gitignore,file,coding,CompanyIntranet,main,Text,true,Wakatime,Windows,Tiaan-Lenovo,codex-wakapi-history-import/1.0,2025-08-08 12:51:00.000,2026-05-04 03:43:07.957
Lelando1234,C:/Users/tiaan/My Drive/Tiaan/Personal/Documents & Other/Github/CompanyIntranet/.gitignore,file,coding,CompanyIntranet,main,Text,true,Wakatime,Windows,Tiaan-Lenovo,codex-wakapi-history-import/1.0,2025-08-08 12:53:00.000,2026-05-04 03:43:07.957
Lelando1234,C:/Users/tiaan/My Drive/Tiaan/Personal/Documents & Other/Github/CompanyIntranet/.gitignore,file,coding,CompanyIntranet,main,Text,true,Wakatime,Windows,Tiaan-Lenovo,codex-wakapi-history-import/1.0,2025-08-08 12:55:00.000,2026-05-04 03:43:07.957
Lelando1234,C:/Users/tiaan/My Drive/Tiaan/Personal/Documents & Other/Github/CompanyIntranet/.gitignore,file,coding,CompanyIntranet,main,Text,true,Wakatime,Windows,Tiaan-Lenovo,codex-wakapi-history-import/1.0,2025-08-08 12:57:00.000,2026-05-04 03:43:07.957
Lelando1234,C:/Users/tiaan/My Drive/Tiaan/Personal/Documents & Other/Github/CompanyIntranet/README.md,file,coding,CompanyIntranet,main,Markdown,true,Wakatime,Windows,Tiaan-Lenovo,codex-wakapi-history-import/1.0,2025-08-08 12:59:00.000,2026-05-04 03:43:07.957
Lelando1234,C:/Users/tiaan/My Drive/Tiaan/Personal/Documents & Other/Github/CompanyIntranet/README.md,file,coding,CompanyIntranet,main,Markdown,true,Wakatime,Windows,Tiaan-Lenovo,codex-wakapi-history-import/1.0,2025-08-08 13:01:00.000,2026-05-04 03:43:07.957
Lelando1234,C:/Users/tiaan/My Drive/Tiaan/Personal/Documents & Other/Github/CompanyIntranet/README.md,file,coding,CompanyIntranet,main,Markdown,true,Wakatime,Windows,Tiaan-Lenovo,codex-wakapi-history-import/1.0,2025-08-08 13:03:00.000,2026-05-04 03:43:07.957
Lelando1234,C:/Users/tiaan/My Drive/Tiaan/Personal/Documents & Other/Github/CompanyIntranet/src/App.tsx,file,coding,CompanyIntranet,main,TypeScript,true,Wakatime,Windows,Tiaan-Lenovo,codex-wakapi-history-import/1.0,2025-08-11 01:12:09.000,2026-05-04 03:43:07.957
Lelando1234,C:/Users/tiaan/My Drive/Tiaan/Personal/Documents & Other/Github/CompanyIntranet/src/App.tsx,file,coding,CompanyIntranet,main,TypeScript,true,Wakatime,Windows,Tiaan-Lenovo,codex-wakapi-history-import/1.0,2025-08-11 01:14:09.000,2026-05-04 03:43:07.957
Lelando1234,C:/Users/tiaan/My Drive/Tiaan/Personal/Documents & Other/Github/CompanyIntranet/src/App.tsx,file,coding,CompanyIntranet,main,TypeScript,true,Wakatime,Windows,Tiaan-Lenovo,codex-wakapi-history-import/1.0,2025-08-11 01:16:09.000,2026-05-04 03:43:07.957
Lelando1234,C:/Users/tiaan/My Drive/Tiaan/Personal/Documents & Other/Github/CompanyIntranet/src/App.tsx,file,coding,CompanyIntranet,main,TypeScript,true,Wakatime,Windows,Tiaan-Lenovo,codex-wakapi-history-import/1.0,2025-08-11 01:18:09.000,2026-05-04 03:43:07.957
Lelando1234,C:/Users/tiaan/My Drive/Tiaan/Personal/Documents & Other/Github/CompanyIntranet/src/App.tsx,file,coding,CompanyIntranet,main,TypeScript,true,Wakatime,Windows,Tiaan-Lenovo,codex-wakapi-history-import/1.0,2025-08-11 01:20:09.000,2026-05-04 03:43:07.957
Lelando1234,C:/Users/tiaan/My Drive/Tiaan/Personal/Documents & Other/Github/CompanyIntranet/src/App.tsx,file,coding,CompanyIntranet,main,TypeScript,true,Wakatime,Windows,Tiaan-Lenovo,codex-wakapi-history-import/1.0,2025-08-11 01:22:09.000,2026-05-04 03:43:07.957
Lelando1234,C:/Users/tiaan/My Drive/Tiaan/Personal/Documents & Other/Github/CompanyIntranet/src/App.tsx,file,coding,CompanyIntranet,main,TypeScript,true,Wakatime,Windows,Tiaan-Lenovo,codex-wakapi-history-import/1.0,2025-08-11 01:24:09.000,2026-05-04 03:43:07.957
Lelando1234,C:/Users/tiaan/My Drive/Tiaan/Personal/Documents & Other/Github/CompanyIntranet/src/App.tsx,file,coding,CompanyIntranet,main,TypeScript,true,Wakatime,Windows,Tiaan-Lenovo,codex-wakapi-history-import/1.0,2025-08-11 01:26:09.000,2026-05-04 03:43:07.957
Lelando1234,C:/Users/tiaan/My Drive/Tiaan/Personal/Documents & Other/Github/CompanyIntranet/src/App.tsx,file,coding,CompanyIntranet,main,TypeScript,true,Wakatime,Windows,Tiaan-Lenovo,codex-wakapi-history-import/1.0,2025-08-11 01:28:09.000,2026-05-04 03:43:07.957
Lelando1234,C:/Users/tiaan/My Drive/Tiaan/Personal/Documents & Other/Github/CompanyIntranet/src/App.tsx,file,coding,CompanyIntranet,main,TypeScript,true,Wakatime,Windows,Tiaan-Lenovo,codex-wakapi-history-import/1.0,2025-08-11 01:30:09.000,2026-05-04 03:43:07.957
Lelando1234,C:/Users/tiaan/My Drive/Tiaan/Personal/Documents & Other/Github/CompanyIntranet/src/App.tsx,file,coding,CompanyIntranet,main,TypeScript,true,Wakatime,Windows,Tiaan-Lenovo,codex-wakapi-history-import/1.0,2025-08-11 01:32:09.000,2026-05-04 03:43:07.957
Lelando1234,C:/Users/tiaan/My Drive/Tiaan/Personal/Documents & Other/Github/CompanyIntranet/src/App.tsx,file,coding,CompanyIntranet,main,TypeScript,true,Wakatime,Windows,Tiaan-Lenovo,codex-wakapi-history-import/1.0,2025-08-11 01:34:09.000,2026-05-04 03:43:07.957
Lelando1234,C:/Users/tiaan/My Drive/Tiaan/Personal/Documents & Other/Github/CompanyIntranet/src/App.tsx,file,coding,CompanyIntranet,main,TypeScript,true,Wakatime,Windows,Tiaan-Lenovo,codex-wakapi-history-import/1.0,2025-08-11 01:36:09.000,2026-05-04 03:43:07.957
Lelando1234,C:/Users/tiaan/My Drive/Tiaan/Personal/Documents & Other/Github/CompanyIntranet/src/components/home.tsx,file,coding,CompanyIntranet,main,TypeScript,true,Wakatime,Windows,Tiaan-Lenovo,codex-wakapi-history-import/1.0,2025-08-11 01:38:09.000,2026-05-04 03:43:07.957
Lelando1234,C:/Users/tiaan/My Drive/Tiaan/Personal/Documents & Other/Github/CompanyIntranet/src/components/home.tsx,file,coding,CompanyIntranet,main,TypeScript,true,Wakatime,Windows,Tiaan-Lenovo,codex-wakapi-history-import/1.0,2025-08-11 01:40:09.000,2026-05-04 03:43:07.957
Lelando1234,C:/Users/tiaan/My Drive/Tiaan/Personal/Documents & Other/Github/CompanyIntranet/src/components/home.tsx,file,coding,CompanyIntranet,main,TypeScript,true,Wakatime,Windows,Tiaan-Lenovo,codex-wakapi-history-import/1.0,2025-08-11 01:42:09.000,2026-05-04 03:43:07.957
Lelando1234,C:/Users/tiaan/My Drive/Tiaan/Personal/Documents & Other/Github/CompanyIntranet/src/components/home.tsx,file,coding,CompanyIntranet,main,TypeScript,true,Wakatime,Windows,Tiaan-Lenovo,codex-wakapi-history-import/1.0,2025-08-11 01:44:09.000,2026-05-04 03:43:07.957
Lelando1234,C:/Users/tiaan/My Drive/Tiaan/Personal/Documents & Other/Github/CompanyIntranet/src/components/home.tsx,file,coding,CompanyIntranet,main,TypeScript,true,Wakatime,Windows,Tiaan-Lenovo,codex-wakapi-history-import/1.0,2025-08-11 01:46:09.000,2026-05-04 03:43:07.957
Lelando1234,C:/Users/tiaan/My Drive/Tiaan/Personal/Documents & Other/Github/CompanyIntranet/src/components/home.tsx,file,coding,CompanyIntranet,main,TypeScript,true,Wakatime,Windows,Tiaan-Lenovo,codex-wakapi-history-import/1.0,2025-08-11 01:48:09.000,2026-05-04 03:43:07.957
Lelando1234,C:/Users/tiaan/My Drive/Tiaan/Personal/Documents & Other/Github/CompanyIntranet/src/components/home.tsx,file,coding,CompanyIntranet,main,TypeScript,true,Wakatime,Windows,Tiaan-Lenovo,codex-wakapi-history-import/1.0,2025-08-11 01:50:09.000,2026-05-04 03:43:07.957
Lelando1234,C:/Users/tiaan/My Drive/Tiaan/Personal/Documents & Other/Github/CompanyIntranet/src/components/home.tsx,file,coding,CompanyIntranet,main,TypeScript,true,Wakatime,Windows,Tiaan-Lenovo,codex-wakapi-history-import/1.0,2025-08-11 01:52:09.000,2026-05-04 03:43:07.957
Lelando1234,C:/Users/tiaan/My Drive/Tiaan/Personal/Documents & Other/Github/CompanyIntranet/src/components/home.tsx,file,coding,CompanyIntranet,main,TypeScript,true,Wakatime,Windows,Tiaan-Lenovo,codex-wakapi-history-import/1.0,2025-08-11 01:54:09.000,2026-05-04 03:43:07.957
Lelando1234,C:/Users/tiaan/My Drive/Tiaan/Personal/Documents & Other/Github/CompanyIntranet/src/components/home.tsx,file,coding,CompanyIntranet,main,TypeScript,true,Wakatime,Windows,Tiaan-Lenovo,codex-wakapi-history-import/1.0,2025-08-11 01:56:09.000,2026-05-04 03:43:07.957
Lelando1234,C:/Users/tiaan/My Drive/Tiaan/Personal/Documents & Other/Github/CompanyIntranet/src/components/home.tsx,file,coding,CompanyIntranet,main,TypeScript,true,Wakatime,Windows,Tiaan-Lenovo,codex-wakapi-history-import/1.0,2025-08-11 01:58:09.000,2026-05-04 03:43:07.957
Lelando1234,C:/Users/tiaan/My Drive/Tiaan/Personal/Documents & Other/Github/CompanyIntranet/src/components/home.tsx,file,coding,CompanyIntranet,main,TypeScript,true,Wakatime,Windows,Tiaan-Lenovo,codex-wakapi-history-import/1.0,2025-08-11 02:00:09.000,2026-05-04 03:43:07.957
Lelando1234,C:/Users/tiaan/My Drive/Tiaan/Personal/Documents & Other/Github/CompanyIntranet/src/lib/database.ts,file,coding,CompanyIntranet,main,TypeScript,true,Wakatime,Windows,Tiaan-Lenovo,codex-wakapi-history-import/1.0,2025-08-11 02:02:09.000,2026-05-04 03:43:07.957
Lelando1234,C:/Users/tiaan/My Drive/Tiaan/Personal/Documents & Other/Github/CompanyIntranet/src/lib/database.ts,file,coding,CompanyIntranet,main,TypeScript,true,Wakatime,Windows,Tiaan-Lenovo,codex-wakapi-history-import/1.0,2025-08-11 02:04:09.000,2026-05-04 03:43:07.957
Lelando1234,C:/Users/tiaan/My Drive/Tiaan/Personal/Documents & Other/Github/CompanyIntranet/src/lib/database.ts,file,coding,CompanyIntranet,main,TypeScript,true,Wakatime,Windows,Tiaan-Lenovo,codex-wakapi-history-import/1.0,2025-08-11 02:06:09.000,2026-05-04 03:43:07.957
Lelando1234,C:/Users/tiaan/My Drive/Tiaan/Personal/Documents & Other/Github/CompanyIntranet/src/lib/database.ts,file,coding,CompanyIntranet,main,TypeScript,true,Wakatime,Windows,Tiaan-Lenovo,codex-wakapi-history-import/1.0,2025-08-11 02:08:09.000,2026-05-04 03:43:07.957
Lelando1234,C:/Users/tiaan/My Drive/Tiaan/Personal/Documents & Other/Github/CompanyIntranet/src/pages/Dashboard.tsx,file,coding,CompanyIntranet,main,TypeScript,true,Wakatime,Windows,Tiaan-Lenovo,codex-wakapi-history-import/1.0,2025-08-14 12:23:00.000,2026-05-04 03:43:07.957
Lelando1234,C:/Users/tiaan/My Drive/Tiaan/Personal/Documents & Other/Github/CompanyIntranet/src/pages/Dashboard.tsx,file,coding,CompanyIntranet,main,TypeScript,true,Wakatime,Windows,Tiaan-Lenovo,codex-wakapi-history-import/1.0,2025-08-14 12:25:00.000,2026-05-04 03:43:07.957
Lelando1234,C:/Users/tiaan/My Drive/Tiaan/Personal/Documents & Other/Github/CompanyIntranet/src/pages/Dashboard.tsx,file,coding,CompanyIntranet,main,TypeScript,true,Wakatime,Windows,Tiaan-Lenovo,codex-wakapi-history-import/1.0,2025-08-14 12:27:00.000,2026-05-04 03:43:07.957
Lelando1234,C:/Users/tiaan/My Drive/Tiaan/Personal/Documents & Other/Github/CompanyIntranet/src/pages/Dashboard.tsx,file,coding,CompanyIntranet,main,TypeScript,true,Wakatime,Windows,Tiaan-Lenovo,codex-wakapi-history-import/1.0,2025-08-14 12:29:00.000,2026-05-04 03:43:07.957
Lelando1234,C:/Users/tiaan/My Drive/Tiaan/Personal/Documents & Other/Github/CompanyIntranet/src/pages/Dashboard.tsx,file,coding,CompanyIntranet,main,TypeScript,true,Wakatime,Windows,Tiaan-Lenovo,codex-wakapi-history-import/1.0,2025-08-14 12:31:00.000,2026-05-04 03:43:07.957
Lelando1234,C:/Users/tiaan/My Drive/Tiaan/Personal/Documents & Other/Github/CompanyIntranet/src/pages/Dashboard.tsx,file,coding,CompanyIntranet,main,TypeScript,true,Wakatime,Windows,Tiaan-Lenovo,codex-wakapi-history-import/1.0,2025-08-14 12:33:00.000,2026-05-04 03:43:07.957
Lelando1234,C:/Users/tiaan/My Drive/Tiaan/Personal/Documents & Other/Github/CompanyIntranet/src/pages/Dashboard.tsx,file,coding,CompanyIntranet,main,TypeScript,true,Wakatime,Windows,Tiaan-Lenovo,codex-wakapi-history-import/1.0,2025-08-14 12:35:00.000,2026-05-04 03:43:07.957
Lelando1234,C:/Users/tiaan/My Drive/Tiaan/Personal/Documents & Other/Github/CompanyIntranet/src/pages/Dashboard.tsx,file,coding,CompanyIntranet,main,TypeScript,true,Wakatime,Windows,Tiaan-Lenovo,codex-wakapi-history-import/1.0,2025-08-14 12:37:00.000,2026-05-04 03:43:07.957
Lelando1234,C:/Users/tiaan/My Drive/Tiaan/Personal/Documents & Other/Github/CompanyIntranet/src/pages/Dashboard.tsx,file,coding,CompanyIntranet,main,TypeScript,true,Wakatime,Windows,Tiaan-Lenovo,codex-wakapi-history-import/1.0,2025-08-14 12:39:00.000,2026-05-04 03:43:07.957
Lelando1234,C:/Users/tiaan/My Drive/Tiaan/Personal/Documents & Other/Github/CompanyIntranet/src/pages/Dashboard.tsx,file,coding,CompanyIntranet,main,TypeScript,true,Wakatime,Windows,Tiaan-Lenovo,codex-wakapi-history-import/1.0,2025-08-14 12:41:00.000,2026-05-04 03:43:07.957
Lelando1234,C:/Users/tiaan/My Drive/Tiaan/Personal/Documents & Other/Github/CompanyIntranet/src/pages/Dashboard.tsx,file,coding,CompanyIntranet,main,TypeScript,true,Wakatime,Windows,Tiaan-Lenovo,codex-wakapi-history-import/1.0,2025-08-14 12:43:00.000,2026-05-04 03:43:07.957
Lelando1234,C:/Users/tiaan/My Drive/Tiaan/Personal/Documents & Other/Github/CompanyIntranet/src/pages/Dashboard.tsx,file,coding,CompanyIntranet,main,TypeScript,true,Wakatime,Windows,Tiaan-Lenovo,codex-wakapi-history-import/1.0,2025-08-14 12:45:00.000,2026-05-04 03:43:07.957
Lelando1234,C:/Users/tiaan/My Drive/Tiaan/Personal/Documents & Other/Github/CompanyIntranet/src/pages/Dashboard.tsx,file,coding,CompanyIntranet,main,TypeScript,true,Wakatime,Windows,Tiaan-Lenovo,codex-wakapi-history-import/1.0,2025-08-14 12:47:00.000,2026-05-04 03:43:07.957
Lelando1234,C:/Users/tiaan/My Drive/Tiaan/Personal/Documents & Other/Github/CompanyIntranet/src/components/NewsFeed.tsx,file,coding,CompanyIntranet,main,TypeScript,true,Wakatime,Windows,Tiaan-Lenovo,codex-wakapi-history-import/1.0,2025-08-14 12:49:00.000,2026-05-04 03:43:07.957
Lelando1234,C:/Users/tiaan/My Drive/Tiaan/Personal/Documents & Other/Github/CompanyIntranet/src/components/NewsFeed.tsx,file,coding,CompanyIntranet,main,TypeScript,true,Wakatime,Windows,Tiaan-Lenovo,codex-wakapi-history-import/1.0,2025-08-14 12:51:00.000,2026-05-04 03:43:07.957
Lelando1234,C:/Users/tiaan/My Drive/Tiaan/Personal/Documents & Other/Github/CompanyIntranet/src/components/NewsFeed.tsx,file,coding,CompanyIntranet,main,TypeScript,true,Wakatime,Windows,Tiaan-Lenovo,codex-wakapi-history-import/1.0,2025-08-14 12:53:00.000,2026-05-04 03:43:07.957
Lelando1234,C:/Users/tiaan/My Drive/Tiaan/Personal/Documents & Other/Github/CompanyIntranet/src/components/NewsFeed.tsx,file,coding,CompanyIntranet,main,TypeScript,true,Wakatime,Windows,Tiaan-Lenovo,codex-wakapi-history-import/1.0,2025-08-14 12:55:00.000,2026-05-04 03:43:07.957
Lelando1234,C:/Users/tiaan/My Drive/Tiaan/Personal/Documents & Other/Github/CompanyIntranet/src/components/NewsFeed.tsx,file,coding,CompanyIntranet,main,TypeScript,true,Wakatime,Windows,Tiaan-Lenovo,codex-wakapi-history-import/1.0,2025-08-14 12:57:00.000,2026-05-04 03:43:07.957
Lelando1234,C:/Users/tiaan/My Drive/Tiaan/Personal/Documents & Other/Github/CompanyIntranet/src/components/NewsFeed.tsx,file,coding,CompanyIntranet,main,TypeScript,true,Wakatime,Windows,Tiaan-Lenovo,codex-wakapi-history-import/1.0,2025-08-14 12:59:00.000,2026-05-04 03:43:07.957
Lelando1234,C:/Users/tiaan/My Drive/Tiaan/Personal/Documents & Other/Github/CompanyIntranet/src/components/NewsFeed.tsx,file,coding,CompanyIntranet,main,TypeScript,true,Wakatime,Windows,Tiaan-Lenovo,codex-wakapi-history-import/1.0,2025-08-14 13:01:00.000,2026-05-04 03:43:07.957
Lelando1234,C:/Users/tiaan/My Drive/Tiaan/Personal/Documents & Other/Github/CompanyIntranet/src/components/NewsFeed.tsx,file,coding,CompanyIntranet,main,TypeScript,true,Wakatime,Windows,Tiaan-Lenovo,codex-wakapi-history-import/1.0,2025-08-14 13:03:00.000,2026-05-04 03:43:07.957
Lelando1234,C:/Users/tiaan/My Drive/Tiaan/Personal/Documents & Other/Github/CompanyIntranet/src/components/NewsFeed.tsx,file,coding,CompanyIntranet,main,TypeScript,true,Wakatime,Windows,Tiaan-Lenovo,codex-wakapi-history-import/1.0,2025-08-14 13:05:00.000,2026-05-04 03:43:07.957
Lelando1234,C:/Users/tiaan/My Drive/Tiaan/Personal/Documents & Other/Github/CompanyIntranet/src/components/NewsFeed.tsx,file,coding,CompanyIntranet,main,TypeScript,true,Wakatime,Windows,Tiaan-Lenovo,codex-wakapi-history-import/1.0,2025-08-14 13:07:00.000,2026-05-04 03:43:07.957
Lelando1234,C:/Users/tiaan/My Drive/Tiaan/Personal/Documents & Other/Github/CompanyIntranet/src/components/NewsFeed.tsx,file,coding,CompanyIntranet,main,TypeScript,true,Wakatime,Windows,Tiaan-Lenovo,codex-wakapi-history-import/1.0,2025-08-14 13:09:00.000,2026-05-04 03:43:07.957
Lelando1234,C:/Users/tiaan/My Drive/Tiaan/Personal/Documents & Other/Github/CompanyIntranet/src/components/NewsFeed.tsx,file,coding,CompanyIntranet,main,TypeScript,true,Wakatime,Windows,Tiaan-Lenovo,codex-wakapi-history-import/1.0,2025-08-14 13:11:00.000,2026-05-04 03:43:07.957
Lelando1234,C:/Users/tiaan/My Drive/Tiaan/Personal/Documents & Other/Github/CompanyIntranet/backend/src/database/schema.sql,file,coding,CompanyIntranet,main,SQL,true,Wakatime,Windows,Tiaan-Lenovo,codex-wakapi-history-import/1.0,2025-08-14 13:13:00.000,2026-05-04 03:43:07.957
Lelando1234,C:/Users/tiaan/My Drive/Tiaan/Personal/Documents & Other/Github/CompanyIntranet/backend/src/database/schema.sql,file,coding,CompanyIntranet,main,SQL,true,Wakatime,Windows,Tiaan-Lenovo,codex-wakapi-history-import/1.0,2025-08-14 13:15:00.000,2026-05-04 03:43:07.957
Lelando1234,C:/Users/tiaan/My Drive/Tiaan/Personal/Documents & Other/Github/CompanyIntranet/backend/src/database/schema.sql,file,coding,CompanyIntranet,main,SQL,true,Wakatime,Windows,Tiaan-Lenovo,codex-wakapi-history-import/1.0,2025-08-14 13:17:00.000,2026-05-04 03:43:07.957
Lelando1234,C:/Users/tiaan/My Drive/Tiaan/Personal/Documents & Other/Github/CompanyIntranet/backend/src/database/schema.sql,file,coding,CompanyIntranet,main,SQL,true,Wakatime,Windows,Tiaan-Lenovo,codex-wakapi-history-import/1.0,2025-08-14 13:19:00.000,2026-05-04 03:43:07.957
Lelando1234,C:/Users/tiaan/My Drive/Tiaan/Personal/Documents & Other/Github/CompanyIntranet/backend/src/database/schema.sql,file,coding,CompanyIntranet,main,SQL,true,Wakatime,Windows,Tiaan-Lenovo,codex-wakapi-history-import/1.0,2025-08-14 13:21:00.000,2026-05-04 03:43:07.957
Lelando1234,C:/Users/tiaan/My Drive/Tiaan/Personal/Documents & Other/Github/CompanyIntranet/backend/src/database/schema.sql,file,coding,CompanyIntranet,main,SQL,true,Wakatime,Windows,Tiaan-Lenovo,codex-wakapi-history-import/1.0,2025-08-14 13:23:00.000,2026-05-04 03:43:07.957
Lelando1234,C:/Users/tiaan/My Drive/Tiaan/Personal/Documents & Other/Github/CompanyIntranet/src/components/home.tsx,file,coding,CompanyIntranet,main,TypeScript,true,Wakatime,Windows,Tiaan-Lenovo,codex-wakapi-history-import/1.0,2025-08-18 13:02:20.000,2026-05-04 03:43:07.957
Lelando1234,C:/Users/tiaan/My Drive/Tiaan/Personal/Documents & Other/Github/CompanyIntranet/src/components/home.tsx,file,coding,CompanyIntranet,main,TypeScript,true,Wakatime,Windows,Tiaan-Lenovo,codex-wakapi-history-import/1.0,2025-08-18 13:04:20.000,2026-05-04 03:43:07.957
Lelando1234,C:/Users/tiaan/My Drive/Tiaan/Personal/Documents & Other/Github/CompanyIntranet/src/components/home.tsx,file,coding,CompanyIntranet,main,TypeScript,true,Wakatime,Windows,Tiaan-Lenovo,codex-wakapi-history-import/1.0,2025-08-18 13:06:20.000,2026-05-04 03:43:07.957
Lelando1234,C:/Users/tiaan/My Drive/Tiaan/Personal/Documents & Other/Github/CompanyIntranet/src/components/home.tsx,file,coding,CompanyIntranet,main,TypeScript,true,Wakatime,Windows,Tiaan-Lenovo,codex-wakapi-history-import/1.0,2025-08-18 13:08:20.000,2026-05-04 03:43:07.957
Lelando1234,C:/Users/tiaan/My Drive/Tiaan/Personal/Documents & Other/Github/CompanyIntranet/src/components/home.tsx,file,coding,CompanyIntranet,main,TypeScript,true,Wakatime,Windows,Tiaan-Lenovo,codex-wakapi-history-import/1.0,2025-08-18 13:10:20.000,2026-05-04 03:43:07.957
Lelando1234,C:/Users/tiaan/My Drive/Tiaan/Personal/Documents & Other/Github/CompanyIntranet/src/components/home.tsx,file,coding,CompanyIntranet,main,TypeScript,true,Wakatime,Windows,Tiaan-Lenovo,codex-wakapi-history-import/1.0,2025-08-18 13:12:20.000,2026-05-04 03:43:07.957
Lelando1234,C:/Users/tiaan/My Drive/Tiaan/Personal/Documents & Other/Github/CompanyIntranet/src/components/home.tsx,file,coding,CompanyIntranet,main,TypeScript,true,Wakatime,Windows,Tiaan-Lenovo,codex-wakapi-history-import/1.0,2025-08-18 13:14:20.000,2026-05-04 03:43:07.957
Lelando1234,C:/Users/tiaan/My Drive/Tiaan/Personal/Documents & Other/Github/CompanyIntranet/src/components/home.tsx,file,coding,CompanyIntranet,main,TypeScript,true,Wakatime,Windows,Tiaan-Lenovo,codex-wakapi-history-import/1.0,2025-08-18 13:16:20.000,2026-05-04 03:43:07.957
Lelando1234,C:/Users/tiaan/My Drive/Tiaan/Personal/Documents & Other/Github/CompanyIntranet/src/components/home.tsx,file,coding,CompanyIntranet,main,TypeScript,true,Wakatime,Windows,Tiaan-Lenovo,codex-wakapi-history-import/1.0,2025-08-18 13:18:20.000,2026-05-04 03:43:07.957
Lelando1234,C:/Users/tiaan/My Drive/Tiaan/Personal/Documents & Other/Github/CompanyIntranet/src/components/home.tsx,file,coding,CompanyIntranet,main,TypeScript,true,Wakatime,Windows,Tiaan-Lenovo,codex-wakapi-history-import/1.0,2025-08-18 13:20:20.000,2026-05-04 03:43:07.957
Lelando1234,C:/Users/tiaan/My Drive/Tiaan/Personal/Documents & Other/Github/CompanyIntranet/src/components/home.tsx,file,coding,CompanyIntranet,main,TypeScript,true,Wakatime,Windows,Tiaan-Lenovo,codex-wakapi-history-import/1.0,2025-08-18 13:22:20.000,2026-05-04 03:43:07.957
Lelando1234,C:/Users/tiaan/My Drive/Tiaan/Personal/Documents & Other/Github/CompanyIntranet/src/components/home.tsx,file,coding,CompanyIntranet,main,TypeScript,true,Wakatime,Windows,Tiaan-Lenovo,codex-wakapi-history-import/1.0,2025-08-18 13:24:20.000,2026-05-04 03:43:07.957
Lelando1234,C:/Users/tiaan/My Drive/Tiaan/Personal/Documents & Other/Github/CompanyIntranet/src/components/home.tsx,file,coding,CompanyIntranet,main,TypeScript,true,Wakatime,Windows,Tiaan-Lenovo,codex-wakapi-history-import/1.0,2025-08-18 13:26:20.000,2026-05-04 03:43:07.957
Lelando1234,C:/Users/tiaan/My Drive/Tiaan/Personal/Documents & Other/Github/CompanyIntranet/backend/src/index.js,file,coding,CompanyIntranet,main,JavaScript,true,Wakatime,Windows,Tiaan-Lenovo,codex-wakapi-history-import/1.0,2025-08-18 13:28:20.000,2026-05-04 03:43:07.957
Lelando1234,C:/Users/tiaan/My Drive/Tiaan/Personal/Documents & Other/Github/CompanyIntranet/backend/src/index.js,file,coding,CompanyIntranet,main,JavaScript,true,Wakatime,Windows,Tiaan-Lenovo,codex-wakapi-history-import/1.0,2025-08-18 13:30:20.000,2026-05-04 03:43:07.957
Lelando1234,C:/Users/tiaan/My Drive/Tiaan/Personal/Documents & Other/Github/CompanyIntranet/backend/src/index.js,file,coding,CompanyIntranet,main,JavaScript,true,Wakatime,Windows,Tiaan-Lenovo,codex-wakapi-history-import/1.0,2025-08-18 13:32:20.000,2026-05-04 03:43:07.957
Lelando1234,C:/Users/tiaan/My Drive/Tiaan/Personal/Documents & Other/Github/CompanyIntranet/backend/src/index.js,file,coding,CompanyIntranet,main,JavaScript,true,Wakatime,Windows,Tiaan-Lenovo,codex-wakapi-history-import/1.0,2025-08-18 13:34:20.000,2026-05-04 03:43:07.957
Lelando1234,C:/Users/tiaan/My Drive/Tiaan/Personal/Documents & Other/Github/CompanyIntranet/backend/src/index.js,file,coding,CompanyIntranet,main,JavaScript,true,Wakatime,Windows,Tiaan-Lenovo,codex-wakapi-history-import/1.0,2025-08-18 13:36:20.000,2026-05-04 03:43:07.957
Lelando1234,C:/Users/tiaan/My Drive/Tiaan/Personal/Documents & Other/Github/CompanyIntranet/backend/src/index.js,file,coding,CompanyIntranet,main,JavaScript,true,Wakatime,Windows,Tiaan-Lenovo,codex-wakapi-history-import/1.0,2025-08-18 13:38:20.000,2026-05-04 03:43:07.957
Lelando1234,C:/Users/tiaan/My Drive/Tiaan/Personal/Documents & Other/Github/CompanyIntranet/backend/src/index.js,file,coding,CompanyIntranet,main,JavaScript,true,Wakatime,Windows,Tiaan-Lenovo,codex-wakapi-history-import/1.0,2025-08-18 13:40:20.000,2026-05-04 03:43:07.957
Lelando1234,C:/Users/tiaan/My Drive/Tiaan/Personal/Documents & Other/Github/CompanyIntranet/backend/src/index.js,file,coding,CompanyIntranet,main,JavaScript,true,Wakatime,Windows,Tiaan-Lenovo,codex-wakapi-history-import/1.0,2025-08-18 13:42:20.000,2026-05-04 03:43:07.957
Lelando1234,C:/Users/tiaan/My Drive/Tiaan/Personal/Documents & Other/Github/CompanyIntranet/backend/src/index.js,file,coding,CompanyIntranet,main,JavaScript,true,Wakatime,Windows,Tiaan-Lenovo,codex-wakapi-history-import/1.0,2025-08-18 13:44:20.000,2026-05-04 03:43:07.957
Lelando1234,C:/Users/tiaan/My Drive/Tiaan/Personal/Documents & Other/Github/CompanyIntranet/backend/src/index.js,file,coding,CompanyIntranet,main,JavaScript,true,Wakatime,Windows,Tiaan-Lenovo,codex-wakapi-history-import/1.0,2025-08-18 13:46:20.000,2026-05-04 03:43:07.957
Lelando1234,C:/Users/tiaan/My Drive/Tiaan/Personal/Documents & Other/Github/CompanyIntranet/backend/src/database/schema.sql,file,coding,CompanyIntranet,main,SQL,true,Wakatime,Windows,Tiaan-Lenovo,codex-wakapi-history-import/1.0,2025-08-21 01:24:24.000,2026-05-04 03:43:07.957
Lelando1234,C:/Users/tiaan/My Drive/Tiaan/Personal/Documents & Other/Github/CompanyIntranet/backend/src/database/schema.sql,file,coding,CompanyIntranet,main,SQL,true,Wakatime,Windows,Tiaan-Lenovo,codex-wakapi-history-import/1.0,2025-08-21 01:26:24.000,2026-05-04 03:43:07.957
Lelando1234,C:/Users/tiaan/My Drive/Tiaan/Personal/Documents & Other/Github/CompanyIntranet/backend/src/database/schema.sql,file,coding,CompanyIntranet,main,SQL,true,Wakatime,Windows,Tiaan-Lenovo,codex-wakapi-history-import/1.0,2025-08-21 01:28:24.000,2026-05-04 03:43:07.957
Lelando1234,C:/Users/tiaan/My Drive/Tiaan/Personal/Documents & Other/Github/CompanyIntranet/backend/src/database/schema.sql,file,coding,CompanyIntranet,main,SQL,true,Wakatime,Windows,Tiaan-Lenovo,codex-wakapi-history-import/1.0,2025-08-21 01:30:24.000,2026-05-04 03:43:07.957
Lelando1234,C:/Users/tiaan/My Drive/Tiaan/Personal/Documents & Other/Github/CompanyIntranet/backend/src/database/schema.sql,file,coding,CompanyIntranet,main,SQL,true,Wakatime,Windows,Tiaan-Lenovo,codex-wakapi-history-import/1.0,2025-08-21 01:32:24.000,2026-05-04 03:43:07.957
Lelando1234,C:/Users/tiaan/My Drive/Tiaan/Personal/Documents & Other/Github/CompanyIntranet/backend/src/database/schema.sql,file,coding,CompanyIntranet,main,SQL,true,Wakatime,Windows,Tiaan-Lenovo,codex-wakapi-history-import/1.0,2025-08-21 01:34:24.000,2026-05-04 03:43:07.957
Lelando1234,C:/Users/tiaan/My Drive/Tiaan/Personal/Documents & Other/Github/CompanyIntranet/backend/src/database/schema.sql,file,coding,CompanyIntranet,main,SQL,true,Wakatime,Windows,Tiaan-Lenovo,codex-wakapi-history-import/1.0,2025-08-21 01:36:24.000,2026-05-04 03:43:07.957
Lelando1234,C:/Users/tiaan/My Drive/Tiaan/Personal/Documents & Other/Github/CompanyIntranet/backend/src/database/schema.sql,file,coding,CompanyIntranet,main,SQL,true,Wakatime,Windows,Tiaan-Lenovo,codex-wakapi-history-import/1.0,2025-08-21 01:38:24.000,2026-05-04 03:43:07.957
Lelando1234,C:/Users/tiaan/My Drive/Tiaan/Personal/Documents & Other/Github/CompanyIntranet/backend/src/database/schema.sql,file,coding,CompanyIntranet,main,SQL,true,Wakatime,Windows,Tiaan-Lenovo,codex-wakapi-history-import/1.0,2025-08-21 01:40:24.000,2026-05-04 03:43:07.957
Lelando1234,C:/Users/tiaan/My Drive/Tiaan/Personal/Documents & Other/Github/CompanyIntranet/backend/src/database/schema.sql,file,coding,CompanyIntranet,main,SQL,true,Wakatime,Windows,Tiaan-Lenovo,codex-wakapi-history-import/1.0,2025-08-21 01:42:24.000,2026-05-04 03:43:07.957
Lelando1234,C:/Users/tiaan/My Drive/Tiaan/Personal/Documents & Other/Github/CompanyIntranet/backend/src/database/schema.sql,file,coding,CompanyIntranet,main,SQL,true,Wakatime,Windows,Tiaan-Lenovo,codex-wakapi-history-import/1.0,2025-08-21 01:44:24.000,2026-05-04 03:43:07.957
Lelando1234,C:/Users/tiaan/My Drive/Tiaan/Personal/Documents & Other/Github/CompanyIntranet/backend/src/database/schema.sql,file,coding,CompanyIntranet,main,SQL,true,Wakatime,Windows,Tiaan-Lenovo,codex-wakapi-history-import/1.0,2025-08-21 01:46:24.000,2026-05-04 03:43:07.957
Lelando1234,C:/Users/tiaan/My Drive/Tiaan/Personal/Documents & Other/Github/CompanyIntranet/backend/src/database/schema.sql,file,coding,CompanyIntranet,main,SQL,true,Wakatime,Windows,Tiaan-Lenovo,codex-wakapi-history-import/1.0,2025-08-21 01:48:24.000,2026-05-04 03:43:07.957
Lelando1234,C:/Users/tiaan/My Drive/Tiaan/Personal/Documents & Other/Github/CompanyIntranet/install.sh,file,coding,CompanyIntranet,main,Bash,true,Wakatime,Windows,Tiaan-Lenovo,codex-wakapi-history-import/1.0,2025-08-21 01:50:24.000,2026-05-04 03:43:07.957
Lelando1234,C:/Users/tiaan/My Drive/Tiaan/Personal/Documents & Other/Github/CompanyIntranet/install.sh,file,coding,CompanyIntranet,main,Bash,true,Wakatime,Windows,Tiaan-Lenovo,codex-wakapi-history-import/1.0,2025-08-21 01:52:24.000,2026-05-04 03:43:07.957
Lelando1234,C:/Users/tiaan/My Drive/Tiaan/Personal/Documents & Other/Github/CompanyIntranet/install.sh,file,coding,CompanyIntranet,main,Bash,true,Wakatime,Windows,Tiaan-Lenovo,codex-wakapi-history-import/1.0,2025-08-21 01:54:24.000,2026-05-04 03:43:07.957
Lelando1234,C:/Users/tiaan/My Drive/Tiaan/Personal/Documents & Other/Github/CompanyIntranet/install.sh,file,coding,CompanyIntranet,main,Bash,true,Wakatime,Windows,Tiaan-Lenovo,codex-wakapi-history-import/1.0,2025-08-21 01:56:24.000,2026-05-04 03:43:07.957
Lelando1234,C:/Users/tiaan/My Drive/Tiaan/Personal/Documents & Other/Github/CompanyIntranet/install.sh,file,coding,CompanyIntranet,main,Bash,true,Wakatime,Windows,Tiaan-Lenovo,codex-wakapi-history-import/1.0,2025-08-21 01:58:24.000,2026-05-04 03:43:07.957
Lelando1234,C:/Users/tiaan/My Drive/Tiaan/Personal/Documents & Other/Github/CompanyIntranet/install.sh,file,coding,CompanyIntranet,main,Bash,true,Wakatime,Windows,Tiaan-Lenovo,codex-wakapi-history-import/1.0,2025-08-21 02:00:24.000,2026-05-04 03:43:07.957
Lelando1234,C:/Users/tiaan/My Drive/Tiaan/Personal/Documents & Other/Github/CompanyIntranet/install.sh,file,coding,CompanyIntranet,main,Bash,true,Wakatime,Windows,Tiaan-Lenovo,codex-wakapi-history-import/1.0,2025-08-21 02:02:24.000,2026-05-04 03:43:07.957
Lelando1234,C:/Users/tiaan/My Drive/Tiaan/Personal/Documents & Other/Github/CompanyIntranet/install.sh,file,coding,CompanyIntranet,main,Bash,true,Wakatime,Windows,Tiaan-Lenovo,codex-wakapi-history-import/1.0,2025-08-21 02:04:24.000,2026-05-04 03:43:07.957
Lelando1234,C:/Users/tiaan/My Drive/Tiaan/Personal/Documents & Other/Github/CompanyIntranet/install.sh,file,coding,CompanyIntranet,main,Bash,true,Wakatime,Windows,Tiaan-Lenovo,codex-wakapi-history-import/1.0,2025-08-21 02:06:24.000,2026-05-04 03:43:07.957
Lelando1234,C:/Users/tiaan/My Drive/Tiaan/Personal/Documents & Other/Github/CompanyIntranet/install.sh,file,coding,CompanyIntranet,main,Bash,true,Wakatime,Windows,Tiaan-Lenovo,codex-wakapi-history-import/1.0,2025-08-21 02:08:24.000,2026-05-04 03:43:07.957
Lelando1234,C:/Users/tiaan/My Drive/Tiaan/Personal/Documents & Other/Github/CompanyIntranet/install.sh,file,coding,CompanyIntranet,main,Bash,true,Wakatime,Windows,Tiaan-Lenovo,codex-wakapi-history-import/1.0,2025-08-21 02:10:24.000,2026-05-04 03:43:07.957
Lelando1234,C:/Users/tiaan/My Drive/Tiaan/Personal/Documents & Other/Github/CompanyIntranet/install.sh,file,coding,CompanyIntranet,main,Bash,true,Wakatime,Windows,Tiaan-Lenovo,codex-wakapi-history-import/1.0,2025-08-21 12:48:48.000,2026-05-04 03:43:07.957
Lelando1234,C:/Users/tiaan/My Drive/Tiaan/Personal/Documents & Other/Github/CompanyIntranet/install.sh,file,coding,CompanyIntranet,main,Bash,true,Wakatime,Windows,Tiaan-Lenovo,codex-wakapi-history-import/1.0,2025-08-21 12:50:48.000,2026-05-04 03:43:07.957
Lelando1234,C:/Users/tiaan/My Drive/Tiaan/Personal/Documents & Other/Github/CompanyIntranet/install.sh,file,coding,CompanyIntranet,main,Bash,true,Wakatime,Windows,Tiaan-Lenovo,codex-wakapi-history-import/1.0,2025-08-21 12:52:48.000,2026-05-04 03:43:07.957
Lelando1234,C:/Users/tiaan/My Drive/Tiaan/Personal/Documents & Other/Github/CompanyIntranet/install.sh,file,coding,CompanyIntranet,main,Bash,true,Wakatime,Windows,Tiaan-Lenovo,codex-wakapi-history-import/1.0,2025-08-21 12:54:48.000,2026-05-04 03:43:07.957
Lelando1234,C:/Users/tiaan/My Drive/Tiaan/Personal/Documents & Other/Github/CompanyIntranet/install.sh,file,coding,CompanyIntranet,main,Bash,true,Wakatime,Windows,Tiaan-Lenovo,codex-wakapi-history-import/1.0,2025-08-21 12:56:48.000,2026-05-04 03:43:07.957
Lelando1234,C:/Users/tiaan/My Drive/Tiaan/Personal/Documents & Other/Github/CompanyIntranet/install.sh,file,coding,CompanyIntranet,main,Bash,true,Wakatime,Windows,Tiaan-Lenovo,codex-wakapi-history-import/1.0,2025-08-21 12:58:48.000,2026-05-04 03:43:07.957
Lelando1234,C:/Users/tiaan/My Drive/Tiaan/Personal/Documents & Other/Github/CompanyIntranet/install.sh,file,coding,CompanyIntranet,main,Bash,true,Wakatime,Windows,Tiaan-Lenovo,codex-wakapi-history-import/1.0,2025-08-21 13:00:48.000,2026-05-04 03:43:07.957
Lelando1234,C:/Users/tiaan/My Drive/Tiaan/Personal/Documents & Other/Github/CompanyIntranet/install.sh,file,coding,CompanyIntranet,main,Bash,true,Wakatime,Windows,Tiaan-Lenovo,codex-wakapi-history-import/1.0,2025-08-21 13:02:48.000,2026-05-04 03:43:07.957
Lelando1234,C:/Users/tiaan/My Drive/Tiaan/Personal/Documents & Other/Github/CompanyIntranet/install.sh,file,coding,CompanyIntranet,main,Bash,true,Wakatime,Windows,Tiaan-Lenovo,codex-wakapi-history-import/1.0,2025-08-21 13:04:48.000,2026-05-04 03:43:07.957
Lelando1234,C:/Users/tiaan/My Drive/Tiaan/Personal/Documents & Other/Github/CompanyIntranet/install.sh,file,coding,CompanyIntranet,main,Bash,true,Wakatime,Windows,Tiaan-Lenovo,codex-wakapi-history-import/1.0,2025-08-21 13:06:48.000,2026-05-04 03:43:07.957
Lelando1234,C:/Users/tiaan/My Drive/Tiaan/Personal/Documents & Other/Github/CompanyIntranet/install.sh,file,coding,CompanyIntranet,main,Bash,true,Wakatime,Windows,Tiaan-Lenovo,codex-wakapi-history-import/1.0,2025-08-21 13:08:48.000,2026-05-04 03:43:07.957
Lelando1234,C:/Users/tiaan/My Drive/Tiaan/Personal/Documents & Other/Github/CompanyIntranet/install.sh,file,coding,CompanyIntranet,main,Bash,true,Wakatime,Windows,Tiaan-Lenovo,codex-wakapi-history-import/1.0,2025-08-21 13:10:48.000,2026-05-04 03:43:07.957
Lelando1234,C:/Users/tiaan/My Drive/Tiaan/Personal/Documents & Other/Github/CompanyIntranet/install.sh,file,coding,CompanyIntranet,main,Bash,true,Wakatime,Windows,Tiaan-Lenovo,codex-wakapi-history-import/1.0,2025-08-21 13:12:48.000,2026-05-04 03:43:07.957
Lelando1234,C:/Users/tiaan/My Drive/Tiaan/Personal/Documents & Other/Github/CompanyIntranet/src/App.tsx,file,coding,CompanyIntranet,main,TypeScript,true,Wakatime,Windows,Tiaan-Lenovo,codex-wakapi-history-import/1.0,2025-08-21 13:14:48.000,2026-05-04 03:43:07.957
Lelando1234,C:/Users/tiaan/My Drive/Tiaan/Personal/Documents & Other/Github/CompanyIntranet/src/App.tsx,file,coding,CompanyIntranet,main,TypeScript,true,Wakatime,Windows,Tiaan-Lenovo,codex-wakapi-history-import/1.0,2025-08-21 13:16:48.000,2026-05-04 03:43:07.957
Lelando1234,C:/Users/tiaan/My Drive/Tiaan/Personal/Documents & Other/Github/CompanyIntranet/src/App.tsx,file,coding,CompanyIntranet,main,TypeScript,true,Wakatime,Windows,Tiaan-Lenovo,codex-wakapi-history-import/1.0,2025-08-21 13:18:48.000,2026-05-04 03:43:07.957
Lelando1234,C:/Users/tiaan/My Drive/Tiaan/Personal/Documents & Other/Github/CompanyIntranet/src/App.tsx,file,coding,CompanyIntranet,main,TypeScript,true,Wakatime,Windows,Tiaan-Lenovo,codex-wakapi-history-import/1.0,2025-08-21 13:20:48.000,2026-05-04 03:43:07.957
Lelando1234,C:/Users/tiaan/My Drive/Tiaan/Personal/Documents & Other/Github/CompanyIntranet/src/App.tsx,file,coding,CompanyIntranet,main,TypeScript,true,Wakatime,Windows,Tiaan-Lenovo,codex-wakapi-history-import/1.0,2025-08-21 13:22:48.000,2026-05-04 03:43:07.957
Lelando1234,C:/Users/tiaan/My Drive/Tiaan/Personal/Documents & Other/Github/CompanyIntranet/src/App.tsx,file,coding,CompanyIntranet,main,TypeScript,true,Wakatime,Windows,Tiaan-Lenovo,codex-wakapi-history-import/1.0,2025-08-21 13:24:48.000,2026-05-04 03:43:07.957
Lelando1234,C:/Users/tiaan/My Drive/Tiaan/Personal/Documents & Other/Github/CompanyIntranet/src/App.tsx,file,coding,CompanyIntranet,main,TypeScript,true,Wakatime,Windows,Tiaan-Lenovo,codex-wakapi-history-import/1.0,2025-08-21 13:26:48.000,2026-05-04 03:43:07.957
Lelando1234,C:/Users/tiaan/My Drive/Tiaan/Personal/Documents & Other/Github/CompanyIntranet/src/App.tsx,file,coding,CompanyIntranet,main,TypeScript,true,Wakatime,Windows,Tiaan-Lenovo,codex-wakapi-history-import/1.0,2025-08-21 13:28:48.000,2026-05-04 03:43:07.957
Lelando1234,C:/Users/tiaan/My Drive/Tiaan/Personal/Documents & Other/Github/CompanyIntranet/src/App.tsx,file,coding,CompanyIntranet,main,TypeScript,true,Wakatime,Windows,Tiaan-Lenovo,codex-wakapi-history-import/1.0,2025-08-21 13:30:48.000,2026-05-04 03:43:07.957
Lelando1234,C:/Users/tiaan/My Drive/Tiaan/Personal/Documents & Other/Github/CompanyIntranet/src/App.tsx,file,coding,CompanyIntranet,main,TypeScript,true,Wakatime,Windows,Tiaan-Lenovo,codex-wakapi-history-import/1.0,2025-08-21 13:32:48.000,2026-05-04 03:43:07.957
Lelando1234,C:/Users/tiaan/My Drive/Tiaan/Personal/Documents & Other/Github/CompanyIntranet/src/App.tsx,file,coding,CompanyIntranet,main,TypeScript,true,Wakatime,Windows,Tiaan-Lenovo,codex-wakapi-history-import/1.0,2025-08-21 13:34:48.000,2026-05-04 03:43:07.957
Lelando1234,C:/Users/tiaan/My Drive/Tiaan/Personal/Documents & Other/Github/CompanyIntranet/src/App.tsx,file,coding,CompanyIntranet,main,TypeScript,true,Wakatime,Windows,Tiaan-Lenovo,codex-wakapi-history-import/1.0,2025-08-21 13:36:48.000,2026-05-04 03:43:07.957
Lelando1234,C:/Users/tiaan/My Drive/Tiaan/Personal/Documents & Other/Github/CompanyIntranet/src/components/home.tsx,file,coding,CompanyIntranet,main,TypeScript,true,Wakatime,Windows,Tiaan-Lenovo,codex-wakapi-history-import/1.0,2025-08-21 13:38:48.000,2026-05-04 03:43:07.957
Lelando1234,C:/Users/tiaan/My Drive/Tiaan/Personal/Documents & Other/Github/CompanyIntranet/src/components/home.tsx,file,coding,CompanyIntranet,main,TypeScript,true,Wakatime,Windows,Tiaan-Lenovo,codex-wakapi-history-import/1.0,2025-08-21 13:40:48.000,2026-05-04 03:43:07.957
Lelando1234,C:/Users/tiaan/My Drive/Tiaan/Personal/Documents & Other/Github/CompanyIntranet/src/components/home.tsx,file,coding,CompanyIntranet,main,TypeScript,true,Wakatime,Windows,Tiaan-Lenovo,codex-wakapi-history-import/1.0,2025-08-21 13:42:48.000,2026-05-04 03:43:07.957
Lelando1234,C:/Users/tiaan/My Drive/Tiaan/Personal/Documents & Other/Github/CompanyIntranet/src/components/home.tsx,file,coding,CompanyIntranet,main,TypeScript,true,Wakatime,Windows,Tiaan-Lenovo,codex-wakapi-history-import/1.0,2025-08-21 13:44:48.000,2026-05-04 03:43:07.957
Lelando1234,C:/Users/tiaan/My Drive/Tiaan/Personal/Documents & Other/Github/CompanyIntranet/src/components/home.tsx,file,coding,CompanyIntranet,main,TypeScript,true,Wakatime,Windows,Tiaan-Lenovo,codex-wakapi-history-import/1.0,2025-08-22 01:34:30.000,2026-05-04 03:43:07.957
Lelando1234,C:/Users/tiaan/My Drive/Tiaan/Personal/Documents & Other/Github/CompanyIntranet/src/components/home.tsx,file,coding,CompanyIntranet,main,TypeScript,true,Wakatime,Windows,Tiaan-Lenovo,codex-wakapi-history-import/1.0,2025-08-22 01:36:30.000,2026-05-04 03:43:07.957
Lelando1234,C:/Users/tiaan/My Drive/Tiaan/Personal/Documents & Other/Github/CompanyIntranet/src/components/home.tsx,file,coding,CompanyIntranet,main,TypeScript,true,Wakatime,Windows,Tiaan-Lenovo,codex-wakapi-history-import/1.0,2025-08-22 01:38:30.000,2026-05-04 03:43:07.957
Lelando1234,C:/Users/tiaan/My Drive/Tiaan/Personal/Documents & Other/Github/CompanyIntranet/src/components/home.tsx,file,coding,CompanyIntranet,main,TypeScript,true,Wakatime,Windows,Tiaan-Lenovo,codex-wakapi-history-import/1.0,2025-08-22 01:40:30.000,2026-05-04 03:43:07.957
Lelando1234,C:/Users/tiaan/My Drive/Tiaan/Personal/Documents & Other/Github/CompanyIntranet/src/components/home.tsx,file,coding,CompanyIntranet,main,TypeScript,true,Wakatime,Windows,Tiaan-Lenovo,codex-wakapi-history-import/1.0,2025-08-22 01:42:30.000,2026-05-04 03:43:07.957
Lelando1234,C:/Users/tiaan/My Drive/Tiaan/Personal/Documents & Other/Github/CompanyIntranet/src/components/home.tsx,file,coding,CompanyIntranet,main,TypeScript,true,Wakatime,Windows,Tiaan-Lenovo,codex-wakapi-history-import/1.0,2025-08-22 01:44:30.000,2026-05-04 03:43:07.957
Lelando1234,C:/Users/tiaan/My Drive/Tiaan/Personal/Documents & Other/Github/CompanyIntranet/src/components/home.tsx,file,coding,CompanyIntranet,main,TypeScript,true,Wakatime,Windows,Tiaan-Lenovo,codex-wakapi-history-import/1.0,2025-08-22 01:46:30.000,2026-05-04 03:43:07.957
Lelando1234,C:/Users/tiaan/My Drive/Tiaan/Personal/Documents & Other/Github/CompanyIntranet/src/components/home.tsx,file,coding,CompanyIntranet,main,TypeScript,true,Wakatime,Windows,Tiaan-Lenovo,codex-wakapi-history-import/1.0,2025-08-22 01:48:30.000,2026-05-04 03:43:07.957
Lelando1234,C:/Users/tiaan/My Drive/Tiaan/Personal/Documents & Other/Github/CompanyIntranet/src/components/home.tsx,file,coding,CompanyIntranet,main,TypeScript,true,Wakatime,Windows,Tiaan-Lenovo,codex-wakapi-history-import/1.0,2025-08-22 01:50:30.000,2026-05-04 03:43:07.957
Lelando1234,C:/Users/tiaan/My Drive/Tiaan/Personal/Documents & Other/Github/CompanyIntranet/src/components/home.tsx,file,coding,CompanyIntranet,main,TypeScript,true,Wakatime,Windows,Tiaan-Lenovo,codex-wakapi-history-import/1.0,2025-08-22 01:52:30.000,2026-05-04 03:43:07.957
Lelando1234,C:/Users/tiaan/My Drive/Tiaan/Personal/Documents & Other/Github/CompanyIntranet/src/components/home.tsx,file,coding,CompanyIntranet,main,TypeScript,true,Wakatime,Windows,Tiaan-Lenovo,codex-wakapi-history-import/1.0,2025-08-22 01:54:30.000,2026-05-04 03:43:07.957
Lelando1234,C:/Users/tiaan/My Drive/Tiaan/Personal/Documents & Other/Github/CompanyIntranet/src/components/home.tsx,file,coding,CompanyIntranet,main,TypeScript,true,Wakatime,Windows,Tiaan-Lenovo,codex-wakapi-history-import/1.0,2025-08-22 01:56:30.000,2026-05-04 03:43:07.957
Lelando1234,C:/Users/tiaan/My Drive/Tiaan/Personal/Documents & Other/Github/CompanyIntranet/src/components/home.tsx,file,coding,CompanyIntranet,main,TypeScript,true,Wakatime,Windows,Tiaan-Lenovo,codex-wakapi-history-import/1.0,2025-08-22 01:58:30.000,2026-05-04 03:43:07.957
Lelando1234,C:/Users/tiaan/My Drive/Tiaan/Personal/Documents & Other/Github/CompanyIntranet/backend/src/index.js,file,coding,CompanyIntranet,main,JavaScript,true,Wakatime,Windows,Tiaan-Lenovo,codex-wakapi-history-import/1.0,2025-08-22 02:00:30.000,2026-05-04 03:43:07.957
Lelando1234,C:/Users/tiaan/My Drive/Tiaan/Personal/Documents & Other/Github/CompanyIntranet/backend/src/index.js,file,coding,CompanyIntranet,main,JavaScript,true,Wakatime,Windows,Tiaan-Lenovo,codex-wakapi-history-import/1.0,2025-08-22 02:02:30.000,2026-05-04 03:43:07.957
Lelando1234,C:/Users/tiaan/My Drive/Tiaan/Personal/Documents & Other/Github/CompanyIntranet/backend/src/index.js,file,coding,CompanyIntranet,main,JavaScript,true,Wakatime,Windows,Tiaan-Lenovo,codex-wakapi-history-import/1.0,2025-08-22 02:04:30.000,2026-05-04 03:43:07.957
Lelando1234,C:/Users/tiaan/My Drive/Tiaan/Personal/Documents & Other/Github/CompanyIntranet/backend/src/index.js,file,coding,CompanyIntranet,main,JavaScript,true,Wakatime,Windows,Tiaan-Lenovo,codex-wakapi-history-import/1.0,2025-08-22 02:06:30.000,2026-05-04 03:43:07.957
Lelando1234,C:/Users/tiaan/My Drive/Tiaan/Personal/Documents & Other/Github/CompanyIntranet/backend/src/index.js,file,coding,CompanyIntranet,main,JavaScript,true,Wakatime,Windows,Tiaan-Lenovo,codex-wakapi-history-import/1.0,2025-08-22 02:08:30.000,2026-05-04 03:43:07.957
Lelando1234,C:/Users/tiaan/My Drive/Tiaan/Personal/Documents & Other/Github/CompanyIntranet/backend/src/index.js,file,coding,CompanyIntranet,main,JavaScript,true,Wakatime,Windows,Tiaan-Lenovo,codex-wakapi-history-import/1.0,2025-08-22 02:10:30.000,2026-05-04 03:43:07.957
Lelando1234,C:/Users/tiaan/My Drive/Tiaan/Personal/Documents & Other/Github/CompanyIntranet/backend/src/index.js,file,coding,CompanyIntranet,main,JavaScript,true,Wakatime,Windows,Tiaan-Lenovo,codex-wakapi-history-import/1.0,2025-08-22 02:12:30.000,2026-05-04 03:43:07.957
Lelando1234,C:/Users/tiaan/My Drive/Tiaan/Personal/Documents & Other/Github/CompanyIntranet/backend/src/index.js,file,coding,CompanyIntranet,main,JavaScript,true,Wakatime,Windows,Tiaan-Lenovo,codex-wakapi-history-import/1.0,2025-08-22 02:14:30.000,2026-05-04 03:43:07.957
Lelando1234,C:/Users/tiaan/My Drive/Tiaan/Personal/Documents & Other/Github/CompanyIntranet/backend/src/index.js,file,coding,CompanyIntranet,main,JavaScript,true,Wakatime,Windows,Tiaan-Lenovo,codex-wakapi-history-import/1.0,2025-08-22 02:16:30.000,2026-05-04 03:43:07.957
Lelando1234,C:/Users/tiaan/My Drive/Tiaan/Personal/Documents & Other/Github/CompanyIntranet/backend/src/index.js,file,coding,CompanyIntranet,main,JavaScript,true,Wakatime,Windows,Tiaan-Lenovo,codex-wakapi-history-import/1.0,2025-08-22 02:18:30.000,2026-05-04 03:43:07.957
Lelando1234,C:/Users/tiaan/My Drive/Tiaan/Personal/Documents & Other/Github/CompanyIntranet/backend/src/index.js,file,coding,CompanyIntranet,main,JavaScript,true,Wakatime,Windows,Tiaan-Lenovo,codex-wakapi-history-import/1.0,2025-08-22 02:20:30.000,2026-05-04 03:43:07.957
Lelando1234,C:/Users/tiaan/My Drive/Tiaan/Personal/Documents & Other/Github/CompanyIntranet/backend/src/index.js,file,coding,CompanyIntranet,main,JavaScript,true,Wakatime,Windows,Tiaan-Lenovo,codex-wakapi-history-import/1.0,2025-08-22 02:22:30.000,2026-05-04 03:43:07.957
Lelando1234,C:/Users/tiaan/My Drive/Tiaan/Personal/Documents & Other/Github/CompanyIntranet/backend/src/routes/articles.js,file,coding,CompanyIntranet,main,JavaScript,true,Wakatime,Windows,Tiaan-Lenovo,codex-wakapi-history-import/1.0,2025-08-22 02:24:30.000,2026-05-04 03:43:07.957
Lelando1234,C:/Users/tiaan/My Drive/Tiaan/Personal/Documents & Other/Github/CompanyIntranet/backend/src/routes/articles.js,file,coding,CompanyIntranet,main,JavaScript,true,Wakatime,Windows,Tiaan-Lenovo,codex-wakapi-history-import/1.0,2025-08-22 02:26:30.000,2026-05-04 03:43:07.957
Lelando1234,C:/Users/tiaan/My Drive/Tiaan/Personal/Documents & Other/Github/CompanyIntranet/src/contexts/AuthContext.tsx,file,coding,CompanyIntranet,main,TypeScript,true,Wakatime,Windows,Tiaan-Lenovo,codex-wakapi-history-import/1.0,2025-08-25 12:41:40.000,2026-05-04 03:43:07.957
Lelando1234,C:/Users/tiaan/My Drive/Tiaan/Personal/Documents & Other/Github/CompanyIntranet/src/contexts/AuthContext.tsx,file,coding,CompanyIntranet,main,TypeScript,true,Wakatime,Windows,Tiaan-Lenovo,codex-wakapi-history-import/1.0,2025-08-25 12:43:40.000,2026-05-04 03:43:07.957
Lelando1234,C:/Users/tiaan/My Drive/Tiaan/Personal/Documents & Other/Github/CompanyIntranet/src/contexts/AuthContext.tsx,file,coding,CompanyIntranet,main,TypeScript,true,Wakatime,Windows,Tiaan-Lenovo,codex-wakapi-history-import/1.0,2025-08-25 12:45:40.000,2026-05-04 03:43:07.957
Lelando1234,C:/Users/tiaan/My Drive/Tiaan/Personal/Documents & Other/Github/CompanyIntranet/src/contexts/AuthContext.tsx,file,coding,CompanyIntranet,main,TypeScript,true,Wakatime,Windows,Tiaan-Lenovo,codex-wakapi-history-import/1.0,2025-08-25 12:47:40.000,2026-05-04 03:43:07.957
Lelando1234,C:/Users/tiaan/My Drive/Tiaan/Personal/Documents & Other/Github/CompanyIntranet/src/contexts/AuthContext.tsx,file,coding,CompanyIntranet,main,TypeScript,true,Wakatime,Windows,Tiaan-Lenovo,codex-wakapi-history-import/1.0,2025-08-25 12:49:40.000,2026-05-04 03:43:07.957
Lelando1234,C:/Users/tiaan/My Drive/Tiaan/Personal/Documents & Other/Github/CompanyIntranet/src/contexts/AuthContext.tsx,file,coding,CompanyIntranet,main,TypeScript,true,Wakatime,Windows,Tiaan-Lenovo,codex-wakapi-history-import/1.0,2025-08-25 12:51:40.000,2026-05-04 03:43:07.957
Lelando1234,C:/Users/tiaan/My Drive/Tiaan/Personal/Documents & Other/Github/CompanyIntranet/src/contexts/AuthContext.tsx,file,coding,CompanyIntranet,main,TypeScript,true,Wakatime,Windows,Tiaan-Lenovo,codex-wakapi-history-import/1.0,2025-08-25 12:53:40.000,2026-05-04 03:43:07.957
Lelando1234,C:/Users/tiaan/My Drive/Tiaan/Personal/Documents & Other/Github/CompanyIntranet/src/contexts/AuthContext.tsx,file,coding,CompanyIntranet,main,TypeScript,true,Wakatime,Windows,Tiaan-Lenovo,codex-wakapi-history-import/1.0,2025-08-25 12:55:40.000,2026-05-04 03:43:07.957
Lelando1234,C:/Users/tiaan/My Drive/Tiaan/Personal/Documents & Other/Github/CompanyIntranet/src/contexts/AuthContext.tsx,file,coding,CompanyIntranet,main,TypeScript,true,Wakatime,Windows,Tiaan-Lenovo,codex-wakapi-history-import/1.0,2025-08-25 12:57:40.000,2026-05-04 03:43:07.957
Lelando1234,C:/Users/tiaan/My Drive/Tiaan/Personal/Documents & Other/Github/CompanyIntranet/src/contexts/AuthContext.tsx,file,coding,CompanyIntranet,main,TypeScript,true,Wakatime,Windows,Tiaan-Lenovo,codex-wakapi-history-import/1.0,2025-08-25 12:59:40.000,2026-05-04 03:43:07.957
Lelando1234,C:/Users/tiaan/My Drive/Tiaan/Personal/Documents & Other/Github/CompanyIntranet/src/contexts/AuthContext.tsx,file,coding,CompanyIntranet,main,TypeScript,true,Wakatime,Windows,Tiaan-Lenovo,codex-wakapi-history-import/1.0,2025-08-25 13:01:40.000,2026-05-04 03:43:07.957
Lelando1234,C:/Users/tiaan/My Drive/Tiaan/Personal/Documents & Other/Github/CompanyIntranet/src/contexts/AuthContext.tsx,file,coding,CompanyIntranet,main,TypeScript,true,Wakatime,Windows,Tiaan-Lenovo,codex-wakapi-history-import/1.0,2025-08-25 13:03:40.000,2026-05-04 03:43:07.957
Lelando1234,C:/Users/tiaan/My Drive/Tiaan/Personal/Documents & Other/Github/CompanyIntranet/src/contexts/AuthContext.tsx,file,coding,CompanyIntranet,main,TypeScript,true,Wakatime,Windows,Tiaan-Lenovo,codex-wakapi-history-import/1.0,2025-08-25 13:05:40.000,2026-05-04 03:43:07.957
Lelando1234,C:/Users/tiaan/My Drive/Tiaan/Personal/Documents & Other/Github/CompanyIntranet/src/components/ThemeCustomizer.tsx,file,coding,CompanyIntranet,main,TypeScript,true,Wakatime,Windows,Tiaan-Lenovo,codex-wakapi-history-import/1.0,2025-08-25 13:07:40.000,2026-05-04 03:43:07.957
Lelando1234,C:/Users/tiaan/My Drive/Tiaan/Personal/Documents & Other/Github/CompanyIntranet/src/components/ThemeCustomizer.tsx,file,coding,CompanyIntranet,main,TypeScript,true,Wakatime,Windows,Tiaan-Lenovo,codex-wakapi-history-import/1.0,2025-08-25 13:09:40.000,2026-05-04 03:43:07.957
Lelando1234,C:/Users/tiaan/My Drive/Tiaan/Personal/Documents & Other/Github/CompanyIntranet/src/components/ThemeCustomizer.tsx,file,coding,CompanyIntranet,main,TypeScript,true,Wakatime,Windows,Tiaan-Lenovo,codex-wakapi-history-import/1.0,2025-08-25 13:11:40.000,2026-05-04 03:43:07.957
Lelando1234,C:/Users/tiaan/My Drive/Tiaan/Personal/Documents & Other/Github/CompanyIntranet/src/components/ThemeCustomizer.tsx,file,coding,CompanyIntranet,main,TypeScript,true,Wakatime,Windows,Tiaan-Lenovo,codex-wakapi-history-import/1.0,2025-08-25 13:13:40.000,2026-05-04 03:43:07.957
Lelando1234,C:/Users/tiaan/My Drive/Tiaan/Personal/Documents & Other/Github/CompanyIntranet/src/components/ThemeCustomizer.tsx,file,coding,CompanyIntranet,main,TypeScript,true,Wakatime,Windows,Tiaan-Lenovo,codex-wakapi-history-import/1.0,2025-08-25 13:15:40.000,2026-05-04 03:43:07.957
Lelando1234,C:/Users/tiaan/My Drive/Tiaan/Personal/Documents & Other/Github/CompanyIntranet/src/components/ThemeCustomizer.tsx,file,coding,CompanyIntranet,main,TypeScript,true,Wakatime,Windows,Tiaan-Lenovo,codex-wakapi-history-import/1.0,2025-08-25 13:17:40.000,2026-05-04 03:43:07.957
Lelando1234,C:/Users/tiaan/My Drive/Tiaan/Personal/Documents & Other/Github/CompanyIntranet/src/components/ThemeCustomizer.tsx,file,coding,CompanyIntranet,main,TypeScript,true,Wakatime,Windows,Tiaan-Lenovo,codex-wakapi-history-import/1.0,2025-08-25 13:19:40.000,2026-05-04 03:43:07.957
Lelando1234,C:/Users/tiaan/My Drive/Tiaan/Personal/Documents & Other/Github/CompanyIntranet/src/components/ThemeCustomizer.tsx,file,coding,CompanyIntranet,main,TypeScript,true,Wakatime,Windows,Tiaan-Lenovo,codex-wakapi-history-import/1.0,2025-08-25 13:21:40.000,2026-05-04 03:43:07.957
Lelando1234,C:/Users/tiaan/My Drive/Tiaan/Personal/Documents & Other/Github/CompanyIntranet/src/components/ThemeCustomizer.tsx,file,coding,CompanyIntranet,main,TypeScript,true,Wakatime,Windows,Tiaan-Lenovo,codex-wakapi-history-import/1.0,2025-08-25 13:23:40.000,2026-05-04 03:43:07.957
Lelando1234,C:/Users/tiaan/My Drive/Tiaan/Personal/Documents & Other/Github/CompanyIntranet/src/components/ThemeCustomizer.tsx,file,coding,CompanyIntranet,main,TypeScript,true,Wakatime,Windows,Tiaan-Lenovo,codex-wakapi-history-import/1.0,2025-08-25 13:25:40.000,2026-05-04 03:43:07.957
Lelando1234,C:/Users/tiaan/My Drive/Tiaan/Personal/Documents & Other/Github/CompanyIntranet/src/components/ThemeCustomizer.tsx,file,coding,CompanyIntranet,main,TypeScript,true,Wakatime,Windows,Tiaan-Lenovo,codex-wakapi-history-import/1.0,2025-08-25 13:27:40.000,2026-05-04 03:43:07.957
Lelando1234,C:/Users/tiaan/My Drive/Tiaan/Personal/Documents & Other/Github/CompanyIntranet/src/components/ThemeCustomizer.tsx,file,coding,CompanyIntranet,main,TypeScript,true,Wakatime,Windows,Tiaan-Lenovo,codex-wakapi-history-import/1.0,2025-08-25 13:29:40.000,2026-05-04 03:43:07.957
Lelando1234,C:/Users/tiaan/My Drive/Tiaan/Personal/Documents & Other/Github/CompanyIntranet/backend/src/routes/settings.js,file,coding,CompanyIntranet,main,JavaScript,true,Wakatime,Windows,Tiaan-Lenovo,codex-wakapi-history-import/1.0,2025-08-25 13:31:40.000,2026-05-04 03:43:07.957
Lelando1234,C:/Users/tiaan/My Drive/Tiaan/Personal/Documents & Other/Github/CompanyIntranet/backend/src/routes/settings.js,file,coding,CompanyIntranet,main,JavaScript,true,Wakatime,Windows,Tiaan-Lenovo,codex-wakapi-history-import/1.0,2025-08-25 13:33:40.000,2026-05-04 03:43:07.957
Lelando1234,C:/Users/tiaan/My Drive/Tiaan/Personal/Documents & Other/Github/CompanyIntranet/backend/src/routes/settings.js,file,coding,CompanyIntranet,main,JavaScript,true,Wakatime,Windows,Tiaan-Lenovo,codex-wakapi-history-import/1.0,2025-08-25 13:35:40.000,2026-05-04 03:43:07.957
Lelando1234,C:/Users/tiaan/My Drive/Tiaan/Personal/Documents & Other/Github/CompanyIntranet/backend/src/routes/settings.js,file,coding,CompanyIntranet,main,JavaScript,true,Wakatime,Windows,Tiaan-Lenovo,codex-wakapi-history-import/1.0,2025-08-25 13:37:40.000,2026-05-04 03:43:07.957
Lelando1234,C:/Users/tiaan/My Drive/Tiaan/Personal/Documents & Other/Github/CompanyIntranet/backend/src/routes/settings.js,file,coding,CompanyIntranet,main,JavaScript,true,Wakatime,Windows,Tiaan-Lenovo,codex-wakapi-history-import/1.0,2025-08-25 13:39:40.000,2026-05-04 03:43:07.957
Lelando1234,C:/Users/tiaan/My Drive/Tiaan/Personal/Documents & Other/Github/CompanyIntranet/backend/src/index.js,file,coding,CompanyIntranet,main,JavaScript,true,Wakatime,Windows,Tiaan-Lenovo,codex-wakapi-history-import/1.0,2025-08-29 13:01:12.000,2026-05-04 03:43:07.957
Lelando1234,C:/Users/tiaan/My Drive/Tiaan/Personal/Documents & Other/Github/CompanyIntranet/backend/src/index.js,file,coding,CompanyIntranet,main,JavaScript,true,Wakatime,Windows,Tiaan-Lenovo,codex-wakapi-history-import/1.0,2025-08-29 13:03:12.000,2026-05-04 03:43:07.957
Lelando1234,C:/Users/tiaan/My Drive/Tiaan/Personal/Documents & Other/Github/CompanyIntranet/backend/src/index.js,file,coding,CompanyIntranet,main,JavaScript,true,Wakatime,Windows,Tiaan-Lenovo,codex-wakapi-history-import/1.0,2025-08-29 13:05:12.000,2026-05-04 03:43:07.957
Lelando1234,C:/Users/tiaan/My Drive/Tiaan/Personal/Documents & Other/Github/CompanyIntranet/backend/src/index.js,file,coding,CompanyIntranet,main,JavaScript,true,Wakatime,Windows,Tiaan-Lenovo,codex-wakapi-history-import/1.0,2025-08-29 13:07:12.000,2026-05-04 03:43:07.957
Lelando1234,C:/Users/tiaan/My Drive/Tiaan/Personal/Documents & Other/Github/CompanyIntranet/backend/src/index.js,file,coding,CompanyIntranet,main,JavaScript,true,Wakatime,Windows,Tiaan-Lenovo,codex-wakapi-history-import/1.0,2025-08-29 13:09:12.000,2026-05-04 03:43:07.957
Lelando1234,C:/Users/tiaan/My Drive/Tiaan/Personal/Documents & Other/Github/CompanyIntranet/backend/src/index.js,file,coding,CompanyIntranet,main,JavaScript,true,Wakatime,Windows,Tiaan-Lenovo,codex-wakapi-history-import/1.0,2025-08-29 13:11:12.000,2026-05-04 03:43:07.957
Lelando1234,C:/Users/tiaan/My Drive/Tiaan/Personal/Documents & Other/Github/CompanyIntranet/backend/src/index.js,file,coding,CompanyIntranet,main,JavaScript,true,Wakatime,Windows,Tiaan-Lenovo,codex-wakapi-history-import/1.0,2025-08-29 13:13:12.000,2026-05-04 03:43:07.957
Lelando1234,C:/Users/tiaan/My Drive/Tiaan/Personal/Documents & Other/Github/CompanyIntranet/backend/src/index.js,file,coding,CompanyIntranet,main,JavaScript,true,Wakatime,Windows,Tiaan-Lenovo,codex-wakapi-history-import/1.0,2025-08-29 13:15:12.000,2026-05-04 03:43:07.957
Lelando1234,C:/Users/tiaan/My Drive/Tiaan/Personal/Documents & Other/Github/CompanyIntranet/backend/src/index.js,file,coding,CompanyIntranet,main,JavaScript,true,Wakatime,Windows,Tiaan-Lenovo,codex-wakapi-history-import/1.0,2025-08-29 13:17:12.000,2026-05-04 03:43:07.957
Lelando1234,C:/Users/tiaan/My Drive/Tiaan/Personal/Documents & Other/Github/CompanyIntranet/backend/src/index.js,file,coding,CompanyIntranet,main,JavaScript,true,Wakatime,Windows,Tiaan-Lenovo,codex-wakapi-history-import/1.0,2025-08-29 13:19:12.000,2026-05-04 03:43:07.957
Lelando1234,C:/Users/tiaan/My Drive/Tiaan/Personal/Documents & Other/Github/CompanyIntranet/backend/src/index.js,file,coding,CompanyIntranet,main,JavaScript,true,Wakatime,Windows,Tiaan-Lenovo,codex-wakapi-history-import/1.0,2025-08-29 13:21:12.000,2026-05-04 03:43:07.957
Lelando1234,C:/Users/tiaan/My Drive/Tiaan/Personal/Documents & Other/Github/CompanyIntranet/backend/src/index.js,file,coding,CompanyIntranet,main,JavaScript,true,Wakatime,Windows,Tiaan-Lenovo,codex-wakapi-history-import/1.0,2025-08-29 13:23:12.000,2026-05-04 03:43:07.957
Lelando1234,C:/Users/tiaan/My Drive/Tiaan/Personal/Documents & Other/Github/CompanyIntranet/backend/src/index.js,file,coding,CompanyIntranet,main,JavaScript,true,Wakatime,Windows,Tiaan-Lenovo,codex-wakapi-history-import/1.0,2025-08-29 13:25:12.000,2026-05-04 03:43:07.957
Lelando1234,C:/Users/tiaan/My Drive/Tiaan/Personal/Documents & Other/Github/CompanyIntranet/backend/src/routes/articles.js,file,coding,CompanyIntranet,main,JavaScript,true,Wakatime,Windows,Tiaan-Lenovo,codex-wakapi-history-import/1.0,2025-08-29 13:27:12.000,2026-05-04 03:43:07.957
Lelando1234,C:/Users/tiaan/My Drive/Tiaan/Personal/Documents & Other/Github/CompanyIntranet/backend/src/routes/articles.js,file,coding,CompanyIntranet,main,JavaScript,true,Wakatime,Windows,Tiaan-Lenovo,codex-wakapi-history-import/1.0,2025-08-29 13:29:12.000,2026-05-04 03:43:07.957
Lelando1234,C:/Users/tiaan/My Drive/Tiaan/Personal/Documents & Other/Github/CompanyIntranet/backend/src/routes/articles.js,file,coding,CompanyIntranet,main,JavaScript,true,Wakatime,Windows,Tiaan-Lenovo,codex-wakapi-history-import/1.0,2025-08-29 13:31:12.000,2026-05-04 03:43:07.957
Lelando1234,C:/Users/tiaan/My Drive/Tiaan/Personal/Documents & Other/Github/CompanyIntranet/backend/src/routes/articles.js,file,coding,CompanyIntranet,main,JavaScript,true,Wakatime,Windows,Tiaan-Lenovo,codex-wakapi-history-import/1.0,2025-08-29 13:33:12.000,2026-05-04 03:43:07.957
Lelando1234,C:/Users/tiaan/My Drive/Tiaan/Personal/Documents & Other/Github/CompanyIntranet/backend/src/routes/articles.js,file,coding,CompanyIntranet,main,JavaScript,true,Wakatime,Windows,Tiaan-Lenovo,codex-wakapi-history-import/1.0,2025-08-29 13:35:12.000,2026-05-04 03:43:07.957
Lelando1234,C:/Users/tiaan/My Drive/Tiaan/Personal/Documents & Other/Github/CompanyIntranet/backend/src/routes/articles.js,file,coding,CompanyIntranet,main,JavaScript,true,Wakatime,Windows,Tiaan-Lenovo,codex-wakapi-history-import/1.0,2025-08-29 13:37:12.000,2026-05-04 03:43:07.957
Lelando1234,C:/Users/tiaan/My Drive/Tiaan/Personal/Documents & Other/Github/CompanyIntranet/backend/src/routes/articles.js,file,coding,CompanyIntranet,main,JavaScript,true,Wakatime,Windows,Tiaan-Lenovo,codex-wakapi-history-import/1.0,2025-08-29 13:39:12.000,2026-05-04 03:43:07.957
Lelando1234,C:/Users/tiaan/My Drive/Tiaan/Personal/Documents & Other/Github/CompanyIntranet/backend/src/routes/articles.js,file,coding,CompanyIntranet,main,JavaScript,true,Wakatime,Windows,Tiaan-Lenovo,codex-wakapi-history-import/1.0,2025-08-29 13:41:12.000,2026-05-04 03:43:07.957
Lelando1234,C:/Users/tiaan/My Drive/Tiaan/Personal/Documents & Other/Github/CompanyIntranet/src/components/ThemeCustomizer.tsx,file,coding,CompanyIntranet,main,TypeScript,true,Wakatime,Windows,Tiaan-Lenovo,codex-wakapi-history-import/1.0,2025-09-01 01:17:30.000,2026-05-04 03:43:07.957
Lelando1234,C:/Users/tiaan/My Drive/Tiaan/Personal/Documents & Other/Github/CompanyIntranet/src/components/ThemeCustomizer.tsx,file,coding,CompanyIntranet,main,TypeScript,true,Wakatime,Windows,Tiaan-Lenovo,codex-wakapi-history-import/1.0,2025-09-01 01:19:30.000,2026-05-04 03:43:07.957
Lelando1234,C:/Users/tiaan/My Drive/Tiaan/Personal/Documents & Other/Github/CompanyIntranet/src/components/ThemeCustomizer.tsx,file,coding,CompanyIntranet,main,TypeScript,true,Wakatime,Windows,Tiaan-Lenovo,codex-wakapi-history-import/1.0,2025-09-01 01:21:30.000,2026-05-04 03:43:07.957
Lelando1234,C:/Users/tiaan/My Drive/Tiaan/Personal/Documents & Other/Github/CompanyIntranet/src/components/ThemeCustomizer.tsx,file,coding,CompanyIntranet,main,TypeScript,true,Wakatime,Windows,Tiaan-Lenovo,codex-wakapi-history-import/1.0,2025-09-01 01:23:30.000,2026-05-04 03:43:07.957
Lelando1234,C:/Users/tiaan/My Drive/Tiaan/Personal/Documents & Other/Github/CompanyIntranet/src/components/ThemeCustomizer.tsx,file,coding,CompanyIntranet,main,TypeScript,true,Wakatime,Windows,Tiaan-Lenovo,codex-wakapi-history-import/1.0,2025-09-01 01:25:30.000,2026-05-04 03:43:07.957
Lelando1234,C:/Users/tiaan/My Drive/Tiaan/Personal/Documents & Other/Github/CompanyIntranet/src/components/ThemeCustomizer.tsx,file,coding,CompanyIntranet,main,TypeScript,true,Wakatime,Windows,Tiaan-Lenovo,codex-wakapi-history-import/1.0,2025-09-01 01:27:30.000,2026-05-04 03:43:07.957
Lelando1234,C:/Users/tiaan/My Drive/Tiaan/Personal/Documents & Other/Github/CompanyIntranet/src/components/ThemeCustomizer.tsx,file,coding,CompanyIntranet,main,TypeScript,true,Wakatime,Windows,Tiaan-Lenovo,codex-wakapi-history-import/1.0,2025-09-01 01:29:30.000,2026-05-04 03:43:07.957
Lelando1234,C:/Users/tiaan/My Drive/Tiaan/Personal/Documents & Other/Github/CompanyIntranet/src/components/ThemeCustomizer.tsx,file,coding,CompanyIntranet,main,TypeScript,true,Wakatime,Windows,Tiaan-Lenovo,codex-wakapi-history-import/1.0,2025-09-01 01:31:30.000,2026-05-04 03:43:07.957
Lelando1234,C:/Users/tiaan/My Drive/Tiaan/Personal/Documents & Other/Github/CompanyIntranet/src/components/ThemeCustomizer.tsx,file,coding,CompanyIntranet,main,TypeScript,true,Wakatime,Windows,Tiaan-Lenovo,codex-wakapi-history-import/1.0,2025-09-01 01:33:30.000,2026-05-04 03:43:07.957
Lelando1234,C:/Users/tiaan/My Drive/Tiaan/Personal/Documents & Other/Github/CompanyIntranet/src/components/ThemeCustomizer.tsx,file,coding,CompanyIntranet,main,TypeScript,true,Wakatime,Windows,Tiaan-Lenovo,codex-wakapi-history-import/1.0,2025-09-01 01:35:30.000,2026-05-04 03:43:07.957
Lelando1234,C:/Users/tiaan/My Drive/Tiaan/Personal/Documents & Other/Github/CompanyIntranet/src/components/ThemeCustomizer.tsx,file,coding,CompanyIntranet,main,TypeScript,true,Wakatime,Windows,Tiaan-Lenovo,codex-wakapi-history-import/1.0,2025-09-01 01:37:30.000,2026-05-04 03:43:07.957
Lelando1234,C:/Users/tiaan/My Drive/Tiaan/Personal/Documents & Other/Github/CompanyIntranet/src/components/ThemeCustomizer.tsx,file,coding,CompanyIntranet,main,TypeScript,true,Wakatime,Windows,Tiaan-Lenovo,codex-wakapi-history-import/1.0,2025-09-01 01:39:30.000,2026-05-04 03:43:07.957
Lelando1234,C:/Users/tiaan/My Drive/Tiaan/Personal/Documents & Other/Github/CompanyIntranet/src/components/ThemeCustomizer.tsx,file,coding,CompanyIntranet,main,TypeScript,true,Wakatime,Windows,Tiaan-Lenovo,codex-wakapi-history-import/1.0,2025-09-01 01:41:30.000,2026-05-04 03:43:07.957
Lelando1234,C:/Users/tiaan/My Drive/Tiaan/Personal/Documents & Other/Github/CompanyIntranet/backend/src/routes/settings.js,file,coding,CompanyIntranet,main,JavaScript,true,Wakatime,Windows,Tiaan-Lenovo,codex-wakapi-history-import/1.0,2025-09-01 01:43:30.000,2026-05-04 03:43:07.957
Lelando1234,C:/Users/tiaan/My Drive/Tiaan/Personal/Documents & Other/Github/CompanyIntranet/backend/src/routes/settings.js,file,coding,CompanyIntranet,main,JavaScript,true,Wakatime,Windows,Tiaan-Lenovo,codex-wakapi-history-import/1.0,2025-09-01 01:45:30.000,2026-05-04 03:43:07.957
Lelando1234,C:/Users/tiaan/My Drive/Tiaan/Personal/Documents & Other/Github/CompanyIntranet/backend/src/routes/settings.js,file,coding,CompanyIntranet,main,JavaScript,true,Wakatime,Windows,Tiaan-Lenovo,codex-wakapi-history-import/1.0,2025-09-01 01:47:30.000,2026-05-04 03:43:07.957
Lelando1234,C:/Users/tiaan/My Drive/Tiaan/Personal/Documents & Other/Github/CompanyIntranet/backend/src/routes/settings.js,file,coding,CompanyIntranet,main,JavaScript,true,Wakatime,Windows,Tiaan-Lenovo,codex-wakapi-history-import/1.0,2025-09-01 01:49:30.000,2026-05-04 03:43:07.957
Lelando1234,C:/Users/tiaan/My Drive/Tiaan/Personal/Documents & Other/Github/CompanyIntranet/backend/src/routes/settings.js,file,coding,CompanyIntranet,main,JavaScript,true,Wakatime,Windows,Tiaan-Lenovo,codex-wakapi-history-import/1.0,2025-09-01 01:51:30.000,2026-05-04 03:43:07.957
Lelando1234,C:/Users/tiaan/My Drive/Tiaan/Personal/Documents & Other/Github/CompanyIntranet/backend/src/routes/settings.js,file,coding,CompanyIntranet,main,JavaScript,true,Wakatime,Windows,Tiaan-Lenovo,codex-wakapi-history-import/1.0,2025-09-01 01:53:30.000,2026-05-04 03:43:07.957
Lelando1234,C:/Users/tiaan/My Drive/Tiaan/Personal/Documents & Other/Github/CompanyIntranet/backend/src/routes/settings.js,file,coding,CompanyIntranet,main,JavaScript,true,Wakatime,Windows,Tiaan-Lenovo,codex-wakapi-history-import/1.0,2025-09-01 01:55:30.000,2026-05-04 03:43:07.957
Lelando1234,C:/Users/tiaan/My Drive/Tiaan/Personal/Documents & Other/Github/CompanyIntranet/backend/src/routes/settings.js,file,coding,CompanyIntranet,main,JavaScript,true,Wakatime,Windows,Tiaan-Lenovo,codex-wakapi-history-import/1.0,2025-09-01 01:57:30.000,2026-05-04 03:43:07.957
Lelando1234,C:/Users/tiaan/My Drive/Tiaan/Personal/Documents & Other/Github/CompanyIntranet/package.json,file,coding,CompanyIntranet,main,JSON,true,Wakatime,Windows,Tiaan-Lenovo,codex-wakapi-history-import/1.0,2025-09-04 01:32:12.000,2026-05-04 03:43:07.957
Lelando1234,C:/Users/tiaan/My Drive/Tiaan/Personal/Documents & Other/Github/CompanyIntranet/package.json,file,coding,CompanyIntranet,main,JSON,true,Wakatime,Windows,Tiaan-Lenovo,codex-wakapi-history-import/1.0,2025-09-04 01:34:12.000,2026-05-04 03:43:07.957
Lelando1234,C:/Users/tiaan/My Drive/Tiaan/Personal/Documents & Other/Github/CompanyIntranet/package.json,file,coding,CompanyIntranet,main,JSON,true,Wakatime,Windows,Tiaan-Lenovo,codex-wakapi-history-import/1.0,2025-09-04 01:36:12.000,2026-05-04 03:43:07.957
Lelando1234,C:/Users/tiaan/My Drive/Tiaan/Personal/Documents & Other/Github/CompanyIntranet/package.json,file,coding,CompanyIntranet,main,JSON,true,Wakatime,Windows,Tiaan-Lenovo,codex-wakapi-history-import/1.0,2025-09-04 01:38:12.000,2026-05-04 03:43:07.957
Lelando1234,C:/Users/tiaan/My Drive/Tiaan/Personal/Documents & Other/Github/CompanyIntranet/package.json,file,coding,CompanyIntranet,main,JSON,true,Wakatime,Windows,Tiaan-Lenovo,codex-wakapi-history-import/1.0,2025-09-04 01:40:12.000,2026-05-04 03:43:07.957
Lelando1234,C:/Users/tiaan/My Drive/Tiaan/Personal/Documents & Other/Github/CompanyIntranet/package.json,file,coding,CompanyIntranet,main,JSON,true,Wakatime,Windows,Tiaan-Lenovo,codex-wakapi-history-import/1.0,2025-09-04 01:42:12.000,2026-05-04 03:43:07.957
Lelando1234,C:/Users/tiaan/My Drive/Tiaan/Personal/Documents & Other/Github/CompanyIntranet/package.json,file,coding,CompanyIntranet,main,JSON,true,Wakatime,Windows,Tiaan-Lenovo,codex-wakapi-history-import/1.0,2025-09-04 01:44:12.000,2026-05-04 03:43:07.957
Lelando1234,C:/Users/tiaan/My Drive/Tiaan/Personal/Documents & Other/Github/CompanyIntranet/package.json,file,coding,CompanyIntranet,main,JSON,true,Wakatime,Windows,Tiaan-Lenovo,codex-wakapi-history-import/1.0,2025-09-04 01:46:12.000,2026-05-04 03:43:07.957
Lelando1234,C:/Users/tiaan/My Drive/Tiaan/Personal/Documents & Other/Github/CompanyIntranet/package.json,file,coding,CompanyIntranet,main,JSON,true,Wakatime,Windows,Tiaan-Lenovo,codex-wakapi-history-import/1.0,2025-09-04 01:48:12.000,2026-05-04 03:43:07.957
Lelando1234,C:/Users/tiaan/My Drive/Tiaan/Personal/Documents & Other/Github/CompanyIntranet/package.json,file,coding,CompanyIntranet,main,JSON,true,Wakatime,Windows,Tiaan-Lenovo,codex-wakapi-history-import/1.0,2025-09-04 01:50:12.000,2026-05-04 03:43:07.957
Lelando1234,C:/Users/tiaan/My Drive/Tiaan/Personal/Documents & Other/Github/CompanyIntranet/package.json,file,coding,CompanyIntranet,main,JSON,true,Wakatime,Windows,Tiaan-Lenovo,codex-wakapi-history-import/1.0,2025-09-04 01:52:12.000,2026-05-04 03:43:07.957
Lelando1234,C:/Users/tiaan/My Drive/Tiaan/Personal/Documents & Other/Github/CompanyIntranet/package.json,file,coding,CompanyIntranet,main,JSON,true,Wakatime,Windows,Tiaan-Lenovo,codex-wakapi-history-import/1.0,2025-09-04 01:54:12.000,2026-05-04 03:43:07.957
Lelando1234,C:/Users/tiaan/My Drive/Tiaan/Personal/Documents & Other/Github/CompanyIntranet/package.json,file,coding,CompanyIntranet,main,JSON,true,Wakatime,Windows,Tiaan-Lenovo,codex-wakapi-history-import/1.0,2025-09-04 01:56:12.000,2026-05-04 03:43:07.957
Lelando1234,C:/Users/tiaan/My Drive/Tiaan/Personal/Documents & Other/Github/CompanyIntranet/backend/src/database/migrate.js,file,coding,CompanyIntranet,main,JavaScript,true,Wakatime,Windows,Tiaan-Lenovo,codex-wakapi-history-import/1.0,2025-09-04 01:58:12.000,2026-05-04 03:43:07.957
Lelando1234,C:/Users/tiaan/My Drive/Tiaan/Personal/Documents & Other/Github/CompanyIntranet/backend/src/database/migrate.js,file,coding,CompanyIntranet,main,JavaScript,true,Wakatime,Windows,Tiaan-Lenovo,codex-wakapi-history-import/1.0,2025-09-04 02:00:12.000,2026-05-04 03:43:07.957
Lelando1234,C:/Users/tiaan/My Drive/Tiaan/Personal/Documents & Other/Github/CompanyIntranet/backend/src/database/migrate.js,file,coding,CompanyIntranet,main,JavaScript,true,Wakatime,Windows,Tiaan-Lenovo,codex-wakapi-history-import/1.0,2025-09-04 02:02:12.000,2026-05-04 03:43:07.957
Lelando1234,C:/Users/tiaan/My Drive/Tiaan/Personal/Documents & Other/Github/CompanyIntranet/backend/src/database/migrate.js,file,coding,CompanyIntranet,main,JavaScript,true,Wakatime,Windows,Tiaan-Lenovo,codex-wakapi-history-import/1.0,2025-09-04 12:07:24.000,2026-05-04 03:43:07.957
Lelando1234,C:/Users/tiaan/My Drive/Tiaan/Personal/Documents & Other/Github/CompanyIntranet/backend/src/database/migrate.js,file,coding,CompanyIntranet,main,JavaScript,true,Wakatime,Windows,Tiaan-Lenovo,codex-wakapi-history-import/1.0,2025-09-04 12:09:24.000,2026-05-04 03:43:07.957
Lelando1234,C:/Users/tiaan/My Drive/Tiaan/Personal/Documents & Other/Github/CompanyIntranet/backend/src/database/migrate.js,file,coding,CompanyIntranet,main,JavaScript,true,Wakatime,Windows,Tiaan-Lenovo,codex-wakapi-history-import/1.0,2025-09-04 12:11:24.000,2026-05-04 03:43:07.957
Lelando1234,C:/Users/tiaan/My Drive/Tiaan/Personal/Documents & Other/Github/CompanyIntranet/backend/src/database/migrate.js,file,coding,CompanyIntranet,main,JavaScript,true,Wakatime,Windows,Tiaan-Lenovo,codex-wakapi-history-import/1.0,2025-09-04 12:13:24.000,2026-05-04 03:43:07.957
Lelando1234,C:/Users/tiaan/My Drive/Tiaan/Personal/Documents & Other/Github/CompanyIntranet/backend/src/database/migrate.js,file,coding,CompanyIntranet,main,JavaScript,true,Wakatime,Windows,Tiaan-Lenovo,codex-wakapi-history-import/1.0,2025-09-04 12:15:24.000,2026-05-04 03:43:07.957
Lelando1234,C:/Users/tiaan/My Drive/Tiaan/Personal/Documents & Other/Github/CompanyIntranet/backend/src/database/migrate.js,file,coding,CompanyIntranet,main,JavaScript,true,Wakatime,Windows,Tiaan-Lenovo,codex-wakapi-history-import/1.0,2025-09-04 12:17:24.000,2026-05-04 03:43:07.957
Lelando1234,C:/Users/tiaan/My Drive/Tiaan/Personal/Documents & Other/Github/CompanyIntranet/backend/src/database/migrate.js,file,coding,CompanyIntranet,main,JavaScript,true,Wakatime,Windows,Tiaan-Lenovo,codex-wakapi-history-import/1.0,2025-09-04 12:19:24.000,2026-05-04 03:43:07.957
Lelando1234,C:/Users/tiaan/My Drive/Tiaan/Personal/Documents & Other/Github/CompanyIntranet/backend/src/database/migrate.js,file,coding,CompanyIntranet,main,JavaScript,true,Wakatime,Windows,Tiaan-Lenovo,codex-wakapi-history-import/1.0,2025-09-04 12:21:24.000,2026-05-04 03:43:07.957
Lelando1234,C:/Users/tiaan/My Drive/Tiaan/Personal/Documents & Other/Github/CompanyIntranet/backend/src/database/migrate.js,file,coding,CompanyIntranet,main,JavaScript,true,Wakatime,Windows,Tiaan-Lenovo,codex-wakapi-history-import/1.0,2025-09-04 12:23:24.000,2026-05-04 03:43:07.957
Lelando1234,C:/Users/tiaan/My Drive/Tiaan/Personal/Documents & Other/Github/CompanyIntranet/backend/src/database/migrate.js,file,coding,CompanyIntranet,main,JavaScript,true,Wakatime,Windows,Tiaan-Lenovo,codex-wakapi-history-import/1.0,2025-09-04 12:25:24.000,2026-05-04 03:43:07.957
Lelando1234,C:/Users/tiaan/My Drive/Tiaan/Personal/Documents & Other/Github/CompanyIntranet/backend/src/database/migrate.js,file,coding,CompanyIntranet,main,JavaScript,true,Wakatime,Windows,Tiaan-Lenovo,codex-wakapi-history-import/1.0,2025-09-04 12:27:24.000,2026-05-04 03:43:07.957
Lelando1234,C:/Users/tiaan/My Drive/Tiaan/Personal/Documents & Other/Github/CompanyIntranet/backend/src/database/migrate.js,file,coding,CompanyIntranet,main,JavaScript,true,Wakatime,Windows,Tiaan-Lenovo,codex-wakapi-history-import/1.0,2025-09-04 12:29:24.000,2026-05-04 03:43:07.957
Lelando1234,C:/Users/tiaan/My Drive/Tiaan/Personal/Documents & Other/Github/CompanyIntranet/backend/src/database/migrate.js,file,coding,CompanyIntranet,main,JavaScript,true,Wakatime,Windows,Tiaan-Lenovo,codex-wakapi-history-import/1.0,2025-09-04 12:31:24.000,2026-05-04 03:43:07.957
Lelando1234,C:/Users/tiaan/My Drive/Tiaan/Personal/Documents & Other/Github/CompanyIntranet/backend/src/database/schema.sql,file,coding,CompanyIntranet,main,SQL,true,Wakatime,Windows,Tiaan-Lenovo,codex-wakapi-history-import/1.0,2025-09-04 12:33:24.000,2026-05-04 03:43:07.957
Lelando1234,C:/Users/tiaan/My Drive/Tiaan/Personal/Documents & Other/Github/CompanyIntranet/backend/src/database/schema.sql,file,coding,CompanyIntranet,main,SQL,true,Wakatime,Windows,Tiaan-Lenovo,codex-wakapi-history-import/1.0,2025-09-04 12:35:24.000,2026-05-04 03:43:07.957
Lelando1234,C:/Users/tiaan/My Drive/Tiaan/Personal/Documents & Other/Github/CompanyIntranet/backend/src/database/schema.sql,file,coding,CompanyIntranet,main,SQL,true,Wakatime,Windows,Tiaan-Lenovo,codex-wakapi-history-import/1.0,2025-09-04 12:37:24.000,2026-05-04 03:43:07.957
Lelando1234,C:/Users/tiaan/My Drive/Tiaan/Personal/Documents & Other/Github/CompanyIntranet/backend/src/database/schema.sql,file,coding,CompanyIntranet,main,SQL,true,Wakatime,Windows,Tiaan-Lenovo,codex-wakapi-history-import/1.0,2025-09-04 12:39:24.000,2026-05-04 03:43:07.957
Lelando1234,C:/Users/tiaan/My Drive/Tiaan/Personal/Documents & Other/Github/CompanyIntranet/backend/src/database/schema.sql,file,coding,CompanyIntranet,main,SQL,true,Wakatime,Windows,Tiaan-Lenovo,codex-wakapi-history-import/1.0,2025-09-04 12:41:24.000,2026-05-04 03:43:07.957
Lelando1234,C:/Users/tiaan/My Drive/Tiaan/Personal/Documents & Other/Github/CompanyIntranet/backend/src/database/schema.sql,file,coding,CompanyIntranet,main,SQL,true,Wakatime,Windows,Tiaan-Lenovo,codex-wakapi-history-import/1.0,2025-09-04 12:43:24.000,2026-05-04 03:43:07.957
Lelando1234,C:/Users/tiaan/My Drive/Tiaan/Personal/Documents & Other/Github/CompanyIntranet/backend/src/database/schema.sql,file,coding,CompanyIntranet,main,SQL,true,Wakatime,Windows,Tiaan-Lenovo,codex-wakapi-history-import/1.0,2025-09-04 12:45:24.000,2026-05-04 03:43:07.957
Lelando1234,C:/Users/tiaan/My Drive/Tiaan/Personal/Documents & Other/Github/CompanyIntranet/src/pages/AdminPanel.tsx,file,coding,CompanyIntranet,main,TypeScript,true,Wakatime,Windows,Tiaan-Lenovo,codex-wakapi-history-import/1.0,2025-09-08 12:44:16.000,2026-05-04 03:43:07.957
Lelando1234,C:/Users/tiaan/My Drive/Tiaan/Personal/Documents & Other/Github/CompanyIntranet/src/pages/AdminPanel.tsx,file,coding,CompanyIntranet,main,TypeScript,true,Wakatime,Windows,Tiaan-Lenovo,codex-wakapi-history-import/1.0,2025-09-08 12:46:16.000,2026-05-04 03:43:07.957
Lelando1234,C:/Users/tiaan/My Drive/Tiaan/Personal/Documents & Other/Github/CompanyIntranet/src/pages/AdminPanel.tsx,file,coding,CompanyIntranet,main,TypeScript,true,Wakatime,Windows,Tiaan-Lenovo,codex-wakapi-history-import/1.0,2025-09-08 12:48:16.000,2026-05-04 03:43:07.957
Lelando1234,C:/Users/tiaan/My Drive/Tiaan/Personal/Documents & Other/Github/CompanyIntranet/src/pages/AdminPanel.tsx,file,coding,CompanyIntranet,main,TypeScript,true,Wakatime,Windows,Tiaan-Lenovo,codex-wakapi-history-import/1.0,2025-09-08 12:50:16.000,2026-05-04 03:43:07.957
Lelando1234,C:/Users/tiaan/My Drive/Tiaan/Personal/Documents & Other/Github/CompanyIntranet/src/pages/AdminPanel.tsx,file,coding,CompanyIntranet,main,TypeScript,true,Wakatime,Windows,Tiaan-Lenovo,codex-wakapi-history-import/1.0,2025-09-08 12:52:16.000,2026-05-04 03:43:07.957
Lelando1234,C:/Users/tiaan/My Drive/Tiaan/Personal/Documents & Other/Github/CompanyIntranet/src/pages/AdminPanel.tsx,file,coding,CompanyIntranet,main,TypeScript,true,Wakatime,Windows,Tiaan-Lenovo,codex-wakapi-history-import/1.0,2025-09-08 12:54:16.000,2026-05-04 03:43:07.957
Lelando1234,C:/Users/tiaan/My Drive/Tiaan/Personal/Documents & Other/Github/CompanyIntranet/src/pages/AdminPanel.tsx,file,coding,CompanyIntranet,main,TypeScript,true,Wakatime,Windows,Tiaan-Lenovo,codex-wakapi-history-import/1.0,2025-09-08 12:56:16.000,2026-05-04 03:43:07.957
Lelando1234,C:/Users/tiaan/My Drive/Tiaan/Personal/Documents & Other/Github/CompanyIntranet/src/pages/AdminPanel.tsx,file,coding,CompanyIntranet,main,TypeScript,true,Wakatime,Windows,Tiaan-Lenovo,codex-wakapi-history-import/1.0,2025-09-08 12:58:16.000,2026-05-04 03:43:07.957
Lelando1234,C:/Users/tiaan/My Drive/Tiaan/Personal/Documents & Other/Github/CompanyIntranet/src/pages/AdminPanel.tsx,file,coding,CompanyIntranet,main,TypeScript,true,Wakatime,Windows,Tiaan-Lenovo,codex-wakapi-history-import/1.0,2025-09-08 13:00:16.000,2026-05-04 03:43:07.957
Lelando1234,C:/Users/tiaan/My Drive/Tiaan/Personal/Documents & Other/Github/CompanyIntranet/src/pages/AdminPanel.tsx,file,coding,CompanyIntranet,main,TypeScript,true,Wakatime,Windows,Tiaan-Lenovo,codex-wakapi-history-import/1.0,2025-09-08 13:02:16.000,2026-05-04 03:43:07.957
Lelando1234,C:/Users/tiaan/My Drive/Tiaan/Personal/Documents & Other/Github/CompanyIntranet/src/pages/AdminPanel.tsx,file,coding,CompanyIntranet,main,TypeScript,true,Wakatime,Windows,Tiaan-Lenovo,codex-wakapi-history-import/1.0,2025-09-08 13:04:16.000,2026-05-04 03:43:07.957
Lelando1234,C:/Users/tiaan/My Drive/Tiaan/Personal/Documents & Other/Github/CompanyIntranet/src/pages/AdminPanel.tsx,file,coding,CompanyIntranet,main,TypeScript,true,Wakatime,Windows,Tiaan-Lenovo,codex-wakapi-history-import/1.0,2025-09-08 13:06:16.000,2026-05-04 03:43:07.957
Lelando1234,C:/Users/tiaan/My Drive/Tiaan/Personal/Documents & Other/Github/CompanyIntranet/src/pages/AdminPanel.tsx,file,coding,CompanyIntranet,main,TypeScript,true,Wakatime,Windows,Tiaan-Lenovo,codex-wakapi-history-import/1.0,2025-09-08 13:08:16.000,2026-05-04 03:43:07.957
Lelando1234,C:/Users/tiaan/My Drive/Tiaan/Personal/Documents & Other/Github/CompanyIntranet/src/lib/api.ts,file,coding,CompanyIntranet,main,TypeScript,true,Wakatime,Windows,Tiaan-Lenovo,codex-wakapi-history-import/1.0,2025-09-08 13:10:16.000,2026-05-04 03:43:07.957
Lelando1234,C:/Users/tiaan/My Drive/Tiaan/Personal/Documents & Other/Github/CompanyIntranet/src/lib/api.ts,file,coding,CompanyIntranet,main,TypeScript,true,Wakatime,Windows,Tiaan-Lenovo,codex-wakapi-history-import/1.0,2025-09-08 13:12:16.000,2026-05-04 03:43:07.957
Lelando1234,C:/Users/tiaan/My Drive/Tiaan/Personal/Documents & Other/Github/CompanyIntranet/src/lib/api.ts,file,coding,CompanyIntranet,main,TypeScript,true,Wakatime,Windows,Tiaan-Lenovo,codex-wakapi-history-import/1.0,2025-09-08 13:14:16.000,2026-05-04 03:43:07.957
Lelando1234,C:/Users/tiaan/My Drive/Tiaan/Personal/Documents & Other/Github/CompanyIntranet/src/lib/api.ts,file,coding,CompanyIntranet,main,TypeScript,true,Wakatime,Windows,Tiaan-Lenovo,codex-wakapi-history-import/1.0,2025-09-08 13:16:16.000,2026-05-04 03:43:07.957
Lelando1234,C:/Users/tiaan/My Drive/Tiaan/Personal/Documents & Other/Github/CompanyIntranet/src/lib/api.ts,file,coding,CompanyIntranet,main,TypeScript,true,Wakatime,Windows,Tiaan-Lenovo,codex-wakapi-history-import/1.0,2025-09-08 13:18:16.000,2026-05-04 03:43:07.957
Lelando1234,C:/Users/tiaan/My Drive/Tiaan/Personal/Documents & Other/Github/CompanyIntranet/src/lib/api.ts,file,coding,CompanyIntranet,main,TypeScript,true,Wakatime,Windows,Tiaan-Lenovo,codex-wakapi-history-import/1.0,2025-09-08 13:20:16.000,2026-05-04 03:43:07.957
Lelando1234,C:/Users/tiaan/My Drive/Tiaan/Personal/Documents & Other/Github/CompanyIntranet/src/lib/api.ts,file,coding,CompanyIntranet,main,TypeScript,true,Wakatime,Windows,Tiaan-Lenovo,codex-wakapi-history-import/1.0,2025-09-08 13:22:16.000,2026-05-04 03:43:07.957
Lelando1234,C:/Users/tiaan/My Drive/Tiaan/Personal/Documents & Other/Github/CompanyIntranet/src/lib/api.ts,file,coding,CompanyIntranet,main,TypeScript,true,Wakatime,Windows,Tiaan-Lenovo,codex-wakapi-history-import/1.0,2025-09-08 13:24:16.000,2026-05-04 03:43:07.957
Lelando1234,C:/Users/tiaan/My Drive/Tiaan/Personal/Documents & Other/Github/CompanyIntranet/src/lib/api.ts,file,coding,CompanyIntranet,main,TypeScript,true,Wakatime,Windows,Tiaan-Lenovo,codex-wakapi-history-import/1.0,2025-09-13 12:00:00.000,2026-05-04 03:43:07.957
Lelando1234,C:/Users/tiaan/My Drive/Tiaan/Personal/Documents & Other/Github/CompanyIntranet/src/lib/api.ts,file,coding,CompanyIntranet,main,TypeScript,true,Wakatime,Windows,Tiaan-Lenovo,codex-wakapi-history-import/1.0,2025-09-13 12:02:00.000,2026-05-04 03:43:07.957
Lelando1234,C:/Users/tiaan/My Drive/Tiaan/Personal/Documents & Other/Github/CompanyIntranet/src/lib/api.ts,file,coding,CompanyIntranet,main,TypeScript,true,Wakatime,Windows,Tiaan-Lenovo,codex-wakapi-history-import/1.0,2025-09-13 12:04:00.000,2026-05-04 03:43:07.957
Lelando1234,C:/Users/tiaan/My Drive/Tiaan/Personal/Documents & Other/Github/CompanyIntranet/src/lib/api.ts,file,coding,CompanyIntranet,main,TypeScript,true,Wakatime,Windows,Tiaan-Lenovo,codex-wakapi-history-import/1.0,2025-09-13 12:06:00.000,2026-05-04 03:43:07.957
Lelando1234,C:/Users/tiaan/My Drive/Tiaan/Personal/Documents & Other/Github/CompanyIntranet/src/lib/api.ts,file,coding,CompanyIntranet,main,TypeScript,true,Wakatime,Windows,Tiaan-Lenovo,codex-wakapi-history-import/1.0,2025-09-13 12:08:00.000,2026-05-04 03:43:07.957
Lelando1234,C:/Users/tiaan/My Drive/Tiaan/Personal/Documents & Other/Github/CompanyIntranet/src/lib/api.ts,file,coding,CompanyIntranet,main,TypeScript,true,Wakatime,Windows,Tiaan-Lenovo,codex-wakapi-history-import/1.0,2025-09-13 12:10:00.000,2026-05-04 03:43:07.957
Lelando1234,C:/Users/tiaan/My Drive/Tiaan/Personal/Documents & Other/Github/CompanyIntranet/src/lib/api.ts,file,coding,CompanyIntranet,main,TypeScript,true,Wakatime,Windows,Tiaan-Lenovo,codex-wakapi-history-import/1.0,2025-09-13 12:12:00.000,2026-05-04 03:43:07.957
Lelando1234,C:/Users/tiaan/My Drive/Tiaan/Personal/Documents & Other/Github/CompanyIntranet/src/lib/api.ts,file,coding,CompanyIntranet,main,TypeScript,true,Wakatime,Windows,Tiaan-Lenovo,codex-wakapi-history-import/1.0,2025-09-13 12:14:00.000,2026-05-04 03:43:07.957
Lelando1234,C:/Users/tiaan/My Drive/Tiaan/Personal/Documents & Other/Github/CompanyIntranet/src/lib/api.ts,file,coding,CompanyIntranet,main,TypeScript,true,Wakatime,Windows,Tiaan-Lenovo,codex-wakapi-history-import/1.0,2025-09-13 12:16:00.000,2026-05-04 03:43:07.957
Lelando1234,C:/Users/tiaan/My Drive/Tiaan/Personal/Documents & Other/Github/CompanyIntranet/src/lib/api.ts,file,coding,CompanyIntranet,main,TypeScript,true,Wakatime,Windows,Tiaan-Lenovo,codex-wakapi-history-import/1.0,2025-09-13 12:18:00.000,2026-05-04 03:43:07.957
Lelando1234,C:/Users/tiaan/My Drive/Tiaan/Personal/Documents & Other/Github/CompanyIntranet/src/lib/api.ts,file,coding,CompanyIntranet,main,TypeScript,true,Wakatime,Windows,Tiaan-Lenovo,codex-wakapi-history-import/1.0,2025-09-13 12:20:00.000,2026-05-04 03:43:07.957
Lelando1234,C:/Users/tiaan/My Drive/Tiaan/Personal/Documents & Other/Github/CompanyIntranet/src/lib/api.ts,file,coding,CompanyIntranet,main,TypeScript,true,Wakatime,Windows,Tiaan-Lenovo,codex-wakapi-history-import/1.0,2025-09-13 12:22:00.000,2026-05-04 03:43:07.957
Lelando1234,C:/Users/tiaan/My Drive/Tiaan/Personal/Documents & Other/Github/CompanyIntranet/src/lib/api.ts,file,coding,CompanyIntranet,main,TypeScript,true,Wakatime,Windows,Tiaan-Lenovo,codex-wakapi-history-import/1.0,2025-09-13 12:24:00.000,2026-05-04 03:43:07.957
Lelando1234,C:/Users/tiaan/My Drive/Tiaan/Personal/Documents & Other/Github/CompanyIntranet/src/pages/Dashboard.tsx,file,coding,CompanyIntranet,main,TypeScript,true,Wakatime,Windows,Tiaan-Lenovo,codex-wakapi-history-import/1.0,2025-09-13 12:26:00.000,2026-05-04 03:43:07.957
Lelando1234,C:/Users/tiaan/My Drive/Tiaan/Personal/Documents & Other/Github/CompanyIntranet/src/pages/Dashboard.tsx,file,coding,CompanyIntranet,main,TypeScript,true,Wakatime,Windows,Tiaan-Lenovo,codex-wakapi-history-import/1.0,2025-09-13 12:28:00.000,2026-05-04 03:43:07.957
Lelando1234,C:/Users/tiaan/My Drive/Tiaan/Personal/Documents & Other/Github/CompanyIntranet/src/pages/Dashboard.tsx,file,coding,CompanyIntranet,main,TypeScript,true,Wakatime,Windows,Tiaan-Lenovo,codex-wakapi-history-import/1.0,2025-09-13 12:30:00.000,2026-05-04 03:43:07.957
Lelando1234,C:/Users/tiaan/My Drive/Tiaan/Personal/Documents & Other/Github/CompanyIntranet/src/pages/Dashboard.tsx,file,coding,CompanyIntranet,main,TypeScript,true,Wakatime,Windows,Tiaan-Lenovo,codex-wakapi-history-import/1.0,2025-09-13 12:32:00.000,2026-05-04 03:43:07.957
Lelando1234,C:/Users/tiaan/My Drive/Tiaan/Personal/Documents & Other/Github/CompanyIntranet/src/pages/Dashboard.tsx,file,coding,CompanyIntranet,main,TypeScript,true,Wakatime,Windows,Tiaan-Lenovo,codex-wakapi-history-import/1.0,2025-09-13 12:34:00.000,2026-05-04 03:43:07.957
Lelando1234,C:/Users/tiaan/My Drive/Tiaan/Personal/Documents & Other/Github/CompanyIntranet/src/pages/Dashboard.tsx,file,coding,CompanyIntranet,main,TypeScript,true,Wakatime,Windows,Tiaan-Lenovo,codex-wakapi-history-import/1.0,2025-09-13 12:36:00.000,2026-05-04 03:43:07.957
Lelando1234,C:/Users/tiaan/My Drive/Tiaan/Personal/Documents & Other/Github/CompanyIntranet/src/pages/Dashboard.tsx,file,coding,CompanyIntranet,main,TypeScript,true,Wakatime,Windows,Tiaan-Lenovo,codex-wakapi-history-import/1.0,2025-09-13 12:38:00.000,2026-05-04 03:43:07.957
Lelando1234,C:/Users/tiaan/My Drive/Tiaan/Personal/Documents & Other/Github/CompanyIntranet/src/pages/Dashboard.tsx,file,coding,CompanyIntranet,main,TypeScript,true,Wakatime,Windows,Tiaan-Lenovo,codex-wakapi-history-import/1.0,2025-09-13 12:40:00.000,2026-05-04 03:43:07.957
Lelando1234,C:/Users/tiaan/My Drive/Tiaan/Personal/Documents & Other/Github/CompanyIntranet/src/pages/Dashboard.tsx,file,coding,CompanyIntranet,main,TypeScript,true,Wakatime,Windows,Tiaan-Lenovo,codex-wakapi-history-import/1.0,2025-09-13 12:42:00.000,2026-05-04 03:43:07.957
Lelando1234,C:/Users/tiaan/My Drive/Tiaan/Personal/Documents & Other/Github/CompanyIntranet/src/pages/Dashboard.tsx,file,coding,CompanyIntranet,main,TypeScript,true,Wakatime,Windows,Tiaan-Lenovo,codex-wakapi-history-import/1.0,2025-09-13 12:44:00.000,2026-05-04 03:43:07.957
Lelando1234,C:/Users/tiaan/My Drive/Tiaan/Personal/Documents & Other/Github/CompanyIntranet/src/pages/Dashboard.tsx,file,coding,CompanyIntranet,main,TypeScript,true,Wakatime,Windows,Tiaan-Lenovo,codex-wakapi-history-import/1.0,2025-09-13 12:46:00.000,2026-05-04 03:43:07.957
Lelando1234,C:/Users/tiaan/My Drive/Tiaan/Personal/Documents & Other/Github/CompanyIntranet/src/pages/Dashboard.tsx,file,coding,CompanyIntranet,main,TypeScript,true,Wakatime,Windows,Tiaan-Lenovo,codex-wakapi-history-import/1.0,2025-09-13 12:48:00.000,2026-05-04 03:43:07.957
Lelando1234,C:/Users/tiaan/My Drive/Tiaan/Personal/Documents & Other/Github/CompanyIntranet/src/components/NewsFeed.tsx,file,coding,CompanyIntranet,main,TypeScript,true,Wakatime,Windows,Tiaan-Lenovo,codex-wakapi-history-import/1.0,2025-09-13 12:50:00.000,2026-05-04 03:43:07.957
Lelando1234,C:/Users/tiaan/My Drive/Tiaan/Personal/Documents & Other/Github/CompanyIntranet/src/components/NewsFeed.tsx,file,coding,CompanyIntranet,main,TypeScript,true,Wakatime,Windows,Tiaan-Lenovo,codex-wakapi-history-import/1.0,2025-09-13 12:52:00.000,2026-05-04 03:43:07.957
Lelando1234,C:/Users/tiaan/My Drive/Tiaan/Personal/Documents & Other/Github/CompanyIntranet/src/components/NewsFeed.tsx,file,coding,CompanyIntranet,main,TypeScript,true,Wakatime,Windows,Tiaan-Lenovo,codex-wakapi-history-import/1.0,2025-09-13 12:54:00.000,2026-05-04 03:43:07.957
Lelando1234,C:/Users/tiaan/My Drive/Tiaan/Personal/Documents & Other/Github/CompanyIntranet/backend/src/routes/articles.js,file,coding,CompanyIntranet,main,JavaScript,true,Wakatime,Windows,Tiaan-Lenovo,codex-wakapi-history-import/1.0,2025-09-16 01:42:33.000,2026-05-04 03:43:07.957
Lelando1234,C:/Users/tiaan/My Drive/Tiaan/Personal/Documents & Other/Github/CompanyIntranet/backend/src/routes/articles.js,file,coding,CompanyIntranet,main,JavaScript,true,Wakatime,Windows,Tiaan-Lenovo,codex-wakapi-history-import/1.0,2025-09-16 01:44:33.000,2026-05-04 03:43:07.957
Lelando1234,C:/Users/tiaan/My Drive/Tiaan/Personal/Documents & Other/Github/CompanyIntranet/backend/src/routes/articles.js,file,coding,CompanyIntranet,main,JavaScript,true,Wakatime,Windows,Tiaan-Lenovo,codex-wakapi-history-import/1.0,2025-09-16 01:46:33.000,2026-05-04 03:43:07.957
Lelando1234,C:/Users/tiaan/My Drive/Tiaan/Personal/Documents & Other/Github/CompanyIntranet/backend/src/routes/articles.js,file,coding,CompanyIntranet,main,JavaScript,true,Wakatime,Windows,Tiaan-Lenovo,codex-wakapi-history-import/1.0,2025-09-16 01:48:33.000,2026-05-04 03:43:07.957
Lelando1234,C:/Users/tiaan/My Drive/Tiaan/Personal/Documents & Other/Github/CompanyIntranet/backend/src/routes/articles.js,file,coding,CompanyIntranet,main,JavaScript,true,Wakatime,Windows,Tiaan-Lenovo,codex-wakapi-history-import/1.0,2025-09-16 01:50:33.000,2026-05-04 03:43:07.957
Lelando1234,C:/Users/tiaan/My Drive/Tiaan/Personal/Documents & Other/Github/CompanyIntranet/backend/src/routes/articles.js,file,coding,CompanyIntranet,main,JavaScript,true,Wakatime,Windows,Tiaan-Lenovo,codex-wakapi-history-import/1.0,2025-09-16 01:52:33.000,2026-05-04 03:43:07.957
Lelando1234,C:/Users/tiaan/My Drive/Tiaan/Personal/Documents & Other/Github/CompanyIntranet/backend/src/routes/articles.js,file,coding,CompanyIntranet,main,JavaScript,true,Wakatime,Windows,Tiaan-Lenovo,codex-wakapi-history-import/1.0,2025-09-16 01:54:33.000,2026-05-04 03:43:07.957
Lelando1234,C:/Users/tiaan/My Drive/Tiaan/Personal/Documents & Other/Github/CompanyIntranet/backend/src/routes/articles.js,file,coding,CompanyIntranet,main,JavaScript,true,Wakatime,Windows,Tiaan-Lenovo,codex-wakapi-history-import/1.0,2025-09-16 01:56:33.000,2026-05-04 03:43:07.957
Lelando1234,C:/Users/tiaan/My Drive/Tiaan/Personal/Documents & Other/Github/CompanyIntranet/backend/src/routes/articles.js,file,coding,CompanyIntranet,main,JavaScript,true,Wakatime,Windows,Tiaan-Lenovo,codex-wakapi-history-import/1.0,2025-09-16 01:58:33.000,2026-05-04 03:43:07.957
Lelando1234,C:/Users/tiaan/My Drive/Tiaan/Personal/Documents & Other/Github/CompanyIntranet/backend/src/routes/articles.js,file,coding,CompanyIntranet,main,JavaScript,true,Wakatime,Windows,Tiaan-Lenovo,codex-wakapi-history-import/1.0,2025-09-16 02:00:33.000,2026-05-04 03:43:07.957
Lelando1234,C:/Users/tiaan/My Drive/Tiaan/Personal/Documents & Other/Github/CompanyIntranet/backend/src/routes/articles.js,file,coding,CompanyIntranet,main,JavaScript,true,Wakatime,Windows,Tiaan-Lenovo,codex-wakapi-history-import/1.0,2025-09-16 02:02:33.000,2026-05-04 03:43:07.957
Lelando1234,C:/Users/tiaan/My Drive/Tiaan/Personal/Documents & Other/Github/CompanyIntranet/backend/src/routes/articles.js,file,coding,CompanyIntranet,main,JavaScript,true,Wakatime,Windows,Tiaan-Lenovo,codex-wakapi-history-import/1.0,2025-09-16 02:04:33.000,2026-05-04 03:43:07.957
Lelando1234,C:/Users/tiaan/My Drive/Tiaan/Personal/Documents & Other/Github/CompanyIntranet/backend/src/routes/articles.js,file,coding,CompanyIntranet,main,JavaScript,true,Wakatime,Windows,Tiaan-Lenovo,codex-wakapi-history-import/1.0,2025-09-16 02:06:33.000,2026-05-04 03:43:07.957
Lelando1234,C:/Users/tiaan/My Drive/Tiaan/Personal/Documents & Other/Github/CompanyIntranet/src/components/SideNavigation.tsx,file,coding,CompanyIntranet,main,TypeScript,true,Wakatime,Windows,Tiaan-Lenovo,codex-wakapi-history-import/1.0,2025-09-16 02:08:33.000,2026-05-04 03:43:07.957
Lelando1234,C:/Users/tiaan/My Drive/Tiaan/Personal/Documents & Other/Github/CompanyIntranet/src/components/SideNavigation.tsx,file,coding,CompanyIntranet,main,TypeScript,true,Wakatime,Windows,Tiaan-Lenovo,codex-wakapi-history-import/1.0,2025-09-16 02:10:33.000,2026-05-04 03:43:07.957
Lelando1234,C:/Users/tiaan/My Drive/Tiaan/Personal/Documents & Other/Github/CompanyIntranet/src/components/SideNavigation.tsx,file,coding,CompanyIntranet,main,TypeScript,true,Wakatime,Windows,Tiaan-Lenovo,codex-wakapi-history-import/1.0,2025-09-16 02:12:33.000,2026-05-04 03:43:07.957
Lelando1234,C:/Users/tiaan/My Drive/Tiaan/Personal/Documents & Other/Github/CompanyIntranet/src/components/SideNavigation.tsx,file,coding,CompanyIntranet,main,TypeScript,true,Wakatime,Windows,Tiaan-Lenovo,codex-wakapi-history-import/1.0,2025-09-16 02:14:33.000,2026-05-04 03:43:07.957
Lelando1234,C:/Users/tiaan/My Drive/Tiaan/Personal/Documents & Other/Github/CompanyIntranet/src/components/SideNavigation.tsx,file,coding,CompanyIntranet,main,TypeScript,true,Wakatime,Windows,Tiaan-Lenovo,codex-wakapi-history-import/1.0,2025-09-16 02:16:33.000,2026-05-04 03:43:07.957
Lelando1234,C:/Users/tiaan/My Drive/Tiaan/Personal/Documents & Other/Github/CompanyIntranet/src/components/SideNavigation.tsx,file,coding,CompanyIntranet,main,TypeScript,true,Wakatime,Windows,Tiaan-Lenovo,codex-wakapi-history-import/1.0,2025-09-16 02:18:33.000,2026-05-04 03:43:07.957
Lelando1234,C:/Users/tiaan/My Drive/Tiaan/Personal/Documents & Other/Github/CompanyIntranet/src/components/SideNavigation.tsx,file,coding,CompanyIntranet,main,TypeScript,true,Wakatime,Windows,Tiaan-Lenovo,codex-wakapi-history-import/1.0,2025-09-16 02:20:33.000,2026-05-04 03:43:07.957
Lelando1234,C:/Users/tiaan/My Drive/Tiaan/Personal/Documents & Other/Github/CompanyIntranet/src/components/SideNavigation.tsx,file,coding,CompanyIntranet,main,TypeScript,true,Wakatime,Windows,Tiaan-Lenovo,codex-wakapi-history-import/1.0,2025-09-16 02:22:33.000,2026-05-04 03:43:07.957
Lelando1234,C:/Users/tiaan/My Drive/Tiaan/Personal/Documents & Other/Github/CompanyIntranet/src/components/SideNavigation.tsx,file,coding,CompanyIntranet,main,TypeScript,true,Wakatime,Windows,Tiaan-Lenovo,codex-wakapi-history-import/1.0,2025-09-16 02:24:33.000,2026-05-04 03:43:07.957
Lelando1234,C:/Users/tiaan/My Drive/Tiaan/Personal/Documents & Other/Github/CompanyIntranet/src/components/SideNavigation.tsx,file,coding,CompanyIntranet,main,TypeScript,true,Wakatime,Windows,Tiaan-Lenovo,codex-wakapi-history-import/1.0,2025-09-16 02:26:33.000,2026-05-04 03:43:07.957
Lelando1234,C:/Users/tiaan/My Drive/Tiaan/Personal/Documents & Other/Github/CompanyIntranet/src/components/home.tsx,file,coding,CompanyIntranet,main,TypeScript,true,Wakatime,Windows,Tiaan-Lenovo,codex-wakapi-history-import/1.0,2025-09-17 12:00:28.000,2026-05-04 03:43:07.957
Lelando1234,C:/Users/tiaan/My Drive/Tiaan/Personal/Documents & Other/Github/CompanyIntranet/src/components/home.tsx,file,coding,CompanyIntranet,main,TypeScript,true,Wakatime,Windows,Tiaan-Lenovo,codex-wakapi-history-import/1.0,2025-09-17 12:02:28.000,2026-05-04 03:43:07.957
Lelando1234,C:/Users/tiaan/My Drive/Tiaan/Personal/Documents & Other/Github/CompanyIntranet/src/components/home.tsx,file,coding,CompanyIntranet,main,TypeScript,true,Wakatime,Windows,Tiaan-Lenovo,codex-wakapi-history-import/1.0,2025-09-17 12:04:28.000,2026-05-04 03:43:07.957
Lelando1234,C:/Users/tiaan/My Drive/Tiaan/Personal/Documents & Other/Github/CompanyIntranet/src/components/home.tsx,file,coding,CompanyIntranet,main,TypeScript,true,Wakatime,Windows,Tiaan-Lenovo,codex-wakapi-history-import/1.0,2025-09-17 12:06:28.000,2026-05-04 03:43:07.957
Lelando1234,C:/Users/tiaan/My Drive/Tiaan/Personal/Documents & Other/Github/CompanyIntranet/src/components/home.tsx,file,coding,CompanyIntranet,main,TypeScript,true,Wakatime,Windows,Tiaan-Lenovo,codex-wakapi-history-import/1.0,2025-09-17 12:08:28.000,2026-05-04 03:43:07.957
Lelando1234,C:/Users/tiaan/My Drive/Tiaan/Personal/Documents & Other/Github/CompanyIntranet/src/components/home.tsx,file,coding,CompanyIntranet,main,TypeScript,true,Wakatime,Windows,Tiaan-Lenovo,codex-wakapi-history-import/1.0,2025-09-17 12:10:28.000,2026-05-04 03:43:07.957
Lelando1234,C:/Users/tiaan/My Drive/Tiaan/Personal/Documents & Other/Github/CompanyIntranet/src/components/home.tsx,file,coding,CompanyIntranet,main,TypeScript,true,Wakatime,Windows,Tiaan-Lenovo,codex-wakapi-history-import/1.0,2025-09-17 12:12:28.000,2026-05-04 03:43:07.957
Lelando1234,C:/Users/tiaan/My Drive/Tiaan/Personal/Documents & Other/Github/CompanyIntranet/src/components/home.tsx,file,coding,CompanyIntranet,main,TypeScript,true,Wakatime,Windows,Tiaan-Lenovo,codex-wakapi-history-import/1.0,2025-09-17 12:14:28.000,2026-05-04 03:43:07.957
Lelando1234,C:/Users/tiaan/My Drive/Tiaan/Personal/Documents & Other/Github/CompanyIntranet/src/components/home.tsx,file,coding,CompanyIntranet,main,TypeScript,true,Wakatime,Windows,Tiaan-Lenovo,codex-wakapi-history-import/1.0,2025-09-17 12:16:28.000,2026-05-04 03:43:07.957
Lelando1234,C:/Users/tiaan/My Drive/Tiaan/Personal/Documents & Other/Github/CompanyIntranet/src/components/home.tsx,file,coding,CompanyIntranet,main,TypeScript,true,Wakatime,Windows,Tiaan-Lenovo,codex-wakapi-history-import/1.0,2025-09-17 12:18:28.000,2026-05-04 03:43:07.957
Lelando1234,C:/Users/tiaan/My Drive/Tiaan/Personal/Documents & Other/Github/CompanyIntranet/src/components/home.tsx,file,coding,CompanyIntranet,main,TypeScript,true,Wakatime,Windows,Tiaan-Lenovo,codex-wakapi-history-import/1.0,2025-09-17 12:20:28.000,2026-05-04 03:43:07.957
Lelando1234,C:/Users/tiaan/My Drive/Tiaan/Personal/Documents & Other/Github/CompanyIntranet/src/components/home.tsx,file,coding,CompanyIntranet,main,TypeScript,true,Wakatime,Windows,Tiaan-Lenovo,codex-wakapi-history-import/1.0,2025-09-17 12:22:28.000,2026-05-04 03:43:07.957
Lelando1234,C:/Users/tiaan/My Drive/Tiaan/Personal/Documents & Other/Github/CompanyIntranet/src/components/home.tsx,file,coding,CompanyIntranet,main,TypeScript,true,Wakatime,Windows,Tiaan-Lenovo,codex-wakapi-history-import/1.0,2025-09-17 12:24:28.000,2026-05-04 03:43:07.957
Lelando1234,C:/Users/tiaan/My Drive/Tiaan/Personal/Documents & Other/Github/CompanyIntranet/backend/src/index.js,file,coding,CompanyIntranet,main,JavaScript,true,Wakatime,Windows,Tiaan-Lenovo,codex-wakapi-history-import/1.0,2025-09-17 12:26:28.000,2026-05-04 03:43:07.957
Lelando1234,C:/Users/tiaan/My Drive/Tiaan/Personal/Documents & Other/Github/CompanyIntranet/backend/src/index.js,file,coding,CompanyIntranet,main,JavaScript,true,Wakatime,Windows,Tiaan-Lenovo,codex-wakapi-history-import/1.0,2025-09-17 12:28:28.000,2026-05-04 03:43:07.957
Lelando1234,C:/Users/tiaan/My Drive/Tiaan/Personal/Documents & Other/Github/CompanyIntranet/backend/src/index.js,file,coding,CompanyIntranet,main,JavaScript,true,Wakatime,Windows,Tiaan-Lenovo,codex-wakapi-history-import/1.0,2025-09-17 12:30:28.000,2026-05-04 03:43:07.957
Lelando1234,C:/Users/tiaan/My Drive/Tiaan/Personal/Documents & Other/Github/CompanyIntranet/backend/src/index.js,file,coding,CompanyIntranet,main,JavaScript,true,Wakatime,Windows,Tiaan-Lenovo,codex-wakapi-history-import/1.0,2025-09-17 12:32:28.000,2026-05-04 03:43:07.957
Lelando1234,C:/Users/tiaan/My Drive/Tiaan/Personal/Documents & Other/Github/CompanyIntranet/backend/src/index.js,file,coding,CompanyIntranet,main,JavaScript,true,Wakatime,Windows,Tiaan-Lenovo,codex-wakapi-history-import/1.0,2025-09-17 12:34:28.000,2026-05-04 03:43:07.957
Lelando1234,C:/Users/tiaan/My Drive/Tiaan/Personal/Documents & Other/Github/CompanyIntranet/backend/src/index.js,file,coding,CompanyIntranet,main,JavaScript,true,Wakatime,Windows,Tiaan-Lenovo,codex-wakapi-history-import/1.0,2025-09-17 12:36:28.000,2026-05-04 03:43:07.957
Lelando1234,C:/Users/tiaan/My Drive/Tiaan/Personal/Documents & Other/Github/CompanyIntranet/backend/src/index.js,file,coding,CompanyIntranet,main,JavaScript,true,Wakatime,Windows,Tiaan-Lenovo,codex-wakapi-history-import/1.0,2025-09-17 12:38:28.000,2026-05-04 03:43:07.957
Lelando1234,C:/Users/tiaan/My Drive/Tiaan/Personal/Documents & Other/Github/CompanyIntranet/backend/src/index.js,file,coding,CompanyIntranet,main,JavaScript,true,Wakatime,Windows,Tiaan-Lenovo,codex-wakapi-history-import/1.0,2025-09-17 12:40:28.000,2026-05-04 03:43:07.957
Lelando1234,C:/Users/tiaan/My Drive/Tiaan/Personal/Documents & Other/Github/CompanyIntranet/backend/src/index.js,file,coding,CompanyIntranet,main,JavaScript,true,Wakatime,Windows,Tiaan-Lenovo,codex-wakapi-history-import/1.0,2025-09-17 12:42:28.000,2026-05-04 03:43:07.957
Lelando1234,C:/Users/tiaan/My Drive/Tiaan/Personal/Documents & Other/Github/CompanyIntranet/backend/src/index.js,file,coding,CompanyIntranet,main,JavaScript,true,Wakatime,Windows,Tiaan-Lenovo,codex-wakapi-history-import/1.0,2025-09-17 12:44:28.000,2026-05-04 03:43:07.957
Lelando1234,C:/Users/tiaan/My Drive/Tiaan/Personal/Documents & Other/Github/CompanyIntranet/backend/src/index.js,file,coding,CompanyIntranet,main,JavaScript,true,Wakatime,Windows,Tiaan-Lenovo,codex-wakapi-history-import/1.0,2025-09-17 12:46:28.000,2026-05-04 03:43:07.957
Lelando1234,C:/Users/tiaan/My Drive/Tiaan/Personal/Documents & Other/Github/CompanyIntranet/backend/src/index.js,file,coding,CompanyIntranet,main,JavaScript,true,Wakatime,Windows,Tiaan-Lenovo,codex-wakapi-history-import/1.0,2025-09-17 12:48:28.000,2026-05-04 03:43:07.957
Lelando1234,C:/Users/tiaan/My Drive/Tiaan/Personal/Documents & Other/Github/CompanyIntranet/backend/src/database/schema.sql,file,coding,CompanyIntranet,main,SQL,true,Wakatime,Windows,Tiaan-Lenovo,codex-wakapi-history-import/1.0,2025-09-22 01:19:36.000,2026-05-04 03:43:07.957
Lelando1234,C:/Users/tiaan/My Drive/Tiaan/Personal/Documents & Other/Github/CompanyIntranet/backend/src/database/schema.sql,file,coding,CompanyIntranet,main,SQL,true,Wakatime,Windows,Tiaan-Lenovo,codex-wakapi-history-import/1.0,2025-09-22 01:21:36.000,2026-05-04 03:43:07.957
Lelando1234,C:/Users/tiaan/My Drive/Tiaan/Personal/Documents & Other/Github/CompanyIntranet/backend/src/database/schema.sql,file,coding,CompanyIntranet,main,SQL,true,Wakatime,Windows,Tiaan-Lenovo,codex-wakapi-history-import/1.0,2025-09-22 01:23:36.000,2026-05-04 03:43:07.957
Lelando1234,C:/Users/tiaan/My Drive/Tiaan/Personal/Documents & Other/Github/CompanyIntranet/backend/src/database/schema.sql,file,coding,CompanyIntranet,main,SQL,true,Wakatime,Windows,Tiaan-Lenovo,codex-wakapi-history-import/1.0,2025-09-22 01:25:36.000,2026-05-04 03:43:07.957
Lelando1234,C:/Users/tiaan/My Drive/Tiaan/Personal/Documents & Other/Github/CompanyIntranet/backend/src/database/schema.sql,file,coding,CompanyIntranet,main,SQL,true,Wakatime,Windows,Tiaan-Lenovo,codex-wakapi-history-import/1.0,2025-09-22 01:27:36.000,2026-05-04 03:43:07.957
Lelando1234,C:/Users/tiaan/My Drive/Tiaan/Personal/Documents & Other/Github/CompanyIntranet/backend/src/database/schema.sql,file,coding,CompanyIntranet,main,SQL,true,Wakatime,Windows,Tiaan-Lenovo,codex-wakapi-history-import/1.0,2025-09-22 01:29:36.000,2026-05-04 03:43:07.957
Lelando1234,C:/Users/tiaan/My Drive/Tiaan/Personal/Documents & Other/Github/CompanyIntranet/backend/src/database/schema.sql,file,coding,CompanyIntranet,main,SQL,true,Wakatime,Windows,Tiaan-Lenovo,codex-wakapi-history-import/1.0,2025-09-22 01:31:36.000,2026-05-04 03:43:07.957
Lelando1234,C:/Users/tiaan/My Drive/Tiaan/Personal/Documents & Other/Github/CompanyIntranet/backend/src/database/schema.sql,file,coding,CompanyIntranet,main,SQL,true,Wakatime,Windows,Tiaan-Lenovo,codex-wakapi-history-import/1.0,2025-09-22 01:33:36.000,2026-05-04 03:43:07.957
Lelando1234,C:/Users/tiaan/My Drive/Tiaan/Personal/Documents & Other/Github/CompanyIntranet/backend/src/database/schema.sql,file,coding,CompanyIntranet,main,SQL,true,Wakatime,Windows,Tiaan-Lenovo,codex-wakapi-history-import/1.0,2025-09-22 01:35:36.000,2026-05-04 03:43:07.957
Lelando1234,C:/Users/tiaan/My Drive/Tiaan/Personal/Documents & Other/Github/CompanyIntranet/backend/src/database/schema.sql,file,coding,CompanyIntranet,main,SQL,true,Wakatime,Windows,Tiaan-Lenovo,codex-wakapi-history-import/1.0,2025-09-22 01:37:36.000,2026-05-04 03:43:07.957
Lelando1234,C:/Users/tiaan/My Drive/Tiaan/Personal/Documents & Other/Github/CompanyIntranet/backend/src/database/schema.sql,file,coding,CompanyIntranet,main,SQL,true,Wakatime,Windows,Tiaan-Lenovo,codex-wakapi-history-import/1.0,2025-09-22 01:39:36.000,2026-05-04 03:43:07.957
Lelando1234,C:/Users/tiaan/My Drive/Tiaan/Personal/Documents & Other/Github/CompanyIntranet/backend/src/database/schema.sql,file,coding,CompanyIntranet,main,SQL,true,Wakatime,Windows,Tiaan-Lenovo,codex-wakapi-history-import/1.0,2025-09-22 01:41:36.000,2026-05-04 03:43:07.957
Lelando1234,C:/Users/tiaan/My Drive/Tiaan/Personal/Documents & Other/Github/CompanyIntranet/backend/src/database/schema.sql,file,coding,CompanyIntranet,main,SQL,true,Wakatime,Windows,Tiaan-Lenovo,codex-wakapi-history-import/1.0,2025-09-22 01:43:36.000,2026-05-04 03:43:07.957
Lelando1234,C:/Users/tiaan/My Drive/Tiaan/Personal/Documents & Other/Github/CompanyIntranet/install.sh,file,coding,CompanyIntranet,main,Bash,true,Wakatime,Windows,Tiaan-Lenovo,codex-wakapi-history-import/1.0,2025-09-22 01:45:36.000,2026-05-04 03:43:07.957
Lelando1234,C:/Users/tiaan/My Drive/Tiaan/Personal/Documents & Other/Github/CompanyIntranet/install.sh,file,coding,CompanyIntranet,main,Bash,true,Wakatime,Windows,Tiaan-Lenovo,codex-wakapi-history-import/1.0,2025-09-22 01:47:36.000,2026-05-04 03:43:07.957
Lelando1234,C:/Users/tiaan/My Drive/Tiaan/Personal/Documents & Other/Github/CompanyIntranet/install.sh,file,coding,CompanyIntranet,main,Bash,true,Wakatime,Windows,Tiaan-Lenovo,codex-wakapi-history-import/1.0,2025-09-22 01:49:36.000,2026-05-04 03:43:07.957
Lelando1234,C:/Users/tiaan/My Drive/Tiaan/Personal/Documents & Other/Github/CompanyIntranet/install.sh,file,coding,CompanyIntranet,main,Bash,true,Wakatime,Windows,Tiaan-Lenovo,codex-wakapi-history-import/1.0,2025-09-22 01:51:36.000,2026-05-04 03:43:07.957
Lelando1234,C:/Users/tiaan/My Drive/Tiaan/Personal/Documents & Other/Github/CompanyIntranet/install.sh,file,coding,CompanyIntranet,main,Bash,true,Wakatime,Windows,Tiaan-Lenovo,codex-wakapi-history-import/1.0,2025-09-22 01:53:36.000,2026-05-04 03:43:07.957
Lelando1234,C:/Users/tiaan/My Drive/Tiaan/Personal/Documents & Other/Github/CompanyIntranet/install.sh,file,coding,CompanyIntranet,main,Bash,true,Wakatime,Windows,Tiaan-Lenovo,codex-wakapi-history-import/1.0,2025-09-22 13:41:36.000,2026-05-04 03:43:07.957
Lelando1234,C:/Users/tiaan/My Drive/Tiaan/Personal/Documents & Other/Github/CompanyIntranet/install.sh,file,coding,CompanyIntranet,main,Bash,true,Wakatime,Windows,Tiaan-Lenovo,codex-wakapi-history-import/1.0,2025-09-22 13:43:36.000,2026-05-04 03:43:07.957
Lelando1234,C:/Users/tiaan/My Drive/Tiaan/Personal/Documents & Other/Github/CompanyIntranet/install.sh,file,coding,CompanyIntranet,main,Bash,true,Wakatime,Windows,Tiaan-Lenovo,codex-wakapi-history-import/1.0,2025-09-22 13:45:36.000,2026-05-04 03:43:07.957
Lelando1234,C:/Users/tiaan/My Drive/Tiaan/Personal/Documents & Other/Github/CompanyIntranet/install.sh,file,coding,CompanyIntranet,main,Bash,true,Wakatime,Windows,Tiaan-Lenovo,codex-wakapi-history-import/1.0,2025-09-22 13:47:36.000,2026-05-04 03:43:07.957
Lelando1234,C:/Users/tiaan/My Drive/Tiaan/Personal/Documents & Other/Github/CompanyIntranet/install.sh,file,coding,CompanyIntranet,main,Bash,true,Wakatime,Windows,Tiaan-Lenovo,codex-wakapi-history-import/1.0,2025-09-22 13:49:36.000,2026-05-04 03:43:07.957
Lelando1234,C:/Users/tiaan/My Drive/Tiaan/Personal/Documents & Other/Github/CompanyIntranet/install.sh,file,coding,CompanyIntranet,main,Bash,true,Wakatime,Windows,Tiaan-Lenovo,codex-wakapi-history-import/1.0,2025-09-22 13:51:36.000,2026-05-04 03:43:07.957
Lelando1234,C:/Users/tiaan/My Drive/Tiaan/Personal/Documents & Other/Github/CompanyIntranet/install.sh,file,coding,CompanyIntranet,main,Bash,true,Wakatime,Windows,Tiaan-Lenovo,codex-wakapi-history-import/1.0,2025-09-22 13:53:36.000,2026-05-04 03:43:07.957
Lelando1234,C:/Users/tiaan/My Drive/Tiaan/Personal/Documents & Other/Github/CompanyIntranet/install.sh,file,coding,CompanyIntranet,main,Bash,true,Wakatime,Windows,Tiaan-Lenovo,codex-wakapi-history-import/1.0,2025-09-22 13:55:36.000,2026-05-04 03:43:07.957
Lelando1234,C:/Users/tiaan/My Drive/Tiaan/Personal/Documents & Other/Github/CompanyIntranet/install.sh,file,coding,CompanyIntranet,main,Bash,true,Wakatime,Windows,Tiaan-Lenovo,codex-wakapi-history-import/1.0,2025-09-22 13:57:36.000,2026-05-04 03:43:07.957
Lelando1234,C:/Users/tiaan/My Drive/Tiaan/Personal/Documents & Other/Github/CompanyIntranet/install.sh,file,coding,CompanyIntranet,main,Bash,true,Wakatime,Windows,Tiaan-Lenovo,codex-wakapi-history-import/1.0,2025-09-22 13:59:36.000,2026-05-04 03:43:07.957
Lelando1234,C:/Users/tiaan/My Drive/Tiaan/Personal/Documents & Other/Github/CompanyIntranet/install.sh,file,coding,CompanyIntranet,main,Bash,true,Wakatime,Windows,Tiaan-Lenovo,codex-wakapi-history-import/1.0,2025-09-22 14:01:36.000,2026-05-04 03:43:07.957
Lelando1234,C:/Users/tiaan/My Drive/Tiaan/Personal/Documents & Other/Github/CompanyIntranet/install.sh,file,coding,CompanyIntranet,main,Bash,true,Wakatime,Windows,Tiaan-Lenovo,codex-wakapi-history-import/1.0,2025-09-22 14:03:36.000,2026-05-04 03:43:07.957
Lelando1234,C:/Users/tiaan/My Drive/Tiaan/Personal/Documents & Other/Github/CompanyIntranet/install.sh,file,coding,CompanyIntranet,main,Bash,true,Wakatime,Windows,Tiaan-Lenovo,codex-wakapi-history-import/1.0,2025-09-22 14:05:36.000,2026-05-04 03:43:07.957
Lelando1234,C:/Users/tiaan/My Drive/Tiaan/Personal/Documents & Other/Github/CompanyIntranet/src/App.tsx,file,coding,CompanyIntranet,main,TypeScript,true,Wakatime,Windows,Tiaan-Lenovo,codex-wakapi-history-import/1.0,2025-09-22 14:07:36.000,2026-05-04 03:43:07.957
Lelando1234,C:/Users/tiaan/My Drive/Tiaan/Personal/Documents & Other/Github/CompanyIntranet/src/App.tsx,file,coding,CompanyIntranet,main,TypeScript,true,Wakatime,Windows,Tiaan-Lenovo,codex-wakapi-history-import/1.0,2025-09-22 14:09:36.000,2026-05-04 03:43:07.957
Lelando1234,C:/Users/tiaan/My Drive/Tiaan/Personal/Documents & Other/Github/CompanyIntranet/src/App.tsx,file,coding,CompanyIntranet,main,TypeScript,true,Wakatime,Windows,Tiaan-Lenovo,codex-wakapi-history-import/1.0,2025-09-22 14:11:36.000,2026-05-04 03:43:07.957
Lelando1234,C:/Users/tiaan/My Drive/Tiaan/Personal/Documents & Other/Github/CompanyIntranet/src/App.tsx,file,coding,CompanyIntranet,main,TypeScript,true,Wakatime,Windows,Tiaan-Lenovo,codex-wakapi-history-import/1.0,2025-09-22 14:13:36.000,2026-05-04 03:43:07.957
Lelando1234,C:/Users/tiaan/My Drive/Tiaan/Personal/Documents & Other/Github/CompanyIntranet/src/App.tsx,file,coding,CompanyIntranet,main,TypeScript,true,Wakatime,Windows,Tiaan-Lenovo,codex-wakapi-history-import/1.0,2025-09-22 14:15:36.000,2026-05-04 03:43:07.957
Lelando1234,C:/Users/tiaan/My Drive/Tiaan/Personal/Documents & Other/Github/CompanyIntranet/src/App.tsx,file,coding,CompanyIntranet,main,TypeScript,true,Wakatime,Windows,Tiaan-Lenovo,codex-wakapi-history-import/1.0,2025-09-22 14:17:36.000,2026-05-04 03:43:07.957
Lelando1234,C:/Users/tiaan/My Drive/Tiaan/Personal/Documents & Other/Github/CompanyIntranet/src/App.tsx,file,coding,CompanyIntranet,main,TypeScript,true,Wakatime,Windows,Tiaan-Lenovo,codex-wakapi-history-import/1.0,2025-09-22 14:19:36.000,2026-05-04 03:43:07.957
Lelando1234,C:/Users/tiaan/My Drive/Tiaan/Personal/Documents & Other/Github/CompanyIntranet/src/App.tsx,file,coding,CompanyIntranet,main,TypeScript,true,Wakatime,Windows,Tiaan-Lenovo,codex-wakapi-history-import/1.0,2025-09-22 14:21:36.000,2026-05-04 03:43:07.957
Lelando1234,C:/Users/tiaan/My Drive/Tiaan/Personal/Documents & Other/Github/CompanyIntranet/src/App.tsx,file,coding,CompanyIntranet,main,TypeScript,true,Wakatime,Windows,Tiaan-Lenovo,codex-wakapi-history-import/1.0,2025-09-22 14:23:36.000,2026-05-04 03:43:07.957
Lelando1234,C:/Users/tiaan/My Drive/Tiaan/Personal/Documents & Other/Github/CompanyIntranet/src/App.tsx,file,coding,CompanyIntranet,main,TypeScript,true,Wakatime,Windows,Tiaan-Lenovo,codex-wakapi-history-import/1.0,2025-09-22 14:25:36.000,2026-05-04 03:43:07.957
Lelando1234,C:/Users/tiaan/My Drive/Tiaan/Personal/Documents & Other/Github/CompanyIntranet/src/App.tsx,file,coding,CompanyIntranet,main,TypeScript,true,Wakatime,Windows,Tiaan-Lenovo,codex-wakapi-history-import/1.0,2025-09-22 14:27:36.000,2026-05-04 03:43:07.957
Lelando1234,C:/Users/tiaan/My Drive/Tiaan/Personal/Documents & Other/Github/CompanyIntranet/backend/src/routes/articles.js,file,coding,CompanyIntranet,main,JavaScript,true,Wakatime,Windows,Tiaan-Lenovo,codex-wakapi-history-import/1.0,2025-09-23 01:27:27.000,2026-05-04 03:43:07.957
Lelando1234,C:/Users/tiaan/My Drive/Tiaan/Personal/Documents & Other/Github/CompanyIntranet/backend/src/routes/articles.js,file,coding,CompanyIntranet,main,JavaScript,true,Wakatime,Windows,Tiaan-Lenovo,codex-wakapi-history-import/1.0,2025-09-23 01:29:27.000,2026-05-04 03:43:07.957
Lelando1234,C:/Users/tiaan/My Drive/Tiaan/Personal/Documents & Other/Github/CompanyIntranet/backend/src/routes/articles.js,file,coding,CompanyIntranet,main,JavaScript,true,Wakatime,Windows,Tiaan-Lenovo,codex-wakapi-history-import/1.0,2025-09-23 01:31:27.000,2026-05-04 03:43:07.957
Lelando1234,C:/Users/tiaan/My Drive/Tiaan/Personal/Documents & Other/Github/CompanyIntranet/backend/src/routes/articles.js,file,coding,CompanyIntranet,main,JavaScript,true,Wakatime,Windows,Tiaan-Lenovo,codex-wakapi-history-import/1.0,2025-09-23 01:33:27.000,2026-05-04 03:43:07.957
Lelando1234,C:/Users/tiaan/My Drive/Tiaan/Personal/Documents & Other/Github/CompanyIntranet/backend/src/routes/articles.js,file,coding,CompanyIntranet,main,JavaScript,true,Wakatime,Windows,Tiaan-Lenovo,codex-wakapi-history-import/1.0,2025-09-23 01:35:27.000,2026-05-04 03:43:07.957
Lelando1234,C:/Users/tiaan/My Drive/Tiaan/Personal/Documents & Other/Github/CompanyIntranet/backend/src/routes/articles.js,file,coding,CompanyIntranet,main,JavaScript,true,Wakatime,Windows,Tiaan-Lenovo,codex-wakapi-history-import/1.0,2025-09-23 01:37:27.000,2026-05-04 03:43:07.957
Lelando1234,C:/Users/tiaan/My Drive/Tiaan/Personal/Documents & Other/Github/CompanyIntranet/backend/src/routes/articles.js,file,coding,CompanyIntranet,main,JavaScript,true,Wakatime,Windows,Tiaan-Lenovo,codex-wakapi-history-import/1.0,2025-09-23 01:39:27.000,2026-05-04 03:43:07.957
Lelando1234,C:/Users/tiaan/My Drive/Tiaan/Personal/Documents & Other/Github/CompanyIntranet/backend/src/routes/articles.js,file,coding,CompanyIntranet,main,JavaScript,true,Wakatime,Windows,Tiaan-Lenovo,codex-wakapi-history-import/1.0,2025-09-23 01:41:27.000,2026-05-04 03:43:07.957
Lelando1234,C:/Users/tiaan/My Drive/Tiaan/Personal/Documents & Other/Github/CompanyIntranet/backend/src/routes/articles.js,file,coding,CompanyIntranet,main,JavaScript,true,Wakatime,Windows,Tiaan-Lenovo,codex-wakapi-history-import/1.0,2025-09-23 01:43:27.000,2026-05-04 03:43:07.957
Lelando1234,C:/Users/tiaan/My Drive/Tiaan/Personal/Documents & Other/Github/CompanyIntranet/backend/src/routes/articles.js,file,coding,CompanyIntranet,main,JavaScript,true,Wakatime,Windows,Tiaan-Lenovo,codex-wakapi-history-import/1.0,2025-09-23 01:45:27.000,2026-05-04 03:43:07.957
Lelando1234,C:/Users/tiaan/My Drive/Tiaan/Personal/Documents & Other/Github/CompanyIntranet/backend/src/routes/articles.js,file,coding,CompanyIntranet,main,JavaScript,true,Wakatime,Windows,Tiaan-Lenovo,codex-wakapi-history-import/1.0,2025-09-23 01:47:27.000,2026-05-04 03:43:07.957
Lelando1234,C:/Users/tiaan/My Drive/Tiaan/Personal/Documents & Other/Github/CompanyIntranet/backend/src/routes/articles.js,file,coding,CompanyIntranet,main,JavaScript,true,Wakatime,Windows,Tiaan-Lenovo,codex-wakapi-history-import/1.0,2025-09-23 01:49:27.000,2026-05-04 03:43:07.957
Lelando1234,C:/Users/tiaan/My Drive/Tiaan/Personal/Documents & Other/Github/CompanyIntranet/backend/src/routes/articles.js,file,coding,CompanyIntranet,main,JavaScript,true,Wakatime,Windows,Tiaan-Lenovo,codex-wakapi-history-import/1.0,2025-09-23 01:51:27.000,2026-05-04 03:43:07.957
Lelando1234,C:/Users/tiaan/My Drive/Tiaan/Personal/Documents & Other/Github/CompanyIntranet/src/components/SideNavigation.tsx,file,coding,CompanyIntranet,main,TypeScript,true,Wakatime,Windows,Tiaan-Lenovo,codex-wakapi-history-import/1.0,2025-09-23 01:53:27.000,2026-05-04 03:43:07.957
Lelando1234,C:/Users/tiaan/My Drive/Tiaan/Personal/Documents & Other/Github/CompanyIntranet/src/components/SideNavigation.tsx,file,coding,CompanyIntranet,main,TypeScript,true,Wakatime,Windows,Tiaan-Lenovo,codex-wakapi-history-import/1.0,2025-09-23 01:55:27.000,2026-05-04 03:43:07.957
Lelando1234,C:/Users/tiaan/My Drive/Tiaan/Personal/Documents & Other/Github/CompanyIntranet/src/components/SideNavigation.tsx,file,coding,CompanyIntranet,main,TypeScript,true,Wakatime,Windows,Tiaan-Lenovo,codex-wakapi-history-import/1.0,2025-09-23 01:57:27.000,2026-05-04 03:43:07.957
Lelando1234,C:/Users/tiaan/My Drive/Tiaan/Personal/Documents & Other/Github/CompanyIntranet/src/components/SideNavigation.tsx,file,coding,CompanyIntranet,main,TypeScript,true,Wakatime,Windows,Tiaan-Lenovo,codex-wakapi-history-import/1.0,2025-09-23 01:59:27.000,2026-05-04 03:43:07.957
Lelando1234,C:/Users/tiaan/My Drive/Tiaan/Personal/Documents & Other/Github/CompanyIntranet/src/components/SideNavigation.tsx,file,coding,CompanyIntranet,main,TypeScript,true,Wakatime,Windows,Tiaan-Lenovo,codex-wakapi-history-import/1.0,2025-09-23 02:01:27.000,2026-05-04 03:43:07.957
Lelando1234,C:/Users/tiaan/My Drive/Tiaan/Personal/Documents & Other/Github/CompanyIntranet/src/components/SideNavigation.tsx,file,coding,CompanyIntranet,main,TypeScript,true,Wakatime,Windows,Tiaan-Lenovo,codex-wakapi-history-import/1.0,2025-09-23 02:03:27.000,2026-05-04 03:43:07.957
Lelando1234,C:/Users/tiaan/My Drive/Tiaan/Personal/Documents & Other/Github/CompanyIntranet/src/components/SideNavigation.tsx,file,coding,CompanyIntranet,main,TypeScript,true,Wakatime,Windows,Tiaan-Lenovo,codex-wakapi-history-import/1.0,2025-09-23 02:05:27.000,2026-05-04 03:43:07.957
Lelando1234,C:/Users/tiaan/My Drive/Tiaan/Personal/Documents & Other/Github/CompanyIntranet/src/components/SideNavigation.tsx,file,coding,CompanyIntranet,main,TypeScript,true,Wakatime,Windows,Tiaan-Lenovo,codex-wakapi-history-import/1.0,2025-09-23 02:07:27.000,2026-05-04 03:43:07.957
Lelando1234,C:/Users/tiaan/My Drive/Tiaan/Personal/Documents & Other/Github/CompanyIntranet/src/components/SideNavigation.tsx,file,coding,CompanyIntranet,main,TypeScript,true,Wakatime,Windows,Tiaan-Lenovo,codex-wakapi-history-import/1.0,2025-09-23 02:09:27.000,2026-05-04 03:43:07.957
Lelando1234,C:/Users/tiaan/My Drive/Tiaan/Personal/Documents & Other/Github/CompanyIntranet/src/components/SideNavigation.tsx,file,coding,CompanyIntranet,main,TypeScript,true,Wakatime,Windows,Tiaan-Lenovo,codex-wakapi-history-import/1.0,2025-09-23 02:11:27.000,2026-05-04 03:43:07.957
Lelando1234,C:/Users/tiaan/My Drive/Tiaan/Personal/Documents & Other/Github/CompanyIntranet/src/components/SideNavigation.tsx,file,coding,CompanyIntranet,main,TypeScript,true,Wakatime,Windows,Tiaan-Lenovo,codex-wakapi-history-import/1.0,2025-09-23 02:13:27.000,2026-05-04 03:43:07.957
Lelando1234,C:/Users/tiaan/My Drive/Tiaan/Personal/Documents & Other/Github/CompanyIntranet/backend/src/routes/articles.js,file,coding,CompanyIntranet,main,JavaScript,true,Wakatime,Windows,Tiaan-Lenovo,codex-wakapi-history-import/1.0,2025-09-24 01:17:30.000,2026-05-04 03:43:07.957
Lelando1234,C:/Users/tiaan/My Drive/Tiaan/Personal/Documents & Other/Github/CompanyIntranet/backend/src/routes/articles.js,file,coding,CompanyIntranet,main,JavaScript,true,Wakatime,Windows,Tiaan-Lenovo,codex-wakapi-history-import/1.0,2025-09-24 01:19:30.000,2026-05-04 03:43:07.957
Lelando1234,C:/Users/tiaan/My Drive/Tiaan/Personal/Documents & Other/Github/CompanyIntranet/backend/src/routes/articles.js,file,coding,CompanyIntranet,main,JavaScript,true,Wakatime,Windows,Tiaan-Lenovo,codex-wakapi-history-import/1.0,2025-09-24 01:21:30.000,2026-05-04 03:43:07.957
Lelando1234,C:/Users/tiaan/My Drive/Tiaan/Personal/Documents & Other/Github/CompanyIntranet/backend/src/routes/articles.js,file,coding,CompanyIntranet,main,JavaScript,true,Wakatime,Windows,Tiaan-Lenovo,codex-wakapi-history-import/1.0,2025-09-24 01:23:30.000,2026-05-04 03:43:07.957
Lelando1234,C:/Users/tiaan/My Drive/Tiaan/Personal/Documents & Other/Github/CompanyIntranet/backend/src/routes/articles.js,file,coding,CompanyIntranet,main,JavaScript,true,Wakatime,Windows,Tiaan-Lenovo,codex-wakapi-history-import/1.0,2025-09-24 01:25:30.000,2026-05-04 03:43:07.957
Lelando1234,C:/Users/tiaan/My Drive/Tiaan/Personal/Documents & Other/Github/CompanyIntranet/backend/src/routes/articles.js,file,coding,CompanyIntranet,main,JavaScript,true,Wakatime,Windows,Tiaan-Lenovo,codex-wakapi-history-import/1.0,2025-09-24 01:27:30.000,2026-05-04 03:43:07.957
Lelando1234,C:/Users/tiaan/My Drive/Tiaan/Personal/Documents & Other/Github/CompanyIntranet/backend/src/routes/articles.js,file,coding,CompanyIntranet,main,JavaScript,true,Wakatime,Windows,Tiaan-Lenovo,codex-wakapi-history-import/1.0,2025-09-24 01:29:30.000,2026-05-04 03:43:07.957
Lelando1234,C:/Users/tiaan/My Drive/Tiaan/Personal/Documents & Other/Github/CompanyIntranet/backend/src/routes/articles.js,file,coding,CompanyIntranet,main,JavaScript,true,Wakatime,Windows,Tiaan-Lenovo,codex-wakapi-history-import/1.0,2025-09-24 01:31:30.000,2026-05-04 03:43:07.957
Lelando1234,C:/Users/tiaan/My Drive/Tiaan/Personal/Documents & Other/Github/CompanyIntranet/backend/src/routes/articles.js,file,coding,CompanyIntranet,main,JavaScript,true,Wakatime,Windows,Tiaan-Lenovo,codex-wakapi-history-import/1.0,2025-09-24 01:33:30.000,2026-05-04 03:43:07.957
Lelando1234,C:/Users/tiaan/My Drive/Tiaan/Personal/Documents & Other/Github/CompanyIntranet/backend/src/routes/articles.js,file,coding,CompanyIntranet,main,JavaScript,true,Wakatime,Windows,Tiaan-Lenovo,codex-wakapi-history-import/1.0,2025-09-24 01:35:30.000,2026-05-04 03:43:07.957
Lelando1234,C:/Users/tiaan/My Drive/Tiaan/Personal/Documents & Other/Github/CompanyIntranet/backend/src/routes/articles.js,file,coding,CompanyIntranet,main,JavaScript,true,Wakatime,Windows,Tiaan-Lenovo,codex-wakapi-history-import/1.0,2025-09-24 01:37:30.000,2026-05-04 03:43:07.957
Lelando1234,C:/Users/tiaan/My Drive/Tiaan/Personal/Documents & Other/Github/CompanyIntranet/backend/src/routes/articles.js,file,coding,CompanyIntranet,main,JavaScript,true,Wakatime,Windows,Tiaan-Lenovo,codex-wakapi-history-import/1.0,2025-09-24 01:39:30.000,2026-05-04 03:43:07.957
Lelando1234,C:/Users/tiaan/My Drive/Tiaan/Personal/Documents & Other/Github/CompanyIntranet/backend/src/routes/articles.js,file,coding,CompanyIntranet,main,JavaScript,true,Wakatime,Windows,Tiaan-Lenovo,codex-wakapi-history-import/1.0,2025-09-24 01:41:30.000,2026-05-04 03:43:07.957
Lelando1234,C:/Users/tiaan/My Drive/Tiaan/Personal/Documents & Other/Github/CompanyIntranet/src/components/SideNavigation.tsx,file,coding,CompanyIntranet,main,TypeScript,true,Wakatime,Windows,Tiaan-Lenovo,codex-wakapi-history-import/1.0,2025-09-24 01:43:30.000,2026-05-04 03:43:07.957
Lelando1234,C:/Users/tiaan/My Drive/Tiaan/Personal/Documents & Other/Github/CompanyIntranet/src/components/SideNavigation.tsx,file,coding,CompanyIntranet,main,TypeScript,true,Wakatime,Windows,Tiaan-Lenovo,codex-wakapi-history-import/1.0,2025-09-24 01:45:30.000,2026-05-04 03:43:07.957
Lelando1234,C:/Users/tiaan/My Drive/Tiaan/Personal/Documents & Other/Github/CompanyIntranet/src/components/SideNavigation.tsx,file,coding,CompanyIntranet,main,TypeScript,true,Wakatime,Windows,Tiaan-Lenovo,codex-wakapi-history-import/1.0,2025-09-24 01:47:30.000,2026-05-04 03:43:07.957
Lelando1234,C:/Users/tiaan/My Drive/Tiaan/Personal/Documents & Other/Github/CompanyIntranet/src/components/SideNavigation.tsx,file,coding,CompanyIntranet,main,TypeScript,true,Wakatime,Windows,Tiaan-Lenovo,codex-wakapi-history-import/1.0,2025-09-24 01:49:30.000,2026-05-04 03:43:07.957
Lelando1234,C:/Users/tiaan/My Drive/Tiaan/Personal/Documents & Other/Github/CompanyIntranet/src/components/SideNavigation.tsx,file,coding,CompanyIntranet,main,TypeScript,true,Wakatime,Windows,Tiaan-Lenovo,codex-wakapi-history-import/1.0,2025-09-24 01:51:30.000,2026-05-04 03:43:07.957
Lelando1234,C:/Users/tiaan/My Drive/Tiaan/Personal/Documents & Other/Github/CompanyIntranet/src/components/SideNavigation.tsx,file,coding,CompanyIntranet,main,TypeScript,true,Wakatime,Windows,Tiaan-Lenovo,codex-wakapi-history-import/1.0,2025-09-24 01:53:30.000,2026-05-04 03:43:07.957
Lelando1234,C:/Users/tiaan/My Drive/Tiaan/Personal/Documents & Other/Github/CompanyIntranet/src/components/SideNavigation.tsx,file,coding,CompanyIntranet,main,TypeScript,true,Wakatime,Windows,Tiaan-Lenovo,codex-wakapi-history-import/1.0,2025-09-24 01:55:30.000,2026-05-04 03:43:07.957
Lelando1234,C:/Users/tiaan/My Drive/Tiaan/Personal/Documents & Other/Github/CompanyIntranet/src/components/SideNavigation.tsx,file,coding,CompanyIntranet,main,TypeScript,true,Wakatime,Windows,Tiaan-Lenovo,codex-wakapi-history-import/1.0,2025-09-24 01:57:30.000,2026-05-04 03:43:07.957
Lelando1234,C:/Users/tiaan/My Drive/Tiaan/Personal/Documents & Other/Github/CompanyIntranet/src/components/SideNavigation.tsx,file,coding,CompanyIntranet,main,TypeScript,true,Wakatime,Windows,Tiaan-Lenovo,codex-wakapi-history-import/1.0,2025-09-24 01:59:30.000,2026-05-04 03:43:07.957
Lelando1234,C:/Users/tiaan/My Drive/Tiaan/Personal/Documents & Other/Github/CompanyIntranet/src/components/SideNavigation.tsx,file,coding,CompanyIntranet,main,TypeScript,true,Wakatime,Windows,Tiaan-Lenovo,codex-wakapi-history-import/1.0,2025-09-24 02:01:30.000,2026-05-04 03:43:07.957
Lelando1234,C:/Users/tiaan/My Drive/Tiaan/Personal/Documents & Other/Github/CompanyIntranet/src/components/SideNavigation.tsx,file,coding,CompanyIntranet,main,TypeScript,true,Wakatime,Windows,Tiaan-Lenovo,codex-wakapi-history-import/1.0,2025-09-24 02:03:30.000,2026-05-04 03:43:07.957
Lelando1234,C:/Users/tiaan/My Drive/Tiaan/Personal/Documents & Other/Github/CompanyIntranet/src/components/SideNavigation.tsx,file,coding,CompanyIntranet,main,TypeScript,true,Wakatime,Windows,Tiaan-Lenovo,codex-wakapi-history-import/1.0,2025-09-24 02:05:30.000,2026-05-04 03:43:07.957
Lelando1234,C:/Users/tiaan/My Drive/Tiaan/Personal/Documents & Other/Github/CompanyIntranet/src/contexts/AuthContext.tsx,file,coding,CompanyIntranet,main,TypeScript,true,Wakatime,Windows,Tiaan-Lenovo,codex-wakapi-history-import/1.0,2025-09-24 02:07:30.000,2026-05-04 03:43:07.957
Lelando1234,C:/Users/tiaan/My Drive/Tiaan/Personal/Documents & Other/Github/CompanyIntranet/src/components/ThemeCustomizer.tsx,file,coding,CompanyIntranet,main,TypeScript,true,Wakatime,Windows,Tiaan-Lenovo,codex-wakapi-history-import/1.0,2025-09-26 12:58:28.000,2026-05-04 03:43:07.957
Lelando1234,C:/Users/tiaan/My Drive/Tiaan/Personal/Documents & Other/Github/CompanyIntranet/src/components/ThemeCustomizer.tsx,file,coding,CompanyIntranet,main,TypeScript,true,Wakatime,Windows,Tiaan-Lenovo,codex-wakapi-history-import/1.0,2025-09-26 13:00:28.000,2026-05-04 03:43:07.957
Lelando1234,C:/Users/tiaan/My Drive/Tiaan/Personal/Documents & Other/Github/CompanyIntranet/src/components/ThemeCustomizer.tsx,file,coding,CompanyIntranet,main,TypeScript,true,Wakatime,Windows,Tiaan-Lenovo,codex-wakapi-history-import/1.0,2025-09-26 13:02:28.000,2026-05-04 03:43:07.957
Lelando1234,C:/Users/tiaan/My Drive/Tiaan/Personal/Documents & Other/Github/CompanyIntranet/src/components/ThemeCustomizer.tsx,file,coding,CompanyIntranet,main,TypeScript,true,Wakatime,Windows,Tiaan-Lenovo,codex-wakapi-history-import/1.0,2025-09-26 13:04:28.000,2026-05-04 03:43:07.957
Lelando1234,C:/Users/tiaan/My Drive/Tiaan/Personal/Documents & Other/Github/CompanyIntranet/src/components/ThemeCustomizer.tsx,file,coding,CompanyIntranet,main,TypeScript,true,Wakatime,Windows,Tiaan-Lenovo,codex-wakapi-history-import/1.0,2025-09-26 13:06:28.000,2026-05-04 03:43:07.957
Lelando1234,C:/Users/tiaan/My Drive/Tiaan/Personal/Documents & Other/Github/CompanyIntranet/src/components/ThemeCustomizer.tsx,file,coding,CompanyIntranet,main,TypeScript,true,Wakatime,Windows,Tiaan-Lenovo,codex-wakapi-history-import/1.0,2025-09-26 13:08:28.000,2026-05-04 03:43:07.957
Lelando1234,C:/Users/tiaan/My Drive/Tiaan/Personal/Documents & Other/Github/CompanyIntranet/src/components/ThemeCustomizer.tsx,file,coding,CompanyIntranet,main,TypeScript,true,Wakatime,Windows,Tiaan-Lenovo,codex-wakapi-history-import/1.0,2025-09-26 13:10:28.000,2026-05-04 03:43:07.957
Lelando1234,C:/Users/tiaan/My Drive/Tiaan/Personal/Documents & Other/Github/CompanyIntranet/src/components/ThemeCustomizer.tsx,file,coding,CompanyIntranet,main,TypeScript,true,Wakatime,Windows,Tiaan-Lenovo,codex-wakapi-history-import/1.0,2025-09-26 13:12:28.000,2026-05-04 03:43:07.957
Lelando1234,C:/Users/tiaan/My Drive/Tiaan/Personal/Documents & Other/Github/CompanyIntranet/src/components/ThemeCustomizer.tsx,file,coding,CompanyIntranet,main,TypeScript,true,Wakatime,Windows,Tiaan-Lenovo,codex-wakapi-history-import/1.0,2025-09-26 13:14:28.000,2026-05-04 03:43:07.957
Lelando1234,C:/Users/tiaan/My Drive/Tiaan/Personal/Documents & Other/Github/CompanyIntranet/src/components/ThemeCustomizer.tsx,file,coding,CompanyIntranet,main,TypeScript,true,Wakatime,Windows,Tiaan-Lenovo,codex-wakapi-history-import/1.0,2025-09-26 13:16:28.000,2026-05-04 03:43:07.957
Lelando1234,C:/Users/tiaan/My Drive/Tiaan/Personal/Documents & Other/Github/CompanyIntranet/src/components/ThemeCustomizer.tsx,file,coding,CompanyIntranet,main,TypeScript,true,Wakatime,Windows,Tiaan-Lenovo,codex-wakapi-history-import/1.0,2025-09-26 13:18:28.000,2026-05-04 03:43:07.957
Lelando1234,C:/Users/tiaan/My Drive/Tiaan/Personal/Documents & Other/Github/CompanyIntranet/src/components/ThemeCustomizer.tsx,file,coding,CompanyIntranet,main,TypeScript,true,Wakatime,Windows,Tiaan-Lenovo,codex-wakapi-history-import/1.0,2025-09-26 13:20:28.000,2026-05-04 03:43:07.957
Lelando1234,C:/Users/tiaan/My Drive/Tiaan/Personal/Documents & Other/Github/CompanyIntranet/src/components/ThemeCustomizer.tsx,file,coding,CompanyIntranet,main,TypeScript,true,Wakatime,Windows,Tiaan-Lenovo,codex-wakapi-history-import/1.0,2025-09-26 13:22:28.000,2026-05-04 03:43:07.957
Lelando1234,C:/Users/tiaan/My Drive/Tiaan/Personal/Documents & Other/Github/CompanyIntranet/backend/src/routes/settings.js,file,coding,CompanyIntranet,main,JavaScript,true,Wakatime,Windows,Tiaan-Lenovo,codex-wakapi-history-import/1.0,2025-09-26 13:24:28.000,2026-05-04 03:43:07.957
Lelando1234,C:/Users/tiaan/My Drive/Tiaan/Personal/Documents & Other/Github/CompanyIntranet/backend/src/routes/settings.js,file,coding,CompanyIntranet,main,JavaScript,true,Wakatime,Windows,Tiaan-Lenovo,codex-wakapi-history-import/1.0,2025-09-26 13:26:28.000,2026-05-04 03:43:07.957
Lelando1234,C:/Users/tiaan/My Drive/Tiaan/Personal/Documents & Other/Github/CompanyIntranet/backend/src/routes/settings.js,file,coding,CompanyIntranet,main,JavaScript,true,Wakatime,Windows,Tiaan-Lenovo,codex-wakapi-history-import/1.0,2025-09-26 13:28:28.000,2026-05-04 03:43:07.957
Lelando1234,C:/Users/tiaan/My Drive/Tiaan/Personal/Documents & Other/Github/CompanyIntranet/backend/src/routes/settings.js,file,coding,CompanyIntranet,main,JavaScript,true,Wakatime,Windows,Tiaan-Lenovo,codex-wakapi-history-import/1.0,2025-09-26 13:30:28.000,2026-05-04 03:43:07.957
Lelando1234,C:/Users/tiaan/My Drive/Tiaan/Personal/Documents & Other/Github/CompanyIntranet/backend/src/routes/settings.js,file,coding,CompanyIntranet,main,JavaScript,true,Wakatime,Windows,Tiaan-Lenovo,codex-wakapi-history-import/1.0,2025-09-26 13:32:28.000,2026-05-04 03:43:07.957
Lelando1234,C:/Users/tiaan/My Drive/Tiaan/Personal/Documents & Other/Github/CompanyIntranet/backend/src/routes/settings.js,file,coding,CompanyIntranet,main,JavaScript,true,Wakatime,Windows,Tiaan-Lenovo,codex-wakapi-history-import/1.0,2025-09-26 13:34:28.000,2026-05-04 03:43:07.957
Lelando1234,C:/Users/tiaan/My Drive/Tiaan/Personal/Documents & Other/Github/CompanyIntranet/backend/src/routes/settings.js,file,coding,CompanyIntranet,main,JavaScript,true,Wakatime,Windows,Tiaan-Lenovo,codex-wakapi-history-import/1.0,2025-09-26 13:36:28.000,2026-05-04 03:43:07.957
Lelando1234,C:/Users/tiaan/My Drive/Tiaan/Personal/Documents & Other/Github/CompanyIntranet/backend/src/routes/settings.js,file,coding,CompanyIntranet,main,JavaScript,true,Wakatime,Windows,Tiaan-Lenovo,codex-wakapi-history-import/1.0,2025-09-26 13:38:28.000,2026-05-04 03:43:07.957
Lelando1234,C:/Users/tiaan/My Drive/Tiaan/Personal/Documents & Other/Github/CompanyIntranet/backend/src/routes/settings.js,file,coding,CompanyIntranet,main,JavaScript,true,Wakatime,Windows,Tiaan-Lenovo,codex-wakapi-history-import/1.0,2025-09-26 13:40:28.000,2026-05-04 03:43:07.957
Lelando1234,C:/Users/tiaan/My Drive/Tiaan/Personal/Documents & Other/Github/CompanyIntranet/backend/src/routes/settings.js,file,coding,CompanyIntranet,main,JavaScript,true,Wakatime,Windows,Tiaan-Lenovo,codex-wakapi-history-import/1.0,2025-09-26 13:42:28.000,2026-05-04 03:43:07.957
Lelando1234,C:/Users/tiaan/My Drive/Tiaan/Personal/Documents & Other/Github/CompanyIntranet/scripts/company-portal.service,file,coding,CompanyIntranet,main,Text,true,Wakatime,Windows,Tiaan-Lenovo,codex-wakapi-history-import/1.0,2025-09-30 01:00:54.000,2026-05-04 03:43:07.957
Lelando1234,C:/Users/tiaan/My Drive/Tiaan/Personal/Documents & Other/Github/CompanyIntranet/scripts/company-portal.service,file,coding,CompanyIntranet,main,Text,true,Wakatime,Windows,Tiaan-Lenovo,codex-wakapi-history-import/1.0,2025-09-30 01:02:54.000,2026-05-04 03:43:07.957
Lelando1234,C:/Users/tiaan/My Drive/Tiaan/Personal/Documents & Other/Github/CompanyIntranet/scripts/company-portal.service,file,coding,CompanyIntranet,main,Text,true,Wakatime,Windows,Tiaan-Lenovo,codex-wakapi-history-import/1.0,2025-09-30 01:04:54.000,2026-05-04 03:43:07.957
Lelando1234,C:/Users/tiaan/My Drive/Tiaan/Personal/Documents & Other/Github/CompanyIntranet/scripts/company-portal.service,file,coding,CompanyIntranet,main,Text,true,Wakatime,Windows,Tiaan-Lenovo,codex-wakapi-history-import/1.0,2025-09-30 01:06:54.000,2026-05-04 03:43:07.957
Lelando1234,C:/Users/tiaan/My Drive/Tiaan/Personal/Documents & Other/Github/CompanyIntranet/scripts/company-portal.service,file,coding,CompanyIntranet,main,Text,true,Wakatime,Windows,Tiaan-Lenovo,codex-wakapi-history-import/1.0,2025-09-30 01:08:54.000,2026-05-04 03:43:07.957
Lelando1234,C:/Users/tiaan/My Drive/Tiaan/Personal/Documents & Other/Github/CompanyIntranet/scripts/company-portal.service,file,coding,CompanyIntranet,main,Text,true,Wakatime,Windows,Tiaan-Lenovo,codex-wakapi-history-import/1.0,2025-09-30 01:10:54.000,2026-05-04 03:43:07.957
Lelando1234,C:/Users/tiaan/My Drive/Tiaan/Personal/Documents & Other/Github/CompanyIntranet/scripts/company-portal.service,file,coding,CompanyIntranet,main,Text,true,Wakatime,Windows,Tiaan-Lenovo,codex-wakapi-history-import/1.0,2025-09-30 01:12:54.000,2026-05-04 03:43:07.957
Lelando1234,C:/Users/tiaan/My Drive/Tiaan/Personal/Documents & Other/Github/CompanyIntranet/scripts/company-portal.service,file,coding,CompanyIntranet,main,Text,true,Wakatime,Windows,Tiaan-Lenovo,codex-wakapi-history-import/1.0,2025-09-30 01:14:54.000,2026-05-04 03:43:07.957
Lelando1234,C:/Users/tiaan/My Drive/Tiaan/Personal/Documents & Other/Github/CompanyIntranet/scripts/company-portal.service,file,coding,CompanyIntranet,main,Text,true,Wakatime,Windows,Tiaan-Lenovo,codex-wakapi-history-import/1.0,2025-09-30 01:16:54.000,2026-05-04 03:43:07.957
Lelando1234,C:/Users/tiaan/My Drive/Tiaan/Personal/Documents & Other/Github/CompanyIntranet/scripts/company-portal.service,file,coding,CompanyIntranet,main,Text,true,Wakatime,Windows,Tiaan-Lenovo,codex-wakapi-history-import/1.0,2025-09-30 01:18:54.000,2026-05-04 03:43:07.957
Lelando1234,C:/Users/tiaan/My Drive/Tiaan/Personal/Documents & Other/Github/CompanyIntranet/scripts/company-portal.service,file,coding,CompanyIntranet,main,Text,true,Wakatime,Windows,Tiaan-Lenovo,codex-wakapi-history-import/1.0,2025-09-30 01:20:54.000,2026-05-04 03:43:07.957
Lelando1234,C:/Users/tiaan/My Drive/Tiaan/Personal/Documents & Other/Github/CompanyIntranet/scripts/company-portal.service,file,coding,CompanyIntranet,main,Text,true,Wakatime,Windows,Tiaan-Lenovo,codex-wakapi-history-import/1.0,2025-09-30 01:22:54.000,2026-05-04 03:43:07.957
Lelando1234,C:/Users/tiaan/My Drive/Tiaan/Personal/Documents & Other/Github/CompanyIntranet/scripts/company-portal.service,file,coding,CompanyIntranet,main,Text,true,Wakatime,Windows,Tiaan-Lenovo,codex-wakapi-history-import/1.0,2025-09-30 01:24:54.000,2026-05-04 03:43:07.957
Lelando1234,C:/Users/tiaan/My Drive/Tiaan/Personal/Documents & Other/Github/CompanyIntranet/TROUBLESHOOTING.md,file,coding,CompanyIntranet,main,Markdown,true,Wakatime,Windows,Tiaan-Lenovo,codex-wakapi-history-import/1.0,2025-09-30 01:26:54.000,2026-05-04 03:43:07.957
Lelando1234,C:/Users/tiaan/My Drive/Tiaan/Personal/Documents & Other/Github/CompanyIntranet/TROUBLESHOOTING.md,file,coding,CompanyIntranet,main,Markdown,true,Wakatime,Windows,Tiaan-Lenovo,codex-wakapi-history-import/1.0,2025-09-30 01:28:54.000,2026-05-04 03:43:07.957
Lelando1234,C:/Users/tiaan/My Drive/Tiaan/Personal/Documents & Other/Github/CompanyIntranet/TROUBLESHOOTING.md,file,coding,CompanyIntranet,main,Markdown,true,Wakatime,Windows,Tiaan-Lenovo,codex-wakapi-history-import/1.0,2025-09-30 01:30:54.000,2026-05-04 03:43:07.957
Lelando1234,C:/Users/tiaan/My Drive/Tiaan/Personal/Documents & Other/Github/CompanyIntranet/TROUBLESHOOTING.md,file,coding,CompanyIntranet,main,Markdown,true,Wakatime,Windows,Tiaan-Lenovo,codex-wakapi-history-import/1.0,2025-09-30 01:32:54.000,2026-05-04 03:43:07.957
Lelando1234,C:/Users/tiaan/My Drive/Tiaan/Personal/Documents & Other/Github/CompanyIntranet/TROUBLESHOOTING.md,file,coding,CompanyIntranet,main,Markdown,true,Wakatime,Windows,Tiaan-Lenovo,codex-wakapi-history-import/1.0,2025-09-30 01:34:54.000,2026-05-04 03:43:07.957
Lelando1234,C:/Users/tiaan/My Drive/Tiaan/Personal/Documents & Other/Github/CompanyIntranet/TROUBLESHOOTING.md,file,coding,CompanyIntranet,main,Markdown,true,Wakatime,Windows,Tiaan-Lenovo,codex-wakapi-history-import/1.0,2025-09-30 01:36:54.000,2026-05-04 03:43:07.957
Lelando1234,C:/Users/tiaan/My Drive/Tiaan/Personal/Documents & Other/Github/CompanyIntranet/TROUBLESHOOTING.md,file,coding,CompanyIntranet,main,Markdown,true,Wakatime,Windows,Tiaan-Lenovo,codex-wakapi-history-import/1.0,2025-09-30 01:38:54.000,2026-05-04 03:43:07.957
Lelando1234,C:/Users/tiaan/My Drive/Tiaan/Personal/Documents & Other/Github/CompanyIntranet/TROUBLESHOOTING.md,file,coding,CompanyIntranet,main,Markdown,true,Wakatime,Windows,Tiaan-Lenovo,codex-wakapi-history-import/1.0,2025-09-30 01:40:54.000,2026-05-04 03:43:07.957
Lelando1234,C:/Users/tiaan/My Drive/Tiaan/Personal/Documents & Other/Github/CompanyIntranet/backend/src/database/migrate.js,file,coding,CompanyIntranet,main,JavaScript,true,Wakatime,Windows,Tiaan-Lenovo,codex-wakapi-history-import/1.0,2025-10-01 01:12:24.000,2026-05-04 03:43:07.957
Lelando1234,C:/Users/tiaan/My Drive/Tiaan/Personal/Documents & Other/Github/CompanyIntranet/backend/src/database/migrate.js,file,coding,CompanyIntranet,main,JavaScript,true,Wakatime,Windows,Tiaan-Lenovo,codex-wakapi-history-import/1.0,2025-10-01 01:14:24.000,2026-05-04 03:43:07.957
Lelando1234,C:/Users/tiaan/My Drive/Tiaan/Personal/Documents & Other/Github/CompanyIntranet/backend/src/database/migrate.js,file,coding,CompanyIntranet,main,JavaScript,true,Wakatime,Windows,Tiaan-Lenovo,codex-wakapi-history-import/1.0,2025-10-01 01:16:24.000,2026-05-04 03:43:07.957
Lelando1234,C:/Users/tiaan/My Drive/Tiaan/Personal/Documents & Other/Github/CompanyIntranet/backend/src/database/migrate.js,file,coding,CompanyIntranet,main,JavaScript,true,Wakatime,Windows,Tiaan-Lenovo,codex-wakapi-history-import/1.0,2025-10-01 01:18:24.000,2026-05-04 03:43:07.957
Lelando1234,C:/Users/tiaan/My Drive/Tiaan/Personal/Documents & Other/Github/CompanyIntranet/backend/src/database/migrate.js,file,coding,CompanyIntranet,main,JavaScript,true,Wakatime,Windows,Tiaan-Lenovo,codex-wakapi-history-import/1.0,2025-10-01 01:20:24.000,2026-05-04 03:43:07.957
Lelando1234,C:/Users/tiaan/My Drive/Tiaan/Personal/Documents & Other/Github/CompanyIntranet/backend/src/database/migrate.js,file,coding,CompanyIntranet,main,JavaScript,true,Wakatime,Windows,Tiaan-Lenovo,codex-wakapi-history-import/1.0,2025-10-01 01:22:24.000,2026-05-04 03:43:07.957
Lelando1234,C:/Users/tiaan/My Drive/Tiaan/Personal/Documents & Other/Github/CompanyIntranet/backend/src/database/migrate.js,file,coding,CompanyIntranet,main,JavaScript,true,Wakatime,Windows,Tiaan-Lenovo,codex-wakapi-history-import/1.0,2025-10-01 01:24:24.000,2026-05-04 03:43:07.957
Lelando1234,C:/Users/tiaan/My Drive/Tiaan/Personal/Documents & Other/Github/CompanyIntranet/backend/src/database/migrate.js,file,coding,CompanyIntranet,main,JavaScript,true,Wakatime,Windows,Tiaan-Lenovo,codex-wakapi-history-import/1.0,2025-10-01 01:26:24.000,2026-05-04 03:43:07.957
Lelando1234,C:/Users/tiaan/My Drive/Tiaan/Personal/Documents & Other/Github/CompanyIntranet/backend/src/database/migrate.js,file,coding,CompanyIntranet,main,JavaScript,true,Wakatime,Windows,Tiaan-Lenovo,codex-wakapi-history-import/1.0,2025-10-01 01:28:24.000,2026-05-04 03:43:07.957
Lelando1234,C:/Users/tiaan/My Drive/Tiaan/Personal/Documents & Other/Github/CompanyIntranet/backend/src/database/migrate.js,file,coding,CompanyIntranet,main,JavaScript,true,Wakatime,Windows,Tiaan-Lenovo,codex-wakapi-history-import/1.0,2025-10-01 01:30:24.000,2026-05-04 03:43:07.957
Lelando1234,C:/Users/tiaan/My Drive/Tiaan/Personal/Documents & Other/Github/CompanyIntranet/backend/src/database/migrate.js,file,coding,CompanyIntranet,main,JavaScript,true,Wakatime,Windows,Tiaan-Lenovo,codex-wakapi-history-import/1.0,2025-10-01 01:32:24.000,2026-05-04 03:43:07.957
Lelando1234,C:/Users/tiaan/My Drive/Tiaan/Personal/Documents & Other/Github/CompanyIntranet/backend/src/database/migrate.js,file,coding,CompanyIntranet,main,JavaScript,true,Wakatime,Windows,Tiaan-Lenovo,codex-wakapi-history-import/1.0,2025-10-01 01:34:24.000,2026-05-04 03:43:07.957
Lelando1234,C:/Users/tiaan/My Drive/Tiaan/Personal/Documents & Other/Github/CompanyIntranet/backend/src/database/migrate.js,file,coding,CompanyIntranet,main,JavaScript,true,Wakatime,Windows,Tiaan-Lenovo,codex-wakapi-history-import/1.0,2025-10-01 01:36:24.000,2026-05-04 03:43:07.957
Lelando1234,C:/Users/tiaan/My Drive/Tiaan/Personal/Documents & Other/Github/CompanyIntranet/scripts/company-portal.service,file,coding,CompanyIntranet,main,Text,true,Wakatime,Windows,Tiaan-Lenovo,codex-wakapi-history-import/1.0,2025-10-01 01:38:24.000,2026-05-04 03:43:07.957
Lelando1234,C:/Users/tiaan/My Drive/Tiaan/Personal/Documents & Other/Github/CompanyIntranet/scripts/company-portal.service,file,coding,CompanyIntranet,main,Text,true,Wakatime,Windows,Tiaan-Lenovo,codex-wakapi-history-import/1.0,2025-10-01 01:40:24.000,2026-05-04 03:43:07.957
Lelando1234,C:/Users/tiaan/My Drive/Tiaan/Personal/Documents & Other/Github/CompanyIntranet/scripts/company-portal.service,file,coding,CompanyIntranet,main,Text,true,Wakatime,Windows,Tiaan-Lenovo,codex-wakapi-history-import/1.0,2025-10-01 01:42:24.000,2026-05-04 03:43:07.957
Lelando1234,C:/Users/tiaan/My Drive/Tiaan/Personal/Documents & Other/Github/CompanyIntranet/scripts/company-portal.service,file,coding,CompanyIntranet,main,Text,true,Wakatime,Windows,Tiaan-Lenovo,codex-wakapi-history-import/1.0,2025-10-01 01:44:24.000,2026-05-04 03:43:07.957
Lelando1234,C:/Users/tiaan/My Drive/Tiaan/Personal/Documents & Other/Github/CompanyIntranet/backend/src/database/migrate.js,file,coding,CompanyIntranet,main,JavaScript,true,Wakatime,Windows,Tiaan-Lenovo,codex-wakapi-history-import/1.0,2025-10-02 13:28:20.000,2026-05-04 03:43:07.957
Lelando1234,C:/Users/tiaan/My Drive/Tiaan/Personal/Documents & Other/Github/CompanyIntranet/backend/src/database/migrate.js,file,coding,CompanyIntranet,main,JavaScript,true,Wakatime,Windows,Tiaan-Lenovo,codex-wakapi-history-import/1.0,2025-10-02 13:30:20.000,2026-05-04 03:43:07.957
Lelando1234,C:/Users/tiaan/My Drive/Tiaan/Personal/Documents & Other/Github/CompanyIntranet/backend/src/database/migrate.js,file,coding,CompanyIntranet,main,JavaScript,true,Wakatime,Windows,Tiaan-Lenovo,codex-wakapi-history-import/1.0,2025-10-02 13:32:20.000,2026-05-04 03:43:07.957
Lelando1234,C:/Users/tiaan/My Drive/Tiaan/Personal/Documents & Other/Github/CompanyIntranet/backend/src/database/migrate.js,file,coding,CompanyIntranet,main,JavaScript,true,Wakatime,Windows,Tiaan-Lenovo,codex-wakapi-history-import/1.0,2025-10-02 13:34:20.000,2026-05-04 03:43:07.957
Lelando1234,C:/Users/tiaan/My Drive/Tiaan/Personal/Documents & Other/Github/CompanyIntranet/backend/src/database/migrate.js,file,coding,CompanyIntranet,main,JavaScript,true,Wakatime,Windows,Tiaan-Lenovo,codex-wakapi-history-import/1.0,2025-10-02 13:36:20.000,2026-05-04 03:43:07.957
Lelando1234,C:/Users/tiaan/My Drive/Tiaan/Personal/Documents & Other/Github/CompanyIntranet/backend/src/database/migrate.js,file,coding,CompanyIntranet,main,JavaScript,true,Wakatime,Windows,Tiaan-Lenovo,codex-wakapi-history-import/1.0,2025-10-02 13:38:20.000,2026-05-04 03:43:07.957
Lelando1234,C:/Users/tiaan/My Drive/Tiaan/Personal/Documents & Other/Github/CompanyIntranet/backend/src/database/migrate.js,file,coding,CompanyIntranet,main,JavaScript,true,Wakatime,Windows,Tiaan-Lenovo,codex-wakapi-history-import/1.0,2025-10-02 13:40:20.000,2026-05-04 03:43:07.957
Lelando1234,C:/Users/tiaan/My Drive/Tiaan/Personal/Documents & Other/Github/CompanyIntranet/backend/src/database/migrate.js,file,coding,CompanyIntranet,main,JavaScript,true,Wakatime,Windows,Tiaan-Lenovo,codex-wakapi-history-import/1.0,2025-10-02 13:42:20.000,2026-05-04 03:43:07.957
Lelando1234,C:/Users/tiaan/My Drive/Tiaan/Personal/Documents & Other/Github/CompanyIntranet/backend/src/database/migrate.js,file,coding,CompanyIntranet,main,JavaScript,true,Wakatime,Windows,Tiaan-Lenovo,codex-wakapi-history-import/1.0,2025-10-02 13:44:20.000,2026-05-04 03:43:07.957
Lelando1234,C:/Users/tiaan/My Drive/Tiaan/Personal/Documents & Other/Github/CompanyIntranet/backend/src/database/migrate.js,file,coding,CompanyIntranet,main,JavaScript,true,Wakatime,Windows,Tiaan-Lenovo,codex-wakapi-history-import/1.0,2025-10-02 13:46:20.000,2026-05-04 03:43:07.957
Lelando1234,C:/Users/tiaan/My Drive/Tiaan/Personal/Documents & Other/Github/CompanyIntranet/backend/src/database/migrate.js,file,coding,CompanyIntranet,main,JavaScript,true,Wakatime,Windows,Tiaan-Lenovo,codex-wakapi-history-import/1.0,2025-10-02 13:48:20.000,2026-05-04 03:43:07.957
Lelando1234,C:/Users/tiaan/My Drive/Tiaan/Personal/Documents & Other/Github/CompanyIntranet/backend/src/database/migrate.js,file,coding,CompanyIntranet,main,JavaScript,true,Wakatime,Windows,Tiaan-Lenovo,codex-wakapi-history-import/1.0,2025-10-02 13:50:20.000,2026-05-04 03:43:07.957
Lelando1234,C:/Users/tiaan/My Drive/Tiaan/Personal/Documents & Other/Github/CompanyIntranet/backend/src/database/migrate.js,file,coding,CompanyIntranet,main,JavaScript,true,Wakatime,Windows,Tiaan-Lenovo,codex-wakapi-history-import/1.0,2025-10-02 13:52:20.000,2026-05-04 03:43:07.957
Lelando1234,C:/Users/tiaan/My Drive/Tiaan/Personal/Documents & Other/Github/CompanyIntranet/backend/src/database/schema.sql,file,coding,CompanyIntranet,main,SQL,true,Wakatime,Windows,Tiaan-Lenovo,codex-wakapi-history-import/1.0,2025-10-02 13:54:20.000,2026-05-04 03:43:07.957
Lelando1234,C:/Users/tiaan/My Drive/Tiaan/Personal/Documents & Other/Github/CompanyIntranet/backend/src/database/schema.sql,file,coding,CompanyIntranet,main,SQL,true,Wakatime,Windows,Tiaan-Lenovo,codex-wakapi-history-import/1.0,2025-10-02 13:56:20.000,2026-05-04 03:43:07.957
Lelando1234,C:/Users/tiaan/My Drive/Tiaan/Personal/Documents & Other/Github/CompanyIntranet/backend/src/database/schema.sql,file,coding,CompanyIntranet,main,SQL,true,Wakatime,Windows,Tiaan-Lenovo,codex-wakapi-history-import/1.0,2025-10-02 13:58:20.000,2026-05-04 03:43:07.957
Lelando1234,C:/Users/tiaan/My Drive/Tiaan/Personal/Documents & Other/Github/CompanyIntranet/backend/src/database/schema.sql,file,coding,CompanyIntranet,main,SQL,true,Wakatime,Windows,Tiaan-Lenovo,codex-wakapi-history-import/1.0,2025-10-02 14:00:20.000,2026-05-04 03:43:07.957
Lelando1234,C:/Users/tiaan/My Drive/Tiaan/Personal/Documents & Other/Github/CompanyIntranet/backend/src/database/schema.sql,file,coding,CompanyIntranet,main,SQL,true,Wakatime,Windows,Tiaan-Lenovo,codex-wakapi-history-import/1.0,2025-10-02 14:02:20.000,2026-05-04 03:43:07.957
Lelando1234,C:/Users/tiaan/My Drive/Tiaan/Personal/Documents & Other/Github/CompanyIntranet/backend/src/database/schema.sql,file,coding,CompanyIntranet,main,SQL,true,Wakatime,Windows,Tiaan-Lenovo,codex-wakapi-history-import/1.0,2025-10-02 14:04:20.000,2026-05-04 03:43:07.957
Lelando1234,C:/Users/tiaan/My Drive/Tiaan/Personal/Documents & Other/Github/CompanyIntranet/backend/src/database/schema.sql,file,coding,CompanyIntranet,main,SQL,true,Wakatime,Windows,Tiaan-Lenovo,codex-wakapi-history-import/1.0,2025-10-02 14:06:20.000,2026-05-04 03:43:07.957
Lelando1234,C:/Users/tiaan/My Drive/Tiaan/Personal/Documents & Other/Github/CompanyIntranet/backend/src/database/schema.sql,file,coding,CompanyIntranet,main,SQL,true,Wakatime,Windows,Tiaan-Lenovo,codex-wakapi-history-import/1.0,2025-10-02 14:08:20.000,2026-05-04 03:43:07.957
Lelando1234,C:/Users/tiaan/My Drive/Tiaan/Personal/Documents & Other/Github/CompanyIntranet/backend/src/database/schema.sql,file,coding,CompanyIntranet,main,SQL,true,Wakatime,Windows,Tiaan-Lenovo,codex-wakapi-history-import/1.0,2025-10-02 14:10:20.000,2026-05-04 03:43:07.957
Lelando1234,C:/Users/tiaan/My Drive/Tiaan/Personal/Documents & Other/Github/CompanyIntranet/backend/src/database/schema.sql,file,coding,CompanyIntranet,main,SQL,true,Wakatime,Windows,Tiaan-Lenovo,codex-wakapi-history-import/1.0,2025-10-02 14:12:20.000,2026-05-04 03:43:07.957
Lelando1234,C:/Users/tiaan/My Drive/Tiaan/Personal/Documents & Other/Github/CompanyIntranet/src/components/home.tsx,file,coding,CompanyIntranet,main,TypeScript,true,Wakatime,Windows,Tiaan-Lenovo,codex-wakapi-history-import/1.0,2025-10-03 02:34:24.000,2026-05-04 03:43:07.957
Lelando1234,C:/Users/tiaan/My Drive/Tiaan/Personal/Documents & Other/Github/CompanyIntranet/src/components/home.tsx,file,coding,CompanyIntranet,main,TypeScript,true,Wakatime,Windows,Tiaan-Lenovo,codex-wakapi-history-import/1.0,2025-10-03 02:36:24.000,2026-05-04 03:43:07.957
Lelando1234,C:/Users/tiaan/My Drive/Tiaan/Personal/Documents & Other/Github/CompanyIntranet/src/components/home.tsx,file,coding,CompanyIntranet,main,TypeScript,true,Wakatime,Windows,Tiaan-Lenovo,codex-wakapi-history-import/1.0,2025-10-03 02:38:24.000,2026-05-04 03:43:07.957
Lelando1234,C:/Users/tiaan/My Drive/Tiaan/Personal/Documents & Other/Github/CompanyIntranet/src/components/home.tsx,file,coding,CompanyIntranet,main,TypeScript,true,Wakatime,Windows,Tiaan-Lenovo,codex-wakapi-history-import/1.0,2025-10-03 02:40:24.000,2026-05-04 03:43:07.957
Lelando1234,C:/Users/tiaan/My Drive/Tiaan/Personal/Documents & Other/Github/CompanyIntranet/src/components/home.tsx,file,coding,CompanyIntranet,main,TypeScript,true,Wakatime,Windows,Tiaan-Lenovo,codex-wakapi-history-import/1.0,2025-10-03 02:42:24.000,2026-05-04 03:43:07.957
Lelando1234,C:/Users/tiaan/My Drive/Tiaan/Personal/Documents & Other/Github/CompanyIntranet/src/components/home.tsx,file,coding,CompanyIntranet,main,TypeScript,true,Wakatime,Windows,Tiaan-Lenovo,codex-wakapi-history-import/1.0,2025-10-03 02:44:24.000,2026-05-04 03:43:07.957
Lelando1234,C:/Users/tiaan/My Drive/Tiaan/Personal/Documents & Other/Github/CompanyIntranet/src/components/home.tsx,file,coding,CompanyIntranet,main,TypeScript,true,Wakatime,Windows,Tiaan-Lenovo,codex-wakapi-history-import/1.0,2025-10-03 02:46:24.000,2026-05-04 03:43:07.957
Lelando1234,C:/Users/tiaan/My Drive/Tiaan/Personal/Documents & Other/Github/CompanyIntranet/src/components/home.tsx,file,coding,CompanyIntranet,main,TypeScript,true,Wakatime,Windows,Tiaan-Lenovo,codex-wakapi-history-import/1.0,2025-10-03 02:48:24.000,2026-05-04 03:43:07.957
Lelando1234,C:/Users/tiaan/My Drive/Tiaan/Personal/Documents & Other/Github/CompanyIntranet/src/components/home.tsx,file,coding,CompanyIntranet,main,TypeScript,true,Wakatime,Windows,Tiaan-Lenovo,codex-wakapi-history-import/1.0,2025-10-03 02:50:24.000,2026-05-04 03:43:07.957
Lelando1234,C:/Users/tiaan/My Drive/Tiaan/Personal/Documents & Other/Github/CompanyIntranet/src/components/home.tsx,file,coding,CompanyIntranet,main,TypeScript,true,Wakatime,Windows,Tiaan-Lenovo,codex-wakapi-history-import/1.0,2025-10-03 02:52:24.000,2026-05-04 03:43:07.957
Lelando1234,C:/Users/tiaan/My Drive/Tiaan/Personal/Documents & Other/Github/CompanyIntranet/src/components/home.tsx,file,coding,CompanyIntranet,main,TypeScript,true,Wakatime,Windows,Tiaan-Lenovo,codex-wakapi-history-import/1.0,2025-10-03 02:54:24.000,2026-05-04 03:43:07.957
Lelando1234,C:/Users/tiaan/My Drive/Tiaan/Personal/Documents & Other/Github/CompanyIntranet/src/components/home.tsx,file,coding,CompanyIntranet,main,TypeScript,true,Wakatime,Windows,Tiaan-Lenovo,codex-wakapi-history-import/1.0,2025-10-03 02:56:24.000,2026-05-04 03:43:07.957
Lelando1234,C:/Users/tiaan/My Drive/Tiaan/Personal/Documents & Other/Github/CompanyIntranet/src/components/home.tsx,file,coding,CompanyIntranet,main,TypeScript,true,Wakatime,Windows,Tiaan-Lenovo,codex-wakapi-history-import/1.0,2025-10-03 02:58:24.000,2026-05-04 03:43:07.957
Lelando1234,C:/Users/tiaan/My Drive/Tiaan/Personal/Documents & Other/Github/CompanyIntranet/backend/src/index.js,file,coding,CompanyIntranet,main,JavaScript,true,Wakatime,Windows,Tiaan-Lenovo,codex-wakapi-history-import/1.0,2025-10-03 03:00:24.000,2026-05-04 03:43:07.957
Lelando1234,C:/Users/tiaan/My Drive/Tiaan/Personal/Documents & Other/Github/CompanyIntranet/backend/src/index.js,file,coding,CompanyIntranet,main,JavaScript,true,Wakatime,Windows,Tiaan-Lenovo,codex-wakapi-history-import/1.0,2025-10-03 03:02:24.000,2026-05-04 03:43:07.957
Lelando1234,C:/Users/tiaan/My Drive/Tiaan/Personal/Documents & Other/Github/CompanyIntranet/backend/src/index.js,file,coding,CompanyIntranet,main,JavaScript,true,Wakatime,Windows,Tiaan-Lenovo,codex-wakapi-history-import/1.0,2025-10-03 03:04:24.000,2026-05-04 03:43:07.957
Lelando1234,C:/Users/tiaan/My Drive/Tiaan/Personal/Documents & Other/Github/CompanyIntranet/src/lib/api.ts,file,coding,CompanyIntranet,main,TypeScript,true,Wakatime,Windows,Tiaan-Lenovo,codex-wakapi-history-import/1.0,2025-10-06 12:02:08.000,2026-05-04 03:43:07.957
Lelando1234,C:/Users/tiaan/My Drive/Tiaan/Personal/Documents & Other/Github/CompanyIntranet/src/lib/api.ts,file,coding,CompanyIntranet,main,TypeScript,true,Wakatime,Windows,Tiaan-Lenovo,codex-wakapi-history-import/1.0,2025-10-06 12:04:08.000,2026-05-04 03:43:07.957
Lelando1234,C:/Users/tiaan/My Drive/Tiaan/Personal/Documents & Other/Github/CompanyIntranet/src/lib/api.ts,file,coding,CompanyIntranet,main,TypeScript,true,Wakatime,Windows,Tiaan-Lenovo,codex-wakapi-history-import/1.0,2025-10-06 12:06:08.000,2026-05-04 03:43:07.957
Lelando1234,C:/Users/tiaan/My Drive/Tiaan/Personal/Documents & Other/Github/CompanyIntranet/src/lib/api.ts,file,coding,CompanyIntranet,main,TypeScript,true,Wakatime,Windows,Tiaan-Lenovo,codex-wakapi-history-import/1.0,2025-10-06 12:08:08.000,2026-05-04 03:43:07.957
Lelando1234,C:/Users/tiaan/My Drive/Tiaan/Personal/Documents & Other/Github/CompanyIntranet/src/lib/api.ts,file,coding,CompanyIntranet,main,TypeScript,true,Wakatime,Windows,Tiaan-Lenovo,codex-wakapi-history-import/1.0,2025-10-06 12:10:08.000,2026-05-04 03:43:07.957
Lelando1234,C:/Users/tiaan/My Drive/Tiaan/Personal/Documents & Other/Github/CompanyIntranet/src/lib/api.ts,file,coding,CompanyIntranet,main,TypeScript,true,Wakatime,Windows,Tiaan-Lenovo,codex-wakapi-history-import/1.0,2025-10-06 12:12:08.000,2026-05-04 03:43:07.957
Lelando1234,C:/Users/tiaan/My Drive/Tiaan/Personal/Documents & Other/Github/CompanyIntranet/src/lib/api.ts,file,coding,CompanyIntranet,main,TypeScript,true,Wakatime,Windows,Tiaan-Lenovo,codex-wakapi-history-import/1.0,2025-10-06 12:14:08.000,2026-05-04 03:43:07.957
Lelando1234,C:/Users/tiaan/My Drive/Tiaan/Personal/Documents & Other/Github/CompanyIntranet/src/lib/api.ts,file,coding,CompanyIntranet,main,TypeScript,true,Wakatime,Windows,Tiaan-Lenovo,codex-wakapi-history-import/1.0,2025-10-06 12:16:08.000,2026-05-04 03:43:07.957
Lelando1234,C:/Users/tiaan/My Drive/Tiaan/Personal/Documents & Other/Github/CompanyIntranet/src/lib/api.ts,file,coding,CompanyIntranet,main,TypeScript,true,Wakatime,Windows,Tiaan-Lenovo,codex-wakapi-history-import/1.0,2025-10-06 12:18:08.000,2026-05-04 03:43:07.957
Lelando1234,C:/Users/tiaan/My Drive/Tiaan/Personal/Documents & Other/Github/CompanyIntranet/src/lib/api.ts,file,coding,CompanyIntranet,main,TypeScript,true,Wakatime,Windows,Tiaan-Lenovo,codex-wakapi-history-import/1.0,2025-10-06 12:20:08.000,2026-05-04 03:43:07.957
Lelando1234,C:/Users/tiaan/My Drive/Tiaan/Personal/Documents & Other/Github/CompanyIntranet/src/lib/api.ts,file,coding,CompanyIntranet,main,TypeScript,true,Wakatime,Windows,Tiaan-Lenovo,codex-wakapi-history-import/1.0,2025-10-06 12:22:08.000,2026-05-04 03:43:07.957
Lelando1234,C:/Users/tiaan/My Drive/Tiaan/Personal/Documents & Other/Github/CompanyIntranet/src/lib/api.ts,file,coding,CompanyIntranet,main,TypeScript,true,Wakatime,Windows,Tiaan-Lenovo,codex-wakapi-history-import/1.0,2025-10-06 12:24:08.000,2026-05-04 03:43:07.957
Lelando1234,C:/Users/tiaan/My Drive/Tiaan/Personal/Documents & Other/Github/CompanyIntranet/src/lib/api.ts,file,coding,CompanyIntranet,main,TypeScript,true,Wakatime,Windows,Tiaan-Lenovo,codex-wakapi-history-import/1.0,2025-10-06 12:26:08.000,2026-05-04 03:43:07.957
Lelando1234,C:/Users/tiaan/My Drive/Tiaan/Personal/Documents & Other/Github/CompanyIntranet/src/pages/Dashboard.tsx,file,coding,CompanyIntranet,main,TypeScript,true,Wakatime,Windows,Tiaan-Lenovo,codex-wakapi-history-import/1.0,2025-10-06 12:28:08.000,2026-05-04 03:43:07.957
Lelando1234,C:/Users/tiaan/My Drive/Tiaan/Personal/Documents & Other/Github/CompanyIntranet/src/pages/Dashboard.tsx,file,coding,CompanyIntranet,main,TypeScript,true,Wakatime,Windows,Tiaan-Lenovo,codex-wakapi-history-import/1.0,2025-10-06 12:30:08.000,2026-05-04 03:43:07.957
Lelando1234,C:/Users/tiaan/My Drive/Tiaan/Personal/Documents & Other/Github/CompanyIntranet/src/pages/Dashboard.tsx,file,coding,CompanyIntranet,main,TypeScript,true,Wakatime,Windows,Tiaan-Lenovo,codex-wakapi-history-import/1.0,2025-10-06 12:32:08.000,2026-05-04 03:43:07.957
Lelando1234,C:/Users/tiaan/My Drive/Tiaan/Personal/Documents & Other/Github/CompanyIntranet/src/pages/Dashboard.tsx,file,coding,CompanyIntranet,main,TypeScript,true,Wakatime,Windows,Tiaan-Lenovo,codex-wakapi-history-import/1.0,2025-10-06 12:34:08.000,2026-05-04 03:43:07.957
Lelando1234,C:/Users/tiaan/My Drive/Tiaan/Personal/Documents & Other/Github/CompanyIntranet/src/pages/Dashboard.tsx,file,coding,CompanyIntranet,main,TypeScript,true,Wakatime,Windows,Tiaan-Lenovo,codex-wakapi-history-import/1.0,2025-10-06 12:36:08.000,2026-05-04 03:43:07.957
Lelando1234,C:/Users/tiaan/My Drive/Tiaan/Personal/Documents & Other/Github/CompanyIntranet/src/pages/Dashboard.tsx,file,coding,CompanyIntranet,main,TypeScript,true,Wakatime,Windows,Tiaan-Lenovo,codex-wakapi-history-import/1.0,2025-10-06 12:38:08.000,2026-05-04 03:43:07.957
Lelando1234,C:/Users/tiaan/My Drive/Tiaan/Personal/Documents & Other/Github/CompanyIntranet/src/pages/Dashboard.tsx,file,coding,CompanyIntranet,main,TypeScript,true,Wakatime,Windows,Tiaan-Lenovo,codex-wakapi-history-import/1.0,2025-10-06 12:40:08.000,2026-05-04 03:43:07.957
Lelando1234,C:/Users/tiaan/My Drive/Tiaan/Personal/Documents & Other/Github/CompanyIntranet/src/pages/Dashboard.tsx,file,coding,CompanyIntranet,main,TypeScript,true,Wakatime,Windows,Tiaan-Lenovo,codex-wakapi-history-import/1.0,2025-10-06 12:42:08.000,2026-05-04 03:43:07.957
Lelando1234,C:/Users/tiaan/My Drive/Tiaan/Personal/Documents & Other/Github/CompanyIntranet/src/pages/Dashboard.tsx,file,coding,CompanyIntranet,main,TypeScript,true,Wakatime,Windows,Tiaan-Lenovo,codex-wakapi-history-import/1.0,2025-10-06 12:44:08.000,2026-05-04 03:43:07.957
Lelando1234,C:/Users/tiaan/My Drive/Tiaan/Personal/Documents & Other/Github/CompanyIntranet/src/pages/Dashboard.tsx,file,coding,CompanyIntranet,main,TypeScript,true,Wakatime,Windows,Tiaan-Lenovo,codex-wakapi-history-import/1.0,2025-10-06 12:46:08.000,2026-05-04 03:43:07.957
Lelando1234,C:/Users/tiaan/My Drive/Tiaan/Personal/Documents & Other/Github/CompanyIntranet/src/pages/Dashboard.tsx,file,coding,CompanyIntranet,main,TypeScript,true,Wakatime,Windows,Tiaan-Lenovo,codex-wakapi-history-import/1.0,2025-10-06 12:48:08.000,2026-05-04 03:43:07.957
Lelando1234,C:/Users/tiaan/My Drive/Tiaan/Personal/Documents & Other/Github/CompanyIntranet/src/pages/Dashboard.tsx,file,coding,CompanyIntranet,main,TypeScript,true,Wakatime,Windows,Tiaan-Lenovo,codex-wakapi-history-import/1.0,2025-10-06 12:50:08.000,2026-05-04 03:43:07.957
Lelando1234,C:/Users/tiaan/My Drive/Tiaan/Personal/Documents & Other/Github/CompanyIntranet/src/components/NewsFeed.tsx,file,coding,CompanyIntranet,main,TypeScript,true,Wakatime,Windows,Tiaan-Lenovo,codex-wakapi-history-import/1.0,2025-10-06 12:52:08.000,2026-05-04 03:43:07.957
Lelando1234,C:/Users/tiaan/My Drive/Tiaan/Personal/Documents & Other/Github/CompanyIntranet/src/components/NewsFeed.tsx,file,coding,CompanyIntranet,main,TypeScript,true,Wakatime,Windows,Tiaan-Lenovo,codex-wakapi-history-import/1.0,2025-10-06 12:54:08.000,2026-05-04 03:43:07.957
Lelando1234,C:/Users/tiaan/My Drive/Tiaan/Personal/Documents & Other/Github/CompanyIntranet/src/components/NewsFeed.tsx,file,coding,CompanyIntranet,main,TypeScript,true,Wakatime,Windows,Tiaan-Lenovo,codex-wakapi-history-import/1.0,2025-10-06 12:56:08.000,2026-05-04 03:43:07.957
Lelando1234,C:/Users/tiaan/My Drive/Tiaan/Personal/Documents & Other/Github/CompanyIntranet/src/components/NewsFeed.tsx,file,coding,CompanyIntranet,main,TypeScript,true,Wakatime,Windows,Tiaan-Lenovo,codex-wakapi-history-import/1.0,2025-10-06 12:58:08.000,2026-05-04 03:43:07.957
Lelando1234,C:/Users/tiaan/My Drive/Tiaan/Personal/Documents & Other/Github/CompanyIntranet/src/components/NewsFeed.tsx,file,coding,CompanyIntranet,main,TypeScript,true,Wakatime,Windows,Tiaan-Lenovo,codex-wakapi-history-import/1.0,2025-10-06 13:00:08.000,2026-05-04 03:43:07.957
Lelando1234,C:/Users/tiaan/My Drive/Tiaan/Personal/Documents & Other/Github/CompanyIntranet/src/components/NewsFeed.tsx,file,coding,CompanyIntranet,main,TypeScript,true,Wakatime,Windows,Tiaan-Lenovo,codex-wakapi-history-import/1.0,2025-10-06 13:02:08.000,2026-05-04 03:43:07.957
Lelando1234,C:/Users/tiaan/My Drive/Tiaan/Personal/Documents & Other/Github/CompanyIntranet/install.sh,file,coding,CompanyIntranet,main,Bash,true,Wakatime,Windows,Tiaan-Lenovo,codex-wakapi-history-import/1.0,2025-10-10 02:14:39.000,2026-05-04 03:43:07.957
Lelando1234,C:/Users/tiaan/My Drive/Tiaan/Personal/Documents & Other/Github/CompanyIntranet/install.sh,file,coding,CompanyIntranet,main,Bash,true,Wakatime,Windows,Tiaan-Lenovo,codex-wakapi-history-import/1.0,2025-10-10 02:16:39.000,2026-05-04 03:43:07.957
Lelando1234,C:/Users/tiaan/My Drive/Tiaan/Personal/Documents & Other/Github/CompanyIntranet/install.sh,file,coding,CompanyIntranet,main,Bash,true,Wakatime,Windows,Tiaan-Lenovo,codex-wakapi-history-import/1.0,2025-10-10 02:18:39.000,2026-05-04 03:43:07.957
Lelando1234,C:/Users/tiaan/My Drive/Tiaan/Personal/Documents & Other/Github/CompanyIntranet/install.sh,file,coding,CompanyIntranet,main,Bash,true,Wakatime,Windows,Tiaan-Lenovo,codex-wakapi-history-import/1.0,2025-10-10 02:20:39.000,2026-05-04 03:43:07.957
Lelando1234,C:/Users/tiaan/My Drive/Tiaan/Personal/Documents & Other/Github/CompanyIntranet/install.sh,file,coding,CompanyIntranet,main,Bash,true,Wakatime,Windows,Tiaan-Lenovo,codex-wakapi-history-import/1.0,2025-10-10 02:22:39.000,2026-05-04 03:43:07.957
Lelando1234,C:/Users/tiaan/My Drive/Tiaan/Personal/Documents & Other/Github/CompanyIntranet/install.sh,file,coding,CompanyIntranet,main,Bash,true,Wakatime,Windows,Tiaan-Lenovo,codex-wakapi-history-import/1.0,2025-10-10 02:24:39.000,2026-05-04 03:43:07.957
Lelando1234,C:/Users/tiaan/My Drive/Tiaan/Personal/Documents & Other/Github/CompanyIntranet/install.sh,file,coding,CompanyIntranet,main,Bash,true,Wakatime,Windows,Tiaan-Lenovo,codex-wakapi-history-import/1.0,2025-10-10 02:26:39.000,2026-05-04 03:43:07.957
Lelando1234,C:/Users/tiaan/My Drive/Tiaan/Personal/Documents & Other/Github/CompanyIntranet/install.sh,file,coding,CompanyIntranet,main,Bash,true,Wakatime,Windows,Tiaan-Lenovo,codex-wakapi-history-import/1.0,2025-10-10 02:28:39.000,2026-05-04 03:43:07.957
Lelando1234,C:/Users/tiaan/My Drive/Tiaan/Personal/Documents & Other/Github/CompanyIntranet/install.sh,file,coding,CompanyIntranet,main,Bash,true,Wakatime,Windows,Tiaan-Lenovo,codex-wakapi-history-import/1.0,2025-10-10 02:30:39.000,2026-05-04 03:43:07.957
Lelando1234,C:/Users/tiaan/My Drive/Tiaan/Personal/Documents & Other/Github/CompanyIntranet/install.sh,file,coding,CompanyIntranet,main,Bash,true,Wakatime,Windows,Tiaan-Lenovo,codex-wakapi-history-import/1.0,2025-10-10 02:32:39.000,2026-05-04 03:43:07.957
Lelando1234,C:/Users/tiaan/My Drive/Tiaan/Personal/Documents & Other/Github/CompanyIntranet/install.sh,file,coding,CompanyIntranet,main,Bash,true,Wakatime,Windows,Tiaan-Lenovo,codex-wakapi-history-import/1.0,2025-10-10 02:34:39.000,2026-05-04 03:43:07.957
Lelando1234,C:/Users/tiaan/My Drive/Tiaan/Personal/Documents & Other/Github/CompanyIntranet/install.sh,file,coding,CompanyIntranet,main,Bash,true,Wakatime,Windows,Tiaan-Lenovo,codex-wakapi-history-import/1.0,2025-10-10 02:36:39.000,2026-05-04 03:43:07.957
Lelando1234,C:/Users/tiaan/My Drive/Tiaan/Personal/Documents & Other/Github/CompanyIntranet/install.sh,file,coding,CompanyIntranet,main,Bash,true,Wakatime,Windows,Tiaan-Lenovo,codex-wakapi-history-import/1.0,2025-10-10 02:38:39.000,2026-05-04 03:43:07.957
Lelando1234,C:/Users/tiaan/My Drive/Tiaan/Personal/Documents & Other/Github/CompanyIntranet/src/App.tsx,file,coding,CompanyIntranet,main,TypeScript,true,Wakatime,Windows,Tiaan-Lenovo,codex-wakapi-history-import/1.0,2025-10-10 02:40:39.000,2026-05-04 03:43:07.957
Lelando1234,C:/Users/tiaan/My Drive/Tiaan/Personal/Documents & Other/Github/CompanyIntranet/src/App.tsx,file,coding,CompanyIntranet,main,TypeScript,true,Wakatime,Windows,Tiaan-Lenovo,codex-wakapi-history-import/1.0,2025-10-10 02:42:39.000,2026-05-04 03:43:07.957
Lelando1234,C:/Users/tiaan/My Drive/Tiaan/Personal/Documents & Other/Github/CompanyIntranet/src/App.tsx,file,coding,CompanyIntranet,main,TypeScript,true,Wakatime,Windows,Tiaan-Lenovo,codex-wakapi-history-import/1.0,2025-10-10 02:44:39.000,2026-05-04 03:43:07.957
Lelando1234,C:/Users/tiaan/My Drive/Tiaan/Personal/Documents & Other/Github/CompanyIntranet/src/components/SideNavigation.tsx,file,coding,CompanyIntranet,main,TypeScript,true,Wakatime,Windows,Tiaan-Lenovo,codex-wakapi-history-import/1.0,2025-10-14 01:34:12.000,2026-05-04 03:43:07.957
Lelando1234,C:/Users/tiaan/My Drive/Tiaan/Personal/Documents & Other/Github/CompanyIntranet/src/components/SideNavigation.tsx,file,coding,CompanyIntranet,main,TypeScript,true,Wakatime,Windows,Tiaan-Lenovo,codex-wakapi-history-import/1.0,2025-10-14 01:36:12.000,2026-05-04 03:43:07.957
Lelando1234,C:/Users/tiaan/My Drive/Tiaan/Personal/Documents & Other/Github/CompanyIntranet/src/components/SideNavigation.tsx,file,coding,CompanyIntranet,main,TypeScript,true,Wakatime,Windows,Tiaan-Lenovo,codex-wakapi-history-import/1.0,2025-10-14 01:38:12.000,2026-05-04 03:43:07.957
Lelando1234,C:/Users/tiaan/My Drive/Tiaan/Personal/Documents & Other/Github/CompanyIntranet/src/components/SideNavigation.tsx,file,coding,CompanyIntranet,main,TypeScript,true,Wakatime,Windows,Tiaan-Lenovo,codex-wakapi-history-import/1.0,2025-10-14 01:40:12.000,2026-05-04 03:43:07.957
Lelando1234,C:/Users/tiaan/My Drive/Tiaan/Personal/Documents & Other/Github/CompanyIntranet/src/components/SideNavigation.tsx,file,coding,CompanyIntranet,main,TypeScript,true,Wakatime,Windows,Tiaan-Lenovo,codex-wakapi-history-import/1.0,2025-10-14 01:42:12.000,2026-05-04 03:43:07.957
Lelando1234,C:/Users/tiaan/My Drive/Tiaan/Personal/Documents & Other/Github/CompanyIntranet/src/components/SideNavigation.tsx,file,coding,CompanyIntranet,main,TypeScript,true,Wakatime,Windows,Tiaan-Lenovo,codex-wakapi-history-import/1.0,2025-10-14 01:44:12.000,2026-05-04 03:43:07.957
Lelando1234,C:/Users/tiaan/My Drive/Tiaan/Personal/Documents & Other/Github/CompanyIntranet/src/components/SideNavigation.tsx,file,coding,CompanyIntranet,main,TypeScript,true,Wakatime,Windows,Tiaan-Lenovo,codex-wakapi-history-import/1.0,2025-10-14 01:46:12.000,2026-05-04 03:43:07.957
Lelando1234,C:/Users/tiaan/My Drive/Tiaan/Personal/Documents & Other/Github/CompanyIntranet/src/components/SideNavigation.tsx,file,coding,CompanyIntranet,main,TypeScript,true,Wakatime,Windows,Tiaan-Lenovo,codex-wakapi-history-import/1.0,2025-10-14 01:48:12.000,2026-05-04 03:43:07.957
Lelando1234,C:/Users/tiaan/My Drive/Tiaan/Personal/Documents & Other/Github/CompanyIntranet/src/components/SideNavigation.tsx,file,coding,CompanyIntranet,main,TypeScript,true,Wakatime,Windows,Tiaan-Lenovo,codex-wakapi-history-import/1.0,2025-10-14 01:50:12.000,2026-05-04 03:43:07.957
Lelando1234,C:/Users/tiaan/My Drive/Tiaan/Personal/Documents & Other/Github/CompanyIntranet/src/components/SideNavigation.tsx,file,coding,CompanyIntranet,main,TypeScript,true,Wakatime,Windows,Tiaan-Lenovo,codex-wakapi-history-import/1.0,2025-10-14 01:52:12.000,2026-05-04 03:43:07.957
Lelando1234,C:/Users/tiaan/My Drive/Tiaan/Personal/Documents & Other/Github/CompanyIntranet/src/components/SideNavigation.tsx,file,coding,CompanyIntranet,main,TypeScript,true,Wakatime,Windows,Tiaan-Lenovo,codex-wakapi-history-import/1.0,2025-10-14 01:54:12.000,2026-05-04 03:43:07.957
Lelando1234,C:/Users/tiaan/My Drive/Tiaan/Personal/Documents & Other/Github/CompanyIntranet/src/components/SideNavigation.tsx,file,coding,CompanyIntranet,main,TypeScript,true,Wakatime,Windows,Tiaan-Lenovo,codex-wakapi-history-import/1.0,2025-10-14 01:56:12.000,2026-05-04 03:43:07.957
Lelando1234,C:/Users/tiaan/My Drive/Tiaan/Personal/Documents & Other/Github/CompanyIntranet/src/components/SideNavigation.tsx,file,coding,CompanyIntranet,main,TypeScript,true,Wakatime,Windows,Tiaan-Lenovo,codex-wakapi-history-import/1.0,2025-10-14 01:58:12.000,2026-05-04 03:43:07.957
Lelando1234,C:/Users/tiaan/My Drive/Tiaan/Personal/Documents & Other/Github/CompanyIntranet/src/contexts/AuthContext.tsx,file,coding,CompanyIntranet,main,TypeScript,true,Wakatime,Windows,Tiaan-Lenovo,codex-wakapi-history-import/1.0,2025-10-14 02:00:12.000,2026-05-04 03:43:07.957
Lelando1234,C:/Users/tiaan/My Drive/Tiaan/Personal/Documents & Other/Github/CompanyIntranet/src/contexts/AuthContext.tsx,file,coding,CompanyIntranet,main,TypeScript,true,Wakatime,Windows,Tiaan-Lenovo,codex-wakapi-history-import/1.0,2025-10-14 02:02:12.000,2026-05-04 03:43:07.957
Lelando1234,C:/Users/tiaan/My Drive/Tiaan/Personal/Documents & Other/Github/CompanyIntranet/src/contexts/AuthContext.tsx,file,coding,CompanyIntranet,main,TypeScript,true,Wakatime,Windows,Tiaan-Lenovo,codex-wakapi-history-import/1.0,2025-10-14 02:04:12.000,2026-05-04 03:43:07.957
Lelando1234,C:/Users/tiaan/My Drive/Tiaan/Personal/Documents & Other/Github/CompanyIntranet/src/contexts/AuthContext.tsx,file,coding,CompanyIntranet,main,TypeScript,true,Wakatime,Windows,Tiaan-Lenovo,codex-wakapi-history-import/1.0,2025-10-14 02:06:12.000,2026-05-04 03:43:07.957
Lelando1234,C:/Users/tiaan/My Drive/Tiaan/Personal/Documents & Other/Github/CompanyIntranet/src/contexts/AuthContext.tsx,file,coding,CompanyIntranet,main,TypeScript,true,Wakatime,Windows,Tiaan-Lenovo,codex-wakapi-history-import/1.0,2025-10-14 02:08:12.000,2026-05-04 03:43:07.957
Lelando1234,C:/Users/tiaan/My Drive/Tiaan/Personal/Documents & Other/Github/CompanyIntranet/src/contexts/AuthContext.tsx,file,coding,CompanyIntranet,main,TypeScript,true,Wakatime,Windows,Tiaan-Lenovo,codex-wakapi-history-import/1.0,2025-10-14 02:10:12.000,2026-05-04 03:43:07.957
Lelando1234,C:/Users/tiaan/My Drive/Tiaan/Personal/Documents & Other/Github/CompanyIntranet/src/contexts/AuthContext.tsx,file,coding,CompanyIntranet,main,TypeScript,true,Wakatime,Windows,Tiaan-Lenovo,codex-wakapi-history-import/1.0,2025-10-14 02:12:12.000,2026-05-04 03:43:07.957
Lelando1234,C:/Users/tiaan/My Drive/Tiaan/Personal/Documents & Other/Github/CompanyIntranet/src/contexts/AuthContext.tsx,file,coding,CompanyIntranet,main,TypeScript,true,Wakatime,Windows,Tiaan-Lenovo,codex-wakapi-history-import/1.0,2025-10-14 02:14:12.000,2026-05-04 03:43:07.957
Lelando1234,C:/Users/tiaan/My Drive/Tiaan/Personal/Documents & Other/Github/CompanyIntranet/src/contexts/AuthContext.tsx,file,coding,CompanyIntranet,main,TypeScript,true,Wakatime,Windows,Tiaan-Lenovo,codex-wakapi-history-import/1.0,2025-10-14 02:16:12.000,2026-05-04 03:43:07.957
Lelando1234,C:/Users/tiaan/My Drive/Tiaan/Personal/Documents & Other/Github/CompanyIntranet/backend/src/index.js,file,coding,CompanyIntranet,main,JavaScript,true,Wakatime,Windows,Tiaan-Lenovo,codex-wakapi-history-import/1.0,2025-10-15 12:46:52.000,2026-05-04 03:43:07.957
Lelando1234,C:/Users/tiaan/My Drive/Tiaan/Personal/Documents & Other/Github/CompanyIntranet/backend/src/index.js,file,coding,CompanyIntranet,main,JavaScript,true,Wakatime,Windows,Tiaan-Lenovo,codex-wakapi-history-import/1.0,2025-10-15 12:48:52.000,2026-05-04 03:43:07.957
Lelando1234,C:/Users/tiaan/My Drive/Tiaan/Personal/Documents & Other/Github/CompanyIntranet/backend/src/index.js,file,coding,CompanyIntranet,main,JavaScript,true,Wakatime,Windows,Tiaan-Lenovo,codex-wakapi-history-import/1.0,2025-10-15 12:50:52.000,2026-05-04 03:43:07.957
Lelando1234,C:/Users/tiaan/My Drive/Tiaan/Personal/Documents & Other/Github/CompanyIntranet/backend/src/index.js,file,coding,CompanyIntranet,main,JavaScript,true,Wakatime,Windows,Tiaan-Lenovo,codex-wakapi-history-import/1.0,2025-10-15 12:52:52.000,2026-05-04 03:43:07.957
Lelando1234,C:/Users/tiaan/My Drive/Tiaan/Personal/Documents & Other/Github/CompanyIntranet/backend/src/index.js,file,coding,CompanyIntranet,main,JavaScript,true,Wakatime,Windows,Tiaan-Lenovo,codex-wakapi-history-import/1.0,2025-10-15 12:54:52.000,2026-05-04 03:43:07.957
Lelando1234,C:/Users/tiaan/My Drive/Tiaan/Personal/Documents & Other/Github/CompanyIntranet/backend/src/index.js,file,coding,CompanyIntranet,main,JavaScript,true,Wakatime,Windows,Tiaan-Lenovo,codex-wakapi-history-import/1.0,2025-10-15 12:56:52.000,2026-05-04 03:43:07.957
Lelando1234,C:/Users/tiaan/My Drive/Tiaan/Personal/Documents & Other/Github/CompanyIntranet/backend/src/index.js,file,coding,CompanyIntranet,main,JavaScript,true,Wakatime,Windows,Tiaan-Lenovo,codex-wakapi-history-import/1.0,2025-10-15 12:58:52.000,2026-05-04 03:43:07.957
Lelando1234,C:/Users/tiaan/My Drive/Tiaan/Personal/Documents & Other/Github/CompanyIntranet/backend/src/index.js,file,coding,CompanyIntranet,main,JavaScript,true,Wakatime,Windows,Tiaan-Lenovo,codex-wakapi-history-import/1.0,2025-10-15 13:00:52.000,2026-05-04 03:43:07.957
Lelando1234,C:/Users/tiaan/My Drive/Tiaan/Personal/Documents & Other/Github/CompanyIntranet/backend/src/index.js,file,coding,CompanyIntranet,main,JavaScript,true,Wakatime,Windows,Tiaan-Lenovo,codex-wakapi-history-import/1.0,2025-10-15 13:02:52.000,2026-05-04 03:43:07.957
Lelando1234,C:/Users/tiaan/My Drive/Tiaan/Personal/Documents & Other/Github/CompanyIntranet/backend/src/index.js,file,coding,CompanyIntranet,main,JavaScript,true,Wakatime,Windows,Tiaan-Lenovo,codex-wakapi-history-import/1.0,2025-10-15 13:04:52.000,2026-05-04 03:43:07.957
Lelando1234,C:/Users/tiaan/My Drive/Tiaan/Personal/Documents & Other/Github/CompanyIntranet/backend/src/index.js,file,coding,CompanyIntranet,main,JavaScript,true,Wakatime,Windows,Tiaan-Lenovo,codex-wakapi-history-import/1.0,2025-10-15 13:06:52.000,2026-05-04 03:43:07.957
Lelando1234,C:/Users/tiaan/My Drive/Tiaan/Personal/Documents & Other/Github/CompanyIntranet/backend/src/index.js,file,coding,CompanyIntranet,main,JavaScript,true,Wakatime,Windows,Tiaan-Lenovo,codex-wakapi-history-import/1.0,2025-10-15 13:08:52.000,2026-05-04 03:43:07.957
Lelando1234,C:/Users/tiaan/My Drive/Tiaan/Personal/Documents & Other/Github/CompanyIntranet/backend/src/index.js,file,coding,CompanyIntranet,main,JavaScript,true,Wakatime,Windows,Tiaan-Lenovo,codex-wakapi-history-import/1.0,2025-10-15 13:10:52.000,2026-05-04 03:43:07.957
Lelando1234,C:/Users/tiaan/My Drive/Tiaan/Personal/Documents & Other/Github/CompanyIntranet/backend/src/routes/articles.js,file,coding,CompanyIntranet,main,JavaScript,true,Wakatime,Windows,Tiaan-Lenovo,codex-wakapi-history-import/1.0,2025-10-15 13:12:52.000,2026-05-04 03:43:07.957
Lelando1234,C:/Users/tiaan/My Drive/Tiaan/Personal/Documents & Other/Github/CompanyIntranet/backend/src/routes/articles.js,file,coding,CompanyIntranet,main,JavaScript,true,Wakatime,Windows,Tiaan-Lenovo,codex-wakapi-history-import/1.0,2025-10-15 13:14:52.000,2026-05-04 03:43:07.957
Lelando1234,C:/Users/tiaan/My Drive/Tiaan/Personal/Documents & Other/Github/CompanyIntranet/backend/src/routes/articles.js,file,coding,CompanyIntranet,main,JavaScript,true,Wakatime,Windows,Tiaan-Lenovo,codex-wakapi-history-import/1.0,2025-10-15 13:16:52.000,2026-05-04 03:43:07.957
Lelando1234,C:/Users/tiaan/My Drive/Tiaan/Personal/Documents & Other/Github/CompanyIntranet/backend/src/routes/articles.js,file,coding,CompanyIntranet,main,JavaScript,true,Wakatime,Windows,Tiaan-Lenovo,codex-wakapi-history-import/1.0,2025-10-15 13:18:52.000,2026-05-04 03:43:07.957
Lelando1234,C:/Users/tiaan/My Drive/Tiaan/Personal/Documents & Other/Github/CompanyIntranet/backend/src/routes/articles.js,file,coding,CompanyIntranet,main,JavaScript,true,Wakatime,Windows,Tiaan-Lenovo,codex-wakapi-history-import/1.0,2025-10-15 13:20:52.000,2026-05-04 03:43:07.957
Lelando1234,C:/Users/tiaan/My Drive/Tiaan/Personal/Documents & Other/Github/CompanyIntranet/backend/src/routes/articles.js,file,coding,CompanyIntranet,main,JavaScript,true,Wakatime,Windows,Tiaan-Lenovo,codex-wakapi-history-import/1.0,2025-10-15 13:22:52.000,2026-05-04 03:43:07.957
Lelando1234,C:/Users/tiaan/My Drive/Tiaan/Personal/Documents & Other/Github/CompanyIntranet/backend/src/routes/articles.js,file,coding,CompanyIntranet,main,JavaScript,true,Wakatime,Windows,Tiaan-Lenovo,codex-wakapi-history-import/1.0,2025-10-15 13:24:52.000,2026-05-04 03:43:07.957
Lelando1234,C:/Users/tiaan/My Drive/Tiaan/Personal/Documents & Other/Github/CompanyIntranet/backend/src/routes/articles.js,file,coding,CompanyIntranet,main,JavaScript,true,Wakatime,Windows,Tiaan-Lenovo,codex-wakapi-history-import/1.0,2025-10-15 13:26:52.000,2026-05-04 03:43:07.957
Lelando1234,C:/Users/tiaan/My Drive/Tiaan/Personal/Documents & Other/Github/CompanyIntranet/backend/src/routes/articles.js,file,coding,CompanyIntranet,main,JavaScript,true,Wakatime,Windows,Tiaan-Lenovo,codex-wakapi-history-import/1.0,2025-10-20 12:09:00.000,2026-05-04 03:43:07.957
Lelando1234,C:/Users/tiaan/My Drive/Tiaan/Personal/Documents & Other/Github/CompanyIntranet/backend/src/routes/articles.js,file,coding,CompanyIntranet,main,JavaScript,true,Wakatime,Windows,Tiaan-Lenovo,codex-wakapi-history-import/1.0,2025-10-20 12:11:00.000,2026-05-04 03:43:07.957
Lelando1234,C:/Users/tiaan/My Drive/Tiaan/Personal/Documents & Other/Github/CompanyIntranet/backend/src/routes/articles.js,file,coding,CompanyIntranet,main,JavaScript,true,Wakatime,Windows,Tiaan-Lenovo,codex-wakapi-history-import/1.0,2025-10-20 12:13:00.000,2026-05-04 03:43:07.957
Lelando1234,C:/Users/tiaan/My Drive/Tiaan/Personal/Documents & Other/Github/CompanyIntranet/backend/src/routes/articles.js,file,coding,CompanyIntranet,main,JavaScript,true,Wakatime,Windows,Tiaan-Lenovo,codex-wakapi-history-import/1.0,2025-10-20 12:15:00.000,2026-05-04 03:43:07.957
Lelando1234,C:/Users/tiaan/My Drive/Tiaan/Personal/Documents & Other/Github/CompanyIntranet/backend/src/routes/articles.js,file,coding,CompanyIntranet,main,JavaScript,true,Wakatime,Windows,Tiaan-Lenovo,codex-wakapi-history-import/1.0,2025-10-20 12:17:00.000,2026-05-04 03:43:07.957
Lelando1234,C:/Users/tiaan/My Drive/Tiaan/Personal/Documents & Other/Github/CompanyIntranet/backend/src/routes/articles.js,file,coding,CompanyIntranet,main,JavaScript,true,Wakatime,Windows,Tiaan-Lenovo,codex-wakapi-history-import/1.0,2025-10-20 12:19:00.000,2026-05-04 03:43:07.957
Lelando1234,C:/Users/tiaan/My Drive/Tiaan/Personal/Documents & Other/Github/CompanyIntranet/backend/src/routes/articles.js,file,coding,CompanyIntranet,main,JavaScript,true,Wakatime,Windows,Tiaan-Lenovo,codex-wakapi-history-import/1.0,2025-10-20 12:21:00.000,2026-05-04 03:43:07.957
Lelando1234,C:/Users/tiaan/My Drive/Tiaan/Personal/Documents & Other/Github/CompanyIntranet/backend/src/routes/articles.js,file,coding,CompanyIntranet,main,JavaScript,true,Wakatime,Windows,Tiaan-Lenovo,codex-wakapi-history-import/1.0,2025-10-20 12:23:00.000,2026-05-04 03:43:07.957
Lelando1234,C:/Users/tiaan/My Drive/Tiaan/Personal/Documents & Other/Github/CompanyIntranet/backend/src/routes/articles.js,file,coding,CompanyIntranet,main,JavaScript,true,Wakatime,Windows,Tiaan-Lenovo,codex-wakapi-history-import/1.0,2025-10-20 12:25:00.000,2026-05-04 03:43:07.957
Lelando1234,C:/Users/tiaan/My Drive/Tiaan/Personal/Documents & Other/Github/CompanyIntranet/backend/src/routes/articles.js,file,coding,CompanyIntranet,main,JavaScript,true,Wakatime,Windows,Tiaan-Lenovo,codex-wakapi-history-import/1.0,2025-10-20 12:27:00.000,2026-05-04 03:43:07.957
Lelando1234,C:/Users/tiaan/My Drive/Tiaan/Personal/Documents & Other/Github/CompanyIntranet/backend/src/routes/articles.js,file,coding,CompanyIntranet,main,JavaScript,true,Wakatime,Windows,Tiaan-Lenovo,codex-wakapi-history-import/1.0,2025-10-20 12:29:00.000,2026-05-04 03:43:07.957
Lelando1234,C:/Users/tiaan/My Drive/Tiaan/Personal/Documents & Other/Github/CompanyIntranet/backend/src/routes/articles.js,file,coding,CompanyIntranet,main,JavaScript,true,Wakatime,Windows,Tiaan-Lenovo,codex-wakapi-history-import/1.0,2025-10-20 12:31:00.000,2026-05-04 03:43:07.957
Lelando1234,C:/Users/tiaan/My Drive/Tiaan/Personal/Documents & Other/Github/CompanyIntranet/backend/src/routes/articles.js,file,coding,CompanyIntranet,main,JavaScript,true,Wakatime,Windows,Tiaan-Lenovo,codex-wakapi-history-import/1.0,2025-10-20 12:33:00.000,2026-05-04 03:43:07.957
Lelando1234,C:/Users/tiaan/My Drive/Tiaan/Personal/Documents & Other/Github/CompanyIntranet/src/components/SideNavigation.tsx,file,coding,CompanyIntranet,main,TypeScript,true,Wakatime,Windows,Tiaan-Lenovo,codex-wakapi-history-import/1.0,2025-10-20 12:35:00.000,2026-05-04 03:43:07.957
Lelando1234,C:/Users/tiaan/My Drive/Tiaan/Personal/Documents & Other/Github/CompanyIntranet/src/components/SideNavigation.tsx,file,coding,CompanyIntranet,main,TypeScript,true,Wakatime,Windows,Tiaan-Lenovo,codex-wakapi-history-import/1.0,2025-10-20 12:37:00.000,2026-05-04 03:43:07.957
Lelando1234,C:/Users/tiaan/My Drive/Tiaan/Personal/Documents & Other/Github/CompanyIntranet/src/components/SideNavigation.tsx,file,coding,CompanyIntranet,main,TypeScript,true,Wakatime,Windows,Tiaan-Lenovo,codex-wakapi-history-import/1.0,2025-10-20 12:39:00.000,2026-05-04 03:43:07.957
Lelando1234,C:/Users/tiaan/My Drive/Tiaan/Personal/Documents & Other/Github/CompanyIntranet/src/components/SideNavigation.tsx,file,coding,CompanyIntranet,main,TypeScript,true,Wakatime,Windows,Tiaan-Lenovo,codex-wakapi-history-import/1.0,2025-10-20 12:41:00.000,2026-05-04 03:43:07.957
Lelando1234,C:/Users/tiaan/My Drive/Tiaan/Personal/Documents & Other/Github/CompanyIntranet/src/components/SideNavigation.tsx,file,coding,CompanyIntranet,main,TypeScript,true,Wakatime,Windows,Tiaan-Lenovo,codex-wakapi-history-import/1.0,2025-10-20 12:43:00.000,2026-05-04 03:43:07.957
Lelando1234,C:/Users/tiaan/My Drive/Tiaan/Personal/Documents & Other/Github/CompanyIntranet/src/components/SideNavigation.tsx,file,coding,CompanyIntranet,main,TypeScript,true,Wakatime,Windows,Tiaan-Lenovo,codex-wakapi-history-import/1.0,2025-10-20 12:45:00.000,2026-05-04 03:43:07.957
Lelando1234,C:/Users/tiaan/My Drive/Tiaan/Personal/Documents & Other/Github/CompanyIntranet/src/components/SideNavigation.tsx,file,coding,CompanyIntranet,main,TypeScript,true,Wakatime,Windows,Tiaan-Lenovo,codex-wakapi-history-import/1.0,2025-10-20 12:47:00.000,2026-05-04 03:43:07.957
Lelando1234,C:/Users/tiaan/My Drive/Tiaan/Personal/Documents & Other/Github/CompanyIntranet/src/components/SideNavigation.tsx,file,coding,CompanyIntranet,main,TypeScript,true,Wakatime,Windows,Tiaan-Lenovo,codex-wakapi-history-import/1.0,2025-10-20 12:49:00.000,2026-05-04 03:43:07.957
Lelando1234,C:/Users/tiaan/My Drive/Tiaan/Personal/Documents & Other/Github/CompanyIntranet/src/components/SideNavigation.tsx,file,coding,CompanyIntranet,main,TypeScript,true,Wakatime,Windows,Tiaan-Lenovo,codex-wakapi-history-import/1.0,2025-10-20 12:51:00.000,2026-05-04 03:43:07.957
Lelando1234,C:/Users/tiaan/My Drive/Tiaan/Personal/Documents & Other/Github/CompanyIntranet/src/components/SideNavigation.tsx,file,coding,CompanyIntranet,main,TypeScript,true,Wakatime,Windows,Tiaan-Lenovo,codex-wakapi-history-import/1.0,2025-10-20 12:53:00.000,2026-05-04 03:43:07.957
Lelando1234,C:/Users/tiaan/My Drive/Tiaan/Personal/Documents & Other/Github/CompanyIntranet/src/components/SideNavigation.tsx,file,coding,CompanyIntranet,main,TypeScript,true,Wakatime,Windows,Tiaan-Lenovo,codex-wakapi-history-import/1.0,2025-10-20 12:55:00.000,2026-05-04 03:43:07.957
Lelando1234,C:/Users/tiaan/My Drive/Tiaan/Personal/Documents & Other/Github/CompanyIntranet/src/components/SideNavigation.tsx,file,coding,CompanyIntranet,main,TypeScript,true,Wakatime,Windows,Tiaan-Lenovo,codex-wakapi-history-import/1.0,2025-10-20 12:57:00.000,2026-05-04 03:43:07.957
Lelando1234,C:/Users/tiaan/My Drive/Tiaan/Personal/Documents & Other/Github/CompanyIntranet/src/contexts/AuthContext.tsx,file,coding,CompanyIntranet,main,TypeScript,true,Wakatime,Windows,Tiaan-Lenovo,codex-wakapi-history-import/1.0,2025-10-20 12:59:00.000,2026-05-04 03:43:07.957
Lelando1234,C:/Users/tiaan/My Drive/Tiaan/Personal/Documents & Other/Github/CompanyIntranet/src/contexts/AuthContext.tsx,file,coding,CompanyIntranet,main,TypeScript,true,Wakatime,Windows,Tiaan-Lenovo,codex-wakapi-history-import/1.0,2025-10-20 13:01:00.000,2026-05-04 03:43:07.957
Lelando1234,C:/Users/tiaan/My Drive/Tiaan/Personal/Documents & Other/Github/CompanyIntranet/src/contexts/AuthContext.tsx,file,coding,CompanyIntranet,main,TypeScript,true,Wakatime,Windows,Tiaan-Lenovo,codex-wakapi-history-import/1.0,2025-10-20 13:03:00.000,2026-05-04 03:43:07.957
Lelando1234,C:/Users/tiaan/My Drive/Tiaan/Personal/Documents & Other/Github/CompanyIntranet/src/contexts/AuthContext.tsx,file,coding,CompanyIntranet,main,TypeScript,true,Wakatime,Windows,Tiaan-Lenovo,codex-wakapi-history-import/1.0,2025-10-20 13:05:00.000,2026-05-04 03:43:07.957
Lelando1234,C:/Users/tiaan/My Drive/Tiaan/Personal/Documents & Other/Github/CompanyIntranet/src/contexts/AuthContext.tsx,file,coding,CompanyIntranet,main,TypeScript,true,Wakatime,Windows,Tiaan-Lenovo,codex-wakapi-history-import/1.0,2025-10-20 13:07:00.000,2026-05-04 03:43:07.957
Lelando1234,C:/Users/tiaan/My Drive/Tiaan/Personal/Documents & Other/Github/CompanyIntranet/src/contexts/AuthContext.tsx,file,coding,CompanyIntranet,main,TypeScript,true,Wakatime,Windows,Tiaan-Lenovo,codex-wakapi-history-import/1.0,2025-10-20 13:09:00.000,2026-05-04 03:43:07.957
Lelando1234,C:/Users/tiaan/My Drive/Tiaan/Personal/Documents & Other/Github/CompanyIntranet/src/contexts/AuthContext.tsx,file,coding,CompanyIntranet,main,TypeScript,true,Wakatime,Windows,Tiaan-Lenovo,codex-wakapi-history-import/1.0,2025-10-20 13:11:00.000,2026-05-04 03:43:07.957
Lelando1234,C:/Users/tiaan/My Drive/Tiaan/Personal/Documents & Other/Github/CompanyIntranet/src/App.tsx,file,coding,CompanyIntranet,main,TypeScript,true,Wakatime,Windows,Tiaan-Lenovo,codex-wakapi-history-import/1.0,2025-10-24 12:16:56.000,2026-05-04 03:43:07.957
Lelando1234,C:/Users/tiaan/My Drive/Tiaan/Personal/Documents & Other/Github/CompanyIntranet/src/App.tsx,file,coding,CompanyIntranet,main,TypeScript,true,Wakatime,Windows,Tiaan-Lenovo,codex-wakapi-history-import/1.0,2025-10-24 12:18:56.000,2026-05-04 03:43:07.957
Lelando1234,C:/Users/tiaan/My Drive/Tiaan/Personal/Documents & Other/Github/CompanyIntranet/src/App.tsx,file,coding,CompanyIntranet,main,TypeScript,true,Wakatime,Windows,Tiaan-Lenovo,codex-wakapi-history-import/1.0,2025-10-24 12:20:56.000,2026-05-04 03:43:07.957
Lelando1234,C:/Users/tiaan/My Drive/Tiaan/Personal/Documents & Other/Github/CompanyIntranet/src/App.tsx,file,coding,CompanyIntranet,main,TypeScript,true,Wakatime,Windows,Tiaan-Lenovo,codex-wakapi-history-import/1.0,2025-10-24 12:22:56.000,2026-05-04 03:43:07.957
Lelando1234,C:/Users/tiaan/My Drive/Tiaan/Personal/Documents & Other/Github/CompanyIntranet/src/App.tsx,file,coding,CompanyIntranet,main,TypeScript,true,Wakatime,Windows,Tiaan-Lenovo,codex-wakapi-history-import/1.0,2025-10-24 12:24:56.000,2026-05-04 03:43:07.957
Lelando1234,C:/Users/tiaan/My Drive/Tiaan/Personal/Documents & Other/Github/CompanyIntranet/src/App.tsx,file,coding,CompanyIntranet,main,TypeScript,true,Wakatime,Windows,Tiaan-Lenovo,codex-wakapi-history-import/1.0,2025-10-24 12:26:56.000,2026-05-04 03:43:07.957
Lelando1234,C:/Users/tiaan/My Drive/Tiaan/Personal/Documents & Other/Github/CompanyIntranet/src/App.tsx,file,coding,CompanyIntranet,main,TypeScript,true,Wakatime,Windows,Tiaan-Lenovo,codex-wakapi-history-import/1.0,2025-10-24 12:28:56.000,2026-05-04 03:43:07.957
Lelando1234,C:/Users/tiaan/My Drive/Tiaan/Personal/Documents & Other/Github/CompanyIntranet/src/App.tsx,file,coding,CompanyIntranet,main,TypeScript,true,Wakatime,Windows,Tiaan-Lenovo,codex-wakapi-history-import/1.0,2025-10-24 12:30:56.000,2026-05-04 03:43:07.957
Lelando1234,C:/Users/tiaan/My Drive/Tiaan/Personal/Documents & Other/Github/CompanyIntranet/src/App.tsx,file,coding,CompanyIntranet,main,TypeScript,true,Wakatime,Windows,Tiaan-Lenovo,codex-wakapi-history-import/1.0,2025-10-24 12:32:56.000,2026-05-04 03:43:07.957
Lelando1234,C:/Users/tiaan/My Drive/Tiaan/Personal/Documents & Other/Github/CompanyIntranet/src/App.tsx,file,coding,CompanyIntranet,main,TypeScript,true,Wakatime,Windows,Tiaan-Lenovo,codex-wakapi-history-import/1.0,2025-10-24 12:34:56.000,2026-05-04 03:43:07.957
Lelando1234,C:/Users/tiaan/My Drive/Tiaan/Personal/Documents & Other/Github/CompanyIntranet/src/App.tsx,file,coding,CompanyIntranet,main,TypeScript,true,Wakatime,Windows,Tiaan-Lenovo,codex-wakapi-history-import/1.0,2025-10-24 12:36:56.000,2026-05-04 03:43:07.957
Lelando1234,C:/Users/tiaan/My Drive/Tiaan/Personal/Documents & Other/Github/CompanyIntranet/src/App.tsx,file,coding,CompanyIntranet,main,TypeScript,true,Wakatime,Windows,Tiaan-Lenovo,codex-wakapi-history-import/1.0,2025-10-24 12:38:56.000,2026-05-04 03:43:07.957
Lelando1234,C:/Users/tiaan/My Drive/Tiaan/Personal/Documents & Other/Github/CompanyIntranet/src/App.tsx,file,coding,CompanyIntranet,main,TypeScript,true,Wakatime,Windows,Tiaan-Lenovo,codex-wakapi-history-import/1.0,2025-10-24 12:40:56.000,2026-05-04 03:43:07.957
Lelando1234,C:/Users/tiaan/My Drive/Tiaan/Personal/Documents & Other/Github/CompanyIntranet/src/components/home.tsx,file,coding,CompanyIntranet,main,TypeScript,true,Wakatime,Windows,Tiaan-Lenovo,codex-wakapi-history-import/1.0,2025-10-24 12:42:56.000,2026-05-04 03:43:07.957
Lelando1234,C:/Users/tiaan/My Drive/Tiaan/Personal/Documents & Other/Github/CompanyIntranet/src/components/home.tsx,file,coding,CompanyIntranet,main,TypeScript,true,Wakatime,Windows,Tiaan-Lenovo,codex-wakapi-history-import/1.0,2025-10-24 12:44:56.000,2026-05-04 03:43:07.957
Lelando1234,C:/Users/tiaan/My Drive/Tiaan/Personal/Documents & Other/Github/CompanyIntranet/src/components/home.tsx,file,coding,CompanyIntranet,main,TypeScript,true,Wakatime,Windows,Tiaan-Lenovo,codex-wakapi-history-import/1.0,2025-10-24 12:46:56.000,2026-05-04 03:43:07.957
Lelando1234,C:/Users/tiaan/My Drive/Tiaan/Personal/Documents & Other/Github/CompanyIntranet/src/components/home.tsx,file,coding,CompanyIntranet,main,TypeScript,true,Wakatime,Windows,Tiaan-Lenovo,codex-wakapi-history-import/1.0,2025-10-24 12:48:56.000,2026-05-04 03:43:07.957
Lelando1234,C:/Users/tiaan/My Drive/Tiaan/Personal/Documents & Other/Github/CompanyIntranet/src/components/home.tsx,file,coding,CompanyIntranet,main,TypeScript,true,Wakatime,Windows,Tiaan-Lenovo,codex-wakapi-history-import/1.0,2025-10-24 12:50:56.000,2026-05-04 03:43:07.957
Lelando1234,C:/Users/tiaan/My Drive/Tiaan/Personal/Documents & Other/Github/CompanyIntranet/src/components/home.tsx,file,coding,CompanyIntranet,main,TypeScript,true,Wakatime,Windows,Tiaan-Lenovo,codex-wakapi-history-import/1.0,2025-10-24 12:52:56.000,2026-05-04 03:43:07.957
Lelando1234,C:/Users/tiaan/My Drive/Tiaan/Personal/Documents & Other/Github/CompanyIntranet/src/components/home.tsx,file,coding,CompanyIntranet,main,TypeScript,true,Wakatime,Windows,Tiaan-Lenovo,codex-wakapi-history-import/1.0,2025-10-24 12:54:56.000,2026-05-04 03:43:07.957
Lelando1234,C:/Users/tiaan/My Drive/Tiaan/Personal/Documents & Other/Github/CompanyIntranet/src/components/home.tsx,file,coding,CompanyIntranet,main,TypeScript,true,Wakatime,Windows,Tiaan-Lenovo,codex-wakapi-history-import/1.0,2025-10-24 12:56:56.000,2026-05-04 03:43:07.957
Lelando1234,C:/Users/tiaan/My Drive/Tiaan/Personal/Documents & Other/Github/CompanyIntranet/src/components/home.tsx,file,coding,CompanyIntranet,main,TypeScript,true,Wakatime,Windows,Tiaan-Lenovo,codex-wakapi-history-import/1.0,2025-10-24 12:58:56.000,2026-05-04 03:43:07.957
Lelando1234,C:/Users/tiaan/My Drive/Tiaan/Personal/Documents & Other/Github/CompanyIntranet/src/components/home.tsx,file,coding,CompanyIntranet,main,TypeScript,true,Wakatime,Windows,Tiaan-Lenovo,codex-wakapi-history-import/1.0,2025-10-24 13:00:56.000,2026-05-04 03:43:07.957
Lelando1234,C:/Users/tiaan/My Drive/Tiaan/Personal/Documents & Other/Github/CompanyIntranet/src/components/home.tsx,file,coding,CompanyIntranet,main,TypeScript,true,Wakatime,Windows,Tiaan-Lenovo,codex-wakapi-history-import/1.0,2025-10-24 13:02:56.000,2026-05-04 03:43:07.957
Lelando1234,C:/Users/tiaan/My Drive/Tiaan/Personal/Documents & Other/Github/CompanyIntranet/src/components/home.tsx,file,coding,CompanyIntranet,main,TypeScript,true,Wakatime,Windows,Tiaan-Lenovo,codex-wakapi-history-import/1.0,2025-10-24 13:04:56.000,2026-05-04 03:43:07.957
Lelando1234,C:/Users/tiaan/My Drive/Tiaan/Personal/Documents & Other/Github/CompanyIntranet/src/contexts/AuthContext.tsx,file,coding,CompanyIntranet,main,TypeScript,true,Wakatime,Windows,Tiaan-Lenovo,codex-wakapi-history-import/1.0,2025-10-28 12:15:56.000,2026-05-04 03:43:07.957
Lelando1234,C:/Users/tiaan/My Drive/Tiaan/Personal/Documents & Other/Github/CompanyIntranet/src/contexts/AuthContext.tsx,file,coding,CompanyIntranet,main,TypeScript,true,Wakatime,Windows,Tiaan-Lenovo,codex-wakapi-history-import/1.0,2025-10-28 12:17:56.000,2026-05-04 03:43:07.957
Lelando1234,C:/Users/tiaan/My Drive/Tiaan/Personal/Documents & Other/Github/CompanyIntranet/src/contexts/AuthContext.tsx,file,coding,CompanyIntranet,main,TypeScript,true,Wakatime,Windows,Tiaan-Lenovo,codex-wakapi-history-import/1.0,2025-10-28 12:19:56.000,2026-05-04 03:43:07.957
Lelando1234,C:/Users/tiaan/My Drive/Tiaan/Personal/Documents & Other/Github/CompanyIntranet/src/contexts/AuthContext.tsx,file,coding,CompanyIntranet,main,TypeScript,true,Wakatime,Windows,Tiaan-Lenovo,codex-wakapi-history-import/1.0,2025-10-28 12:21:56.000,2026-05-04 03:43:07.957
Lelando1234,C:/Users/tiaan/My Drive/Tiaan/Personal/Documents & Other/Github/CompanyIntranet/src/contexts/AuthContext.tsx,file,coding,CompanyIntranet,main,TypeScript,true,Wakatime,Windows,Tiaan-Lenovo,codex-wakapi-history-import/1.0,2025-10-28 12:23:56.000,2026-05-04 03:43:07.957
Lelando1234,C:/Users/tiaan/My Drive/Tiaan/Personal/Documents & Other/Github/CompanyIntranet/src/contexts/AuthContext.tsx,file,coding,CompanyIntranet,main,TypeScript,true,Wakatime,Windows,Tiaan-Lenovo,codex-wakapi-history-import/1.0,2025-10-28 12:25:56.000,2026-05-04 03:43:07.957
Lelando1234,C:/Users/tiaan/My Drive/Tiaan/Personal/Documents & Other/Github/CompanyIntranet/src/contexts/AuthContext.tsx,file,coding,CompanyIntranet,main,TypeScript,true,Wakatime,Windows,Tiaan-Lenovo,codex-wakapi-history-import/1.0,2025-10-28 12:27:56.000,2026-05-04 03:43:07.957
Lelando1234,C:/Users/tiaan/My Drive/Tiaan/Personal/Documents & Other/Github/CompanyIntranet/src/contexts/AuthContext.tsx,file,coding,CompanyIntranet,main,TypeScript,true,Wakatime,Windows,Tiaan-Lenovo,codex-wakapi-history-import/1.0,2025-10-28 12:29:56.000,2026-05-04 03:43:07.957
Lelando1234,C:/Users/tiaan/My Drive/Tiaan/Personal/Documents & Other/Github/CompanyIntranet/src/contexts/AuthContext.tsx,file,coding,CompanyIntranet,main,TypeScript,true,Wakatime,Windows,Tiaan-Lenovo,codex-wakapi-history-import/1.0,2025-10-28 12:31:56.000,2026-05-04 03:43:07.957
Lelando1234,C:/Users/tiaan/My Drive/Tiaan/Personal/Documents & Other/Github/CompanyIntranet/src/contexts/AuthContext.tsx,file,coding,CompanyIntranet,main,TypeScript,true,Wakatime,Windows,Tiaan-Lenovo,codex-wakapi-history-import/1.0,2025-10-28 12:33:56.000,2026-05-04 03:43:07.957
Lelando1234,C:/Users/tiaan/My Drive/Tiaan/Personal/Documents & Other/Github/CompanyIntranet/src/contexts/AuthContext.tsx,file,coding,CompanyIntranet,main,TypeScript,true,Wakatime,Windows,Tiaan-Lenovo,codex-wakapi-history-import/1.0,2025-10-28 12:35:56.000,2026-05-04 03:43:07.957
Lelando1234,C:/Users/tiaan/My Drive/Tiaan/Personal/Documents & Other/Github/CompanyIntranet/src/contexts/AuthContext.tsx,file,coding,CompanyIntranet,main,TypeScript,true,Wakatime,Windows,Tiaan-Lenovo,codex-wakapi-history-import/1.0,2025-10-28 12:37:56.000,2026-05-04 03:43:07.957
Lelando1234,C:/Users/tiaan/My Drive/Tiaan/Personal/Documents & Other/Github/CompanyIntranet/src/contexts/AuthContext.tsx,file,coding,CompanyIntranet,main,TypeScript,true,Wakatime,Windows,Tiaan-Lenovo,codex-wakapi-history-import/1.0,2025-10-28 12:39:56.000,2026-05-04 03:43:07.957
Lelando1234,C:/Users/tiaan/My Drive/Tiaan/Personal/Documents & Other/Github/CompanyIntranet/src/components/ThemeCustomizer.tsx,file,coding,CompanyIntranet,main,TypeScript,true,Wakatime,Windows,Tiaan-Lenovo,codex-wakapi-history-import/1.0,2025-10-28 12:41:56.000,2026-05-04 03:43:07.957
Lelando1234,C:/Users/tiaan/My Drive/Tiaan/Personal/Documents & Other/Github/CompanyIntranet/src/components/ThemeCustomizer.tsx,file,coding,CompanyIntranet,main,TypeScript,true,Wakatime,Windows,Tiaan-Lenovo,codex-wakapi-history-import/1.0,2025-10-28 12:43:56.000,2026-05-04 03:43:07.957
Lelando1234,C:/Users/tiaan/My Drive/Tiaan/Personal/Documents & Other/Github/CompanyIntranet/src/components/ThemeCustomizer.tsx,file,coding,CompanyIntranet,main,TypeScript,true,Wakatime,Windows,Tiaan-Lenovo,codex-wakapi-history-import/1.0,2025-10-28 12:45:56.000,2026-05-04 03:43:07.957
Lelando1234,C:/Users/tiaan/My Drive/Tiaan/Personal/Documents & Other/Github/CompanyIntranet/src/components/ThemeCustomizer.tsx,file,coding,CompanyIntranet,main,TypeScript,true,Wakatime,Windows,Tiaan-Lenovo,codex-wakapi-history-import/1.0,2025-10-28 12:47:56.000,2026-05-04 03:43:07.957
Lelando1234,C:/Users/tiaan/My Drive/Tiaan/Personal/Documents & Other/Github/CompanyIntranet/src/components/ThemeCustomizer.tsx,file,coding,CompanyIntranet,main,TypeScript,true,Wakatime,Windows,Tiaan-Lenovo,codex-wakapi-history-import/1.0,2025-10-28 12:49:56.000,2026-05-04 03:43:07.957
Lelando1234,C:/Users/tiaan/My Drive/Tiaan/Personal/Documents & Other/Github/CompanyIntranet/src/components/ThemeCustomizer.tsx,file,coding,CompanyIntranet,main,TypeScript,true,Wakatime,Windows,Tiaan-Lenovo,codex-wakapi-history-import/1.0,2025-10-28 12:51:56.000,2026-05-04 03:43:07.957
Lelando1234,C:/Users/tiaan/My Drive/Tiaan/Personal/Documents & Other/Github/CompanyIntranet/src/components/ThemeCustomizer.tsx,file,coding,CompanyIntranet,main,TypeScript,true,Wakatime,Windows,Tiaan-Lenovo,codex-wakapi-history-import/1.0,2025-10-28 12:53:56.000,2026-05-04 03:43:07.957
Lelando1234,C:/Users/tiaan/My Drive/Tiaan/Personal/Documents & Other/Github/CompanyIntranet/src/components/ThemeCustomizer.tsx,file,coding,CompanyIntranet,main,TypeScript,true,Wakatime,Windows,Tiaan-Lenovo,codex-wakapi-history-import/1.0,2025-10-28 12:55:56.000,2026-05-04 03:43:07.957
Lelando1234,C:/Users/tiaan/My Drive/Tiaan/Personal/Documents & Other/Github/CompanyIntranet/src/components/ThemeCustomizer.tsx,file,coding,CompanyIntranet,main,TypeScript,true,Wakatime,Windows,Tiaan-Lenovo,codex-wakapi-history-import/1.0,2025-10-28 12:57:56.000,2026-05-04 03:43:07.957
Lelando1234,C:/Users/tiaan/My Drive/Tiaan/Personal/Documents & Other/Github/CompanyIntranet/src/components/ThemeCustomizer.tsx,file,coding,CompanyIntranet,main,TypeScript,true,Wakatime,Windows,Tiaan-Lenovo,codex-wakapi-history-import/1.0,2025-10-28 12:59:56.000,2026-05-04 03:43:07.957
Lelando1234,C:/Users/tiaan/My Drive/Tiaan/Personal/Documents & Other/Github/CompanyIntranet/src/components/ThemeCustomizer.tsx,file,coding,CompanyIntranet,main,TypeScript,true,Wakatime,Windows,Tiaan-Lenovo,codex-wakapi-history-import/1.0,2025-10-28 13:01:56.000,2026-05-04 03:43:07.957
Lelando1234,C:/Users/tiaan/My Drive/Tiaan/Personal/Documents & Other/Github/CompanyIntranet/src/components/ThemeCustomizer.tsx,file,coding,CompanyIntranet,main,TypeScript,true,Wakatime,Windows,Tiaan-Lenovo,codex-wakapi-history-import/1.0,2025-10-28 13:03:56.000,2026-05-04 03:43:07.957
Lelando1234,C:/Users/tiaan/My Drive/Tiaan/Personal/Documents & Other/Github/CompanyIntranet/backend/src/routes/settings.js,file,coding,CompanyIntranet,main,JavaScript,true,Wakatime,Windows,Tiaan-Lenovo,codex-wakapi-history-import/1.0,2025-10-28 13:05:56.000,2026-05-04 03:43:07.957
Lelando1234,C:/Users/tiaan/My Drive/Tiaan/Personal/Documents & Other/Github/CompanyIntranet/backend/src/routes/settings.js,file,coding,CompanyIntranet,main,JavaScript,true,Wakatime,Windows,Tiaan-Lenovo,codex-wakapi-history-import/1.0,2025-10-28 13:07:56.000,2026-05-04 03:43:07.957
Lelando1234,C:/Users/tiaan/My Drive/Tiaan/Personal/Documents & Other/Github/CompanyIntranet/src/components/ThemeCustomizer.tsx,file,coding,CompanyIntranet,main,TypeScript,true,Wakatime,Windows,Tiaan-Lenovo,codex-wakapi-history-import/1.0,2025-11-01 12:25:00.000,2026-05-04 03:43:07.957
Lelando1234,C:/Users/tiaan/My Drive/Tiaan/Personal/Documents & Other/Github/CompanyIntranet/src/components/ThemeCustomizer.tsx,file,coding,CompanyIntranet,main,TypeScript,true,Wakatime,Windows,Tiaan-Lenovo,codex-wakapi-history-import/1.0,2025-11-01 12:27:00.000,2026-05-04 03:43:07.957
Lelando1234,C:/Users/tiaan/My Drive/Tiaan/Personal/Documents & Other/Github/CompanyIntranet/src/components/ThemeCustomizer.tsx,file,coding,CompanyIntranet,main,TypeScript,true,Wakatime,Windows,Tiaan-Lenovo,codex-wakapi-history-import/1.0,2025-11-01 12:29:00.000,2026-05-04 03:43:07.957
Lelando1234,C:/Users/tiaan/My Drive/Tiaan/Personal/Documents & Other/Github/CompanyIntranet/src/components/ThemeCustomizer.tsx,file,coding,CompanyIntranet,main,TypeScript,true,Wakatime,Windows,Tiaan-Lenovo,codex-wakapi-history-import/1.0,2025-11-01 12:31:00.000,2026-05-04 03:43:07.957
Lelando1234,C:/Users/tiaan/My Drive/Tiaan/Personal/Documents & Other/Github/CompanyIntranet/src/components/ThemeCustomizer.tsx,file,coding,CompanyIntranet,main,TypeScript,true,Wakatime,Windows,Tiaan-Lenovo,codex-wakapi-history-import/1.0,2025-11-01 12:33:00.000,2026-05-04 03:43:07.957
Lelando1234,C:/Users/tiaan/My Drive/Tiaan/Personal/Documents & Other/Github/CompanyIntranet/src/components/ThemeCustomizer.tsx,file,coding,CompanyIntranet,main,TypeScript,true,Wakatime,Windows,Tiaan-Lenovo,codex-wakapi-history-import/1.0,2025-11-01 12:35:00.000,2026-05-04 03:43:07.957
Lelando1234,C:/Users/tiaan/My Drive/Tiaan/Personal/Documents & Other/Github/CompanyIntranet/src/components/ThemeCustomizer.tsx,file,coding,CompanyIntranet,main,TypeScript,true,Wakatime,Windows,Tiaan-Lenovo,codex-wakapi-history-import/1.0,2025-11-01 12:37:00.000,2026-05-04 03:43:07.957
Lelando1234,C:/Users/tiaan/My Drive/Tiaan/Personal/Documents & Other/Github/CompanyIntranet/src/components/ThemeCustomizer.tsx,file,coding,CompanyIntranet,main,TypeScript,true,Wakatime,Windows,Tiaan-Lenovo,codex-wakapi-history-import/1.0,2025-11-01 12:39:00.000,2026-05-04 03:43:07.957
Lelando1234,C:/Users/tiaan/My Drive/Tiaan/Personal/Documents & Other/Github/CompanyIntranet/src/components/ThemeCustomizer.tsx,file,coding,CompanyIntranet,main,TypeScript,true,Wakatime,Windows,Tiaan-Lenovo,codex-wakapi-history-import/1.0,2025-11-01 12:41:00.000,2026-05-04 03:43:07.957
Lelando1234,C:/Users/tiaan/My Drive/Tiaan/Personal/Documents & Other/Github/CompanyIntranet/src/components/ThemeCustomizer.tsx,file,coding,CompanyIntranet,main,TypeScript,true,Wakatime,Windows,Tiaan-Lenovo,codex-wakapi-history-import/1.0,2025-11-01 12:43:00.000,2026-05-04 03:43:07.957
Lelando1234,C:/Users/tiaan/My Drive/Tiaan/Personal/Documents & Other/Github/CompanyIntranet/src/components/ThemeCustomizer.tsx,file,coding,CompanyIntranet,main,TypeScript,true,Wakatime,Windows,Tiaan-Lenovo,codex-wakapi-history-import/1.0,2025-11-01 12:45:00.000,2026-05-04 03:43:07.957
Lelando1234,C:/Users/tiaan/My Drive/Tiaan/Personal/Documents & Other/Github/CompanyIntranet/src/components/ThemeCustomizer.tsx,file,coding,CompanyIntranet,main,TypeScript,true,Wakatime,Windows,Tiaan-Lenovo,codex-wakapi-history-import/1.0,2025-11-01 12:47:00.000,2026-05-04 03:43:07.957
Lelando1234,C:/Users/tiaan/My Drive/Tiaan/Personal/Documents & Other/Github/CompanyIntranet/src/components/ThemeCustomizer.tsx,file,coding,CompanyIntranet,main,TypeScript,true,Wakatime,Windows,Tiaan-Lenovo,codex-wakapi-history-import/1.0,2025-11-01 12:49:00.000,2026-05-04 03:43:07.957
Lelando1234,C:/Users/tiaan/My Drive/Tiaan/Personal/Documents & Other/Github/CompanyIntranet/backend/src/routes/settings.js,file,coding,CompanyIntranet,main,JavaScript,true,Wakatime,Windows,Tiaan-Lenovo,codex-wakapi-history-import/1.0,2025-11-01 12:51:00.000,2026-05-04 03:43:07.957
Lelando1234,C:/Users/tiaan/My Drive/Tiaan/Personal/Documents & Other/Github/CompanyIntranet/backend/src/routes/settings.js,file,coding,CompanyIntranet,main,JavaScript,true,Wakatime,Windows,Tiaan-Lenovo,codex-wakapi-history-import/1.0,2025-11-01 12:53:00.000,2026-05-04 03:43:07.957
Lelando1234,C:/Users/tiaan/My Drive/Tiaan/Personal/Documents & Other/Github/CompanyIntranet/backend/src/routes/settings.js,file,coding,CompanyIntranet,main,JavaScript,true,Wakatime,Windows,Tiaan-Lenovo,codex-wakapi-history-import/1.0,2025-11-01 12:55:00.000,2026-05-04 03:43:07.957
Lelando1234,C:/Users/tiaan/My Drive/Tiaan/Personal/Documents & Other/Github/CompanyIntranet/backend/src/routes/settings.js,file,coding,CompanyIntranet,main,JavaScript,true,Wakatime,Windows,Tiaan-Lenovo,codex-wakapi-history-import/1.0,2025-11-01 12:57:00.000,2026-05-04 03:43:07.957
Lelando1234,C:/Users/tiaan/My Drive/Tiaan/Personal/Documents & Other/Github/CompanyIntranet/backend/src/routes/settings.js,file,coding,CompanyIntranet,main,JavaScript,true,Wakatime,Windows,Tiaan-Lenovo,codex-wakapi-history-import/1.0,2025-11-01 12:59:00.000,2026-05-04 03:43:07.957
Lelando1234,C:/Users/tiaan/My Drive/Tiaan/Personal/Documents & Other/Github/CompanyIntranet/backend/src/routes/settings.js,file,coding,CompanyIntranet,main,JavaScript,true,Wakatime,Windows,Tiaan-Lenovo,codex-wakapi-history-import/1.0,2025-11-01 13:01:00.000,2026-05-04 03:43:07.957
Lelando1234,C:/Users/tiaan/My Drive/Tiaan/Personal/Documents & Other/Github/CompanyIntranet/backend/src/routes/settings.js,file,coding,CompanyIntranet,main,JavaScript,true,Wakatime,Windows,Tiaan-Lenovo,codex-wakapi-history-import/1.0,2025-11-01 13:03:00.000,2026-05-04 03:43:07.957
Lelando1234,C:/Users/tiaan/My Drive/Tiaan/Personal/Documents & Other/Github/CompanyIntranet/backend/src/routes/settings.js,file,coding,CompanyIntranet,main,JavaScript,true,Wakatime,Windows,Tiaan-Lenovo,codex-wakapi-history-import/1.0,2025-11-01 13:05:00.000,2026-05-04 03:43:07.957
Lelando1234,C:/Users/tiaan/My Drive/Tiaan/Personal/Documents & Other/Github/CompanyIntranet/backend/src/routes/settings.js,file,coding,CompanyIntranet,main,JavaScript,true,Wakatime,Windows,Tiaan-Lenovo,codex-wakapi-history-import/1.0,2025-11-01 13:07:00.000,2026-05-04 03:43:07.957
Lelando1234,C:/Users/tiaan/My Drive/Tiaan/Personal/Documents & Other/Github/CompanyIntranet/src/contexts/AuthContext.tsx,file,coding,CompanyIntranet,main,TypeScript,true,Wakatime,Windows,Tiaan-Lenovo,codex-wakapi-history-import/1.0,2025-11-03 01:41:54.000,2026-05-04 03:43:07.957
Lelando1234,C:/Users/tiaan/My Drive/Tiaan/Personal/Documents & Other/Github/CompanyIntranet/src/contexts/AuthContext.tsx,file,coding,CompanyIntranet,main,TypeScript,true,Wakatime,Windows,Tiaan-Lenovo,codex-wakapi-history-import/1.0,2025-11-03 01:43:54.000,2026-05-04 03:43:07.957
Lelando1234,C:/Users/tiaan/My Drive/Tiaan/Personal/Documents & Other/Github/CompanyIntranet/src/contexts/AuthContext.tsx,file,coding,CompanyIntranet,main,TypeScript,true,Wakatime,Windows,Tiaan-Lenovo,codex-wakapi-history-import/1.0,2025-11-03 01:45:54.000,2026-05-04 03:43:07.957
Lelando1234,C:/Users/tiaan/My Drive/Tiaan/Personal/Documents & Other/Github/CompanyIntranet/src/contexts/AuthContext.tsx,file,coding,CompanyIntranet,main,TypeScript,true,Wakatime,Windows,Tiaan-Lenovo,codex-wakapi-history-import/1.0,2025-11-03 01:47:54.000,2026-05-04 03:43:07.957
Lelando1234,C:/Users/tiaan/My Drive/Tiaan/Personal/Documents & Other/Github/CompanyIntranet/src/contexts/AuthContext.tsx,file,coding,CompanyIntranet,main,TypeScript,true,Wakatime,Windows,Tiaan-Lenovo,codex-wakapi-history-import/1.0,2025-11-03 01:49:54.000,2026-05-04 03:43:07.957
Lelando1234,C:/Users/tiaan/My Drive/Tiaan/Personal/Documents & Other/Github/CompanyIntranet/src/contexts/AuthContext.tsx,file,coding,CompanyIntranet,main,TypeScript,true,Wakatime,Windows,Tiaan-Lenovo,codex-wakapi-history-import/1.0,2025-11-03 01:51:54.000,2026-05-04 03:43:07.957
Lelando1234,C:/Users/tiaan/My Drive/Tiaan/Personal/Documents & Other/Github/CompanyIntranet/src/contexts/AuthContext.tsx,file,coding,CompanyIntranet,main,TypeScript,true,Wakatime,Windows,Tiaan-Lenovo,codex-wakapi-history-import/1.0,2025-11-03 01:53:54.000,2026-05-04 03:43:07.957
Lelando1234,C:/Users/tiaan/My Drive/Tiaan/Personal/Documents & Other/Github/CompanyIntranet/src/contexts/AuthContext.tsx,file,coding,CompanyIntranet,main,TypeScript,true,Wakatime,Windows,Tiaan-Lenovo,codex-wakapi-history-import/1.0,2025-11-03 01:55:54.000,2026-05-04 03:43:07.957
Lelando1234,C:/Users/tiaan/My Drive/Tiaan/Personal/Documents & Other/Github/CompanyIntranet/src/contexts/AuthContext.tsx,file,coding,CompanyIntranet,main,TypeScript,true,Wakatime,Windows,Tiaan-Lenovo,codex-wakapi-history-import/1.0,2025-11-03 01:57:54.000,2026-05-04 03:43:07.957
Lelando1234,C:/Users/tiaan/My Drive/Tiaan/Personal/Documents & Other/Github/CompanyIntranet/src/contexts/AuthContext.tsx,file,coding,CompanyIntranet,main,TypeScript,true,Wakatime,Windows,Tiaan-Lenovo,codex-wakapi-history-import/1.0,2025-11-03 01:59:54.000,2026-05-04 03:43:07.957
Lelando1234,C:/Users/tiaan/My Drive/Tiaan/Personal/Documents & Other/Github/CompanyIntranet/src/contexts/AuthContext.tsx,file,coding,CompanyIntranet,main,TypeScript,true,Wakatime,Windows,Tiaan-Lenovo,codex-wakapi-history-import/1.0,2025-11-03 02:01:54.000,2026-05-04 03:43:07.957
Lelando1234,C:/Users/tiaan/My Drive/Tiaan/Personal/Documents & Other/Github/CompanyIntranet/src/contexts/AuthContext.tsx,file,coding,CompanyIntranet,main,TypeScript,true,Wakatime,Windows,Tiaan-Lenovo,codex-wakapi-history-import/1.0,2025-11-03 02:03:54.000,2026-05-04 03:43:07.957
Lelando1234,C:/Users/tiaan/My Drive/Tiaan/Personal/Documents & Other/Github/CompanyIntranet/src/contexts/AuthContext.tsx,file,coding,CompanyIntranet,main,TypeScript,true,Wakatime,Windows,Tiaan-Lenovo,codex-wakapi-history-import/1.0,2025-11-03 02:05:54.000,2026-05-04 03:43:07.957
Lelando1234,C:/Users/tiaan/My Drive/Tiaan/Personal/Documents & Other/Github/CompanyIntranet/src/components/ThemeCustomizer.tsx,file,coding,CompanyIntranet,main,TypeScript,true,Wakatime,Windows,Tiaan-Lenovo,codex-wakapi-history-import/1.0,2025-11-03 02:07:54.000,2026-05-04 03:43:07.957
Lelando1234,C:/Users/tiaan/My Drive/Tiaan/Personal/Documents & Other/Github/CompanyIntranet/src/components/ThemeCustomizer.tsx,file,coding,CompanyIntranet,main,TypeScript,true,Wakatime,Windows,Tiaan-Lenovo,codex-wakapi-history-import/1.0,2025-11-03 02:09:54.000,2026-05-04 03:43:07.957
Lelando1234,C:/Users/tiaan/My Drive/Tiaan/Personal/Documents & Other/Github/CompanyIntranet/src/components/ThemeCustomizer.tsx,file,coding,CompanyIntranet,main,TypeScript,true,Wakatime,Windows,Tiaan-Lenovo,codex-wakapi-history-import/1.0,2025-11-03 02:11:54.000,2026-05-04 03:43:07.957
Lelando1234,C:/Users/tiaan/My Drive/Tiaan/Personal/Documents & Other/Github/CompanyIntranet/src/components/ThemeCustomizer.tsx,file,coding,CompanyIntranet,main,TypeScript,true,Wakatime,Windows,Tiaan-Lenovo,codex-wakapi-history-import/1.0,2025-11-03 02:13:54.000,2026-05-04 03:43:07.957
Lelando1234,C:/Users/tiaan/My Drive/Tiaan/Personal/Documents & Other/Github/CompanyIntranet/src/components/ThemeCustomizer.tsx,file,coding,CompanyIntranet,main,TypeScript,true,Wakatime,Windows,Tiaan-Lenovo,codex-wakapi-history-import/1.0,2025-11-03 02:15:54.000,2026-05-04 03:43:07.957
Lelando1234,C:/Users/tiaan/My Drive/Tiaan/Personal/Documents & Other/Github/CompanyIntranet/src/components/ThemeCustomizer.tsx,file,coding,CompanyIntranet,main,TypeScript,true,Wakatime,Windows,Tiaan-Lenovo,codex-wakapi-history-import/1.0,2025-11-03 02:17:54.000,2026-05-04 03:43:07.957
Lelando1234,C:/Users/tiaan/My Drive/Tiaan/Personal/Documents & Other/Github/CompanyIntranet/backend/src/routes/settings.js,file,coding,CompanyIntranet,main,JavaScript,true,Wakatime,Windows,Tiaan-Lenovo,codex-wakapi-history-import/1.0,2025-11-04 01:03:12.000,2026-05-04 03:43:07.957
Lelando1234,C:/Users/tiaan/My Drive/Tiaan/Personal/Documents & Other/Github/CompanyIntranet/backend/src/routes/settings.js,file,coding,CompanyIntranet,main,JavaScript,true,Wakatime,Windows,Tiaan-Lenovo,codex-wakapi-history-import/1.0,2025-11-04 01:05:12.000,2026-05-04 03:43:07.957
Lelando1234,C:/Users/tiaan/My Drive/Tiaan/Personal/Documents & Other/Github/CompanyIntranet/backend/src/routes/settings.js,file,coding,CompanyIntranet,main,JavaScript,true,Wakatime,Windows,Tiaan-Lenovo,codex-wakapi-history-import/1.0,2025-11-04 01:07:12.000,2026-05-04 03:43:07.957
Lelando1234,C:/Users/tiaan/My Drive/Tiaan/Personal/Documents & Other/Github/CompanyIntranet/backend/src/routes/settings.js,file,coding,CompanyIntranet,main,JavaScript,true,Wakatime,Windows,Tiaan-Lenovo,codex-wakapi-history-import/1.0,2025-11-04 01:09:12.000,2026-05-04 03:43:07.957
Lelando1234,C:/Users/tiaan/My Drive/Tiaan/Personal/Documents & Other/Github/CompanyIntranet/backend/src/routes/settings.js,file,coding,CompanyIntranet,main,JavaScript,true,Wakatime,Windows,Tiaan-Lenovo,codex-wakapi-history-import/1.0,2025-11-04 01:11:12.000,2026-05-04 03:43:07.957
Lelando1234,C:/Users/tiaan/My Drive/Tiaan/Personal/Documents & Other/Github/CompanyIntranet/backend/src/routes/settings.js,file,coding,CompanyIntranet,main,JavaScript,true,Wakatime,Windows,Tiaan-Lenovo,codex-wakapi-history-import/1.0,2025-11-04 01:13:12.000,2026-05-04 03:43:07.957
Lelando1234,C:/Users/tiaan/My Drive/Tiaan/Personal/Documents & Other/Github/CompanyIntranet/backend/src/routes/settings.js,file,coding,CompanyIntranet,main,JavaScript,true,Wakatime,Windows,Tiaan-Lenovo,codex-wakapi-history-import/1.0,2025-11-04 01:15:12.000,2026-05-04 03:43:07.957
Lelando1234,C:/Users/tiaan/My Drive/Tiaan/Personal/Documents & Other/Github/CompanyIntranet/backend/src/routes/settings.js,file,coding,CompanyIntranet,main,JavaScript,true,Wakatime,Windows,Tiaan-Lenovo,codex-wakapi-history-import/1.0,2025-11-04 01:17:12.000,2026-05-04 03:43:07.957
Lelando1234,C:/Users/tiaan/My Drive/Tiaan/Personal/Documents & Other/Github/CompanyIntranet/backend/src/routes/settings.js,file,coding,CompanyIntranet,main,JavaScript,true,Wakatime,Windows,Tiaan-Lenovo,codex-wakapi-history-import/1.0,2025-11-04 01:19:12.000,2026-05-04 03:43:07.957
Lelando1234,C:/Users/tiaan/My Drive/Tiaan/Personal/Documents & Other/Github/CompanyIntranet/backend/src/routes/settings.js,file,coding,CompanyIntranet,main,JavaScript,true,Wakatime,Windows,Tiaan-Lenovo,codex-wakapi-history-import/1.0,2025-11-04 01:21:12.000,2026-05-04 03:43:07.957
Lelando1234,C:/Users/tiaan/My Drive/Tiaan/Personal/Documents & Other/Github/CompanyIntranet/backend/src/routes/settings.js,file,coding,CompanyIntranet,main,JavaScript,true,Wakatime,Windows,Tiaan-Lenovo,codex-wakapi-history-import/1.0,2025-11-04 01:23:12.000,2026-05-04 03:43:07.957
Lelando1234,C:/Users/tiaan/My Drive/Tiaan/Personal/Documents & Other/Github/CompanyIntranet/backend/src/routes/settings.js,file,coding,CompanyIntranet,main,JavaScript,true,Wakatime,Windows,Tiaan-Lenovo,codex-wakapi-history-import/1.0,2025-11-04 01:25:12.000,2026-05-04 03:43:07.957
Lelando1234,C:/Users/tiaan/My Drive/Tiaan/Personal/Documents & Other/Github/CompanyIntranet/backend/src/routes/settings.js,file,coding,CompanyIntranet,main,JavaScript,true,Wakatime,Windows,Tiaan-Lenovo,codex-wakapi-history-import/1.0,2025-11-04 01:27:12.000,2026-05-04 03:43:07.957
Lelando1234,C:/Users/tiaan/My Drive/Tiaan/Personal/Documents & Other/Github/CompanyIntranet/package.json,file,coding,CompanyIntranet,main,JSON,true,Wakatime,Windows,Tiaan-Lenovo,codex-wakapi-history-import/1.0,2025-11-04 01:29:12.000,2026-05-04 03:43:07.957
Lelando1234,C:/Users/tiaan/My Drive/Tiaan/Personal/Documents & Other/Github/CompanyIntranet/package.json,file,coding,CompanyIntranet,main,JSON,true,Wakatime,Windows,Tiaan-Lenovo,codex-wakapi-history-import/1.0,2025-11-04 01:31:12.000,2026-05-04 03:43:07.957
Lelando1234,C:/Users/tiaan/My Drive/Tiaan/Personal/Documents & Other/Github/CompanyIntranet/package.json,file,coding,CompanyIntranet,main,JSON,true,Wakatime,Windows,Tiaan-Lenovo,codex-wakapi-history-import/1.0,2025-11-04 01:33:12.000,2026-05-04 03:43:07.957
Lelando1234,C:/Users/tiaan/My Drive/Tiaan/Personal/Documents & Other/Github/CompanyIntranet/package.json,file,coding,CompanyIntranet,main,JSON,true,Wakatime,Windows,Tiaan-Lenovo,codex-wakapi-history-import/1.0,2025-11-04 01:35:12.000,2026-05-04 03:43:07.957
Lelando1234,C:/Users/tiaan/My Drive/Tiaan/Personal/Documents & Other/Github/CompanyIntranet/package.json,file,coding,CompanyIntranet,main,JSON,true,Wakatime,Windows,Tiaan-Lenovo,codex-wakapi-history-import/1.0,2025-11-04 01:37:12.000,2026-05-04 03:43:07.957
Lelando1234,C:/Users/tiaan/My Drive/Tiaan/Personal/Documents & Other/Github/CompanyIntranet/package.json,file,coding,CompanyIntranet,main,JSON,true,Wakatime,Windows,Tiaan-Lenovo,codex-wakapi-history-import/1.0,2025-11-04 01:39:12.000,2026-05-04 03:43:07.957
Lelando1234,C:/Users/tiaan/My Drive/Tiaan/Personal/Documents & Other/Github/CompanyIntranet/package.json,file,coding,CompanyIntranet,main,JSON,true,Wakatime,Windows,Tiaan-Lenovo,codex-wakapi-history-import/1.0,2025-11-04 01:41:12.000,2026-05-04 03:43:07.957
Lelando1234,C:/Users/tiaan/My Drive/Tiaan/Personal/Documents & Other/Github/CompanyIntranet/package.json,file,coding,CompanyIntranet,main,JSON,true,Wakatime,Windows,Tiaan-Lenovo,codex-wakapi-history-import/1.0,2025-11-04 01:43:12.000,2026-05-04 03:43:07.957
Lelando1234,C:/Users/tiaan/My Drive/Tiaan/Personal/Documents & Other/Github/CompanyIntranet/package.json,file,coding,CompanyIntranet,main,JSON,true,Wakatime,Windows,Tiaan-Lenovo,codex-wakapi-history-import/1.0,2025-11-04 01:45:12.000,2026-05-04 03:43:07.957
Lelando1234,C:/Users/tiaan/My Drive/Tiaan/Personal/Documents & Other/Github/CompanyIntranet/package.json,file,coding,CompanyIntranet,main,JSON,true,Wakatime,Windows,Tiaan-Lenovo,codex-wakapi-history-import/1.0,2025-11-04 01:47:12.000,2026-05-04 03:43:07.957
Lelando1234,C:/Users/tiaan/My Drive/Tiaan/Personal/Documents & Other/Github/CompanyIntranet/package.json,file,coding,CompanyIntranet,main,JSON,true,Wakatime,Windows,Tiaan-Lenovo,codex-wakapi-history-import/1.0,2025-11-04 01:49:12.000,2026-05-04 03:43:07.957
Lelando1234,C:/Users/tiaan/My Drive/Tiaan/Personal/Documents & Other/Github/CompanyIntranet/package.json,file,coding,CompanyIntranet,main,JSON,true,Wakatime,Windows,Tiaan-Lenovo,codex-wakapi-history-import/1.0,2025-11-04 01:51:12.000,2026-05-04 03:43:07.957
Lelando1234,C:/Users/tiaan/My Drive/Tiaan/Personal/Documents & Other/Github/CompanyIntranet/src/components/NewsFeed.tsx,file,coding,CompanyIntranet,main,TypeScript,true,Wakatime,Windows,Tiaan-Lenovo,codex-wakapi-history-import/1.0,2025-11-04 01:53:12.000,2026-05-04 03:43:07.957
Lelando1234,C:/Users/tiaan/My Drive/Tiaan/Personal/Documents & Other/Github/CompanyIntranet/src/components/NewsFeed.tsx,file,coding,CompanyIntranet,main,TypeScript,true,Wakatime,Windows,Tiaan-Lenovo,codex-wakapi-history-import/1.0,2025-11-04 01:55:12.000,2026-05-04 03:43:07.957
Lelando1234,C:/Users/tiaan/My Drive/Tiaan/Personal/Documents & Other/Github/CompanyIntranet/src/contexts/AuthContext.tsx,file,coding,CompanyIntranet,main,TypeScript,true,Wakatime,Windows,Tiaan-Lenovo,codex-wakapi-history-import/1.0,2025-11-05 13:42:20.000,2026-05-04 03:43:07.957
Lelando1234,C:/Users/tiaan/My Drive/Tiaan/Personal/Documents & Other/Github/CompanyIntranet/src/contexts/AuthContext.tsx,file,coding,CompanyIntranet,main,TypeScript,true,Wakatime,Windows,Tiaan-Lenovo,codex-wakapi-history-import/1.0,2025-11-05 13:44:20.000,2026-05-04 03:43:07.957
Lelando1234,C:/Users/tiaan/My Drive/Tiaan/Personal/Documents & Other/Github/CompanyIntranet/src/contexts/AuthContext.tsx,file,coding,CompanyIntranet,main,TypeScript,true,Wakatime,Windows,Tiaan-Lenovo,codex-wakapi-history-import/1.0,2025-11-05 13:46:20.000,2026-05-04 03:43:07.957
Lelando1234,C:/Users/tiaan/My Drive/Tiaan/Personal/Documents & Other/Github/CompanyIntranet/src/contexts/AuthContext.tsx,file,coding,CompanyIntranet,main,TypeScript,true,Wakatime,Windows,Tiaan-Lenovo,codex-wakapi-history-import/1.0,2025-11-05 13:48:20.000,2026-05-04 03:43:07.957
Lelando1234,C:/Users/tiaan/My Drive/Tiaan/Personal/Documents & Other/Github/CompanyIntranet/src/contexts/AuthContext.tsx,file,coding,CompanyIntranet,main,TypeScript,true,Wakatime,Windows,Tiaan-Lenovo,codex-wakapi-history-import/1.0,2025-11-05 13:50:20.000,2026-05-04 03:43:07.957
Lelando1234,C:/Users/tiaan/My Drive/Tiaan/Personal/Documents & Other/Github/CompanyIntranet/src/contexts/AuthContext.tsx,file,coding,CompanyIntranet,main,TypeScript,true,Wakatime,Windows,Tiaan-Lenovo,codex-wakapi-history-import/1.0,2025-11-05 13:52:20.000,2026-05-04 03:43:07.957
Lelando1234,C:/Users/tiaan/My Drive/Tiaan/Personal/Documents & Other/Github/CompanyIntranet/src/contexts/AuthContext.tsx,file,coding,CompanyIntranet,main,TypeScript,true,Wakatime,Windows,Tiaan-Lenovo,codex-wakapi-history-import/1.0,2025-11-05 13:54:20.000,2026-05-04 03:43:07.957
Lelando1234,C:/Users/tiaan/My Drive/Tiaan/Personal/Documents & Other/Github/CompanyIntranet/src/contexts/AuthContext.tsx,file,coding,CompanyIntranet,main,TypeScript,true,Wakatime,Windows,Tiaan-Lenovo,codex-wakapi-history-import/1.0,2025-11-05 13:56:20.000,2026-05-04 03:43:07.957
Lelando1234,C:/Users/tiaan/My Drive/Tiaan/Personal/Documents & Other/Github/CompanyIntranet/src/contexts/AuthContext.tsx,file,coding,CompanyIntranet,main,TypeScript,true,Wakatime,Windows,Tiaan-Lenovo,codex-wakapi-history-import/1.0,2025-11-05 13:58:20.000,2026-05-04 03:43:07.957
Lelando1234,C:/Users/tiaan/My Drive/Tiaan/Personal/Documents & Other/Github/CompanyIntranet/src/contexts/AuthContext.tsx,file,coding,CompanyIntranet,main,TypeScript,true,Wakatime,Windows,Tiaan-Lenovo,codex-wakapi-history-import/1.0,2025-11-05 14:00:20.000,2026-05-04 03:43:07.957
Lelando1234,C:/Users/tiaan/My Drive/Tiaan/Personal/Documents & Other/Github/CompanyIntranet/src/contexts/AuthContext.tsx,file,coding,CompanyIntranet,main,TypeScript,true,Wakatime,Windows,Tiaan-Lenovo,codex-wakapi-history-import/1.0,2025-11-05 14:02:20.000,2026-05-04 03:43:07.957
Lelando1234,C:/Users/tiaan/My Drive/Tiaan/Personal/Documents & Other/Github/CompanyIntranet/src/contexts/AuthContext.tsx,file,coding,CompanyIntranet,main,TypeScript,true,Wakatime,Windows,Tiaan-Lenovo,codex-wakapi-history-import/1.0,2025-11-05 14:04:20.000,2026-05-04 03:43:07.957
Lelando1234,C:/Users/tiaan/My Drive/Tiaan/Personal/Documents & Other/Github/CompanyIntranet/src/contexts/AuthContext.tsx,file,coding,CompanyIntranet,main,TypeScript,true,Wakatime,Windows,Tiaan-Lenovo,codex-wakapi-history-import/1.0,2025-11-05 14:06:20.000,2026-05-04 03:43:07.957
Lelando1234,C:/Users/tiaan/My Drive/Tiaan/Personal/Documents & Other/Github/CompanyIntranet/src/pages/AdminPanel.tsx,file,coding,CompanyIntranet,main,TypeScript,true,Wakatime,Windows,Tiaan-Lenovo,codex-wakapi-history-import/1.0,2025-11-05 14:08:20.000,2026-05-04 03:43:07.957
Lelando1234,C:/Users/tiaan/My Drive/Tiaan/Personal/Documents & Other/Github/CompanyIntranet/src/pages/AdminPanel.tsx,file,coding,CompanyIntranet,main,TypeScript,true,Wakatime,Windows,Tiaan-Lenovo,codex-wakapi-history-import/1.0,2025-11-05 14:10:20.000,2026-05-04 03:43:07.957
Lelando1234,C:/Users/tiaan/My Drive/Tiaan/Personal/Documents & Other/Github/CompanyIntranet/src/pages/AdminPanel.tsx,file,coding,CompanyIntranet,main,TypeScript,true,Wakatime,Windows,Tiaan-Lenovo,codex-wakapi-history-import/1.0,2025-11-05 14:12:20.000,2026-05-04 03:43:07.957
Lelando1234,C:/Users/tiaan/My Drive/Tiaan/Personal/Documents & Other/Github/CompanyIntranet/src/pages/AdminPanel.tsx,file,coding,CompanyIntranet,main,TypeScript,true,Wakatime,Windows,Tiaan-Lenovo,codex-wakapi-history-import/1.0,2025-11-05 14:14:20.000,2026-05-04 03:43:07.957
Lelando1234,C:/Users/tiaan/My Drive/Tiaan/Personal/Documents & Other/Github/CompanyIntranet/src/pages/AdminPanel.tsx,file,coding,CompanyIntranet,main,TypeScript,true,Wakatime,Windows,Tiaan-Lenovo,codex-wakapi-history-import/1.0,2025-11-05 14:16:20.000,2026-05-04 03:43:07.957
Lelando1234,C:/Users/tiaan/My Drive/Tiaan/Personal/Documents & Other/Github/CompanyIntranet/src/pages/AdminPanel.tsx,file,coding,CompanyIntranet,main,TypeScript,true,Wakatime,Windows,Tiaan-Lenovo,codex-wakapi-history-import/1.0,2025-11-05 14:18:20.000,2026-05-04 03:43:07.957
Lelando1234,C:/Users/tiaan/My Drive/Tiaan/Personal/Documents & Other/Github/CompanyIntranet/src/pages/AdminPanel.tsx,file,coding,CompanyIntranet,main,TypeScript,true,Wakatime,Windows,Tiaan-Lenovo,codex-wakapi-history-import/1.0,2025-11-05 14:20:20.000,2026-05-04 03:43:07.957
Lelando1234,C:/Users/tiaan/My Drive/Tiaan/Personal/Documents & Other/Github/CompanyIntranet/src/pages/AdminPanel.tsx,file,coding,CompanyIntranet,main,TypeScript,true,Wakatime,Windows,Tiaan-Lenovo,codex-wakapi-history-import/1.0,2025-11-05 14:22:20.000,2026-05-04 03:43:07.957
Lelando1234,C:/Users/tiaan/My Drive/Tiaan/Personal/Documents & Other/Github/CompanyIntranet/src/App.tsx,file,coding,CompanyIntranet,main,TypeScript,true,Wakatime,Windows,Tiaan-Lenovo,codex-wakapi-history-import/1.0,2025-11-07 02:25:36.000,2026-05-04 03:43:07.957
Lelando1234,C:/Users/tiaan/My Drive/Tiaan/Personal/Documents & Other/Github/CompanyIntranet/src/App.tsx,file,coding,CompanyIntranet,main,TypeScript,true,Wakatime,Windows,Tiaan-Lenovo,codex-wakapi-history-import/1.0,2025-11-07 02:27:36.000,2026-05-04 03:43:07.957
Lelando1234,C:/Users/tiaan/My Drive/Tiaan/Personal/Documents & Other/Github/CompanyIntranet/src/App.tsx,file,coding,CompanyIntranet,main,TypeScript,true,Wakatime,Windows,Tiaan-Lenovo,codex-wakapi-history-import/1.0,2025-11-07 02:29:36.000,2026-05-04 03:43:07.957
Lelando1234,C:/Users/tiaan/My Drive/Tiaan/Personal/Documents & Other/Github/CompanyIntranet/src/App.tsx,file,coding,CompanyIntranet,main,TypeScript,true,Wakatime,Windows,Tiaan-Lenovo,codex-wakapi-history-import/1.0,2025-11-07 02:31:36.000,2026-05-04 03:43:07.957
Lelando1234,C:/Users/tiaan/My Drive/Tiaan/Personal/Documents & Other/Github/CompanyIntranet/src/App.tsx,file,coding,CompanyIntranet,main,TypeScript,true,Wakatime,Windows,Tiaan-Lenovo,codex-wakapi-history-import/1.0,2025-11-07 02:33:36.000,2026-05-04 03:43:07.957
Lelando1234,C:/Users/tiaan/My Drive/Tiaan/Personal/Documents & Other/Github/CompanyIntranet/src/App.tsx,file,coding,CompanyIntranet,main,TypeScript,true,Wakatime,Windows,Tiaan-Lenovo,codex-wakapi-history-import/1.0,2025-11-07 02:35:36.000,2026-05-04 03:43:07.957
Lelando1234,C:/Users/tiaan/My Drive/Tiaan/Personal/Documents & Other/Github/CompanyIntranet/src/App.tsx,file,coding,CompanyIntranet,main,TypeScript,true,Wakatime,Windows,Tiaan-Lenovo,codex-wakapi-history-import/1.0,2025-11-07 02:37:36.000,2026-05-04 03:43:07.957
Lelando1234,C:/Users/tiaan/My Drive/Tiaan/Personal/Documents & Other/Github/CompanyIntranet/src/App.tsx,file,coding,CompanyIntranet,main,TypeScript,true,Wakatime,Windows,Tiaan-Lenovo,codex-wakapi-history-import/1.0,2025-11-07 02:39:36.000,2026-05-04 03:43:07.957
Lelando1234,C:/Users/tiaan/My Drive/Tiaan/Personal/Documents & Other/Github/CompanyIntranet/src/App.tsx,file,coding,CompanyIntranet,main,TypeScript,true,Wakatime,Windows,Tiaan-Lenovo,codex-wakapi-history-import/1.0,2025-11-07 02:41:36.000,2026-05-04 03:43:07.957
Lelando1234,C:/Users/tiaan/My Drive/Tiaan/Personal/Documents & Other/Github/CompanyIntranet/src/App.tsx,file,coding,CompanyIntranet,main,TypeScript,true,Wakatime,Windows,Tiaan-Lenovo,codex-wakapi-history-import/1.0,2025-11-07 02:43:36.000,2026-05-04 03:43:07.957
Lelando1234,C:/Users/tiaan/My Drive/Tiaan/Personal/Documents & Other/Github/CompanyIntranet/src/App.tsx,file,coding,CompanyIntranet,main,TypeScript,true,Wakatime,Windows,Tiaan-Lenovo,codex-wakapi-history-import/1.0,2025-11-07 02:45:36.000,2026-05-04 03:43:07.957
Lelando1234,C:/Users/tiaan/My Drive/Tiaan/Personal/Documents & Other/Github/CompanyIntranet/src/App.tsx,file,coding,CompanyIntranet,main,TypeScript,true,Wakatime,Windows,Tiaan-Lenovo,codex-wakapi-history-import/1.0,2025-11-07 02:47:36.000,2026-05-04 03:43:07.957
Lelando1234,C:/Users/tiaan/My Drive/Tiaan/Personal/Documents & Other/Github/CompanyIntranet/src/App.tsx,file,coding,CompanyIntranet,main,TypeScript,true,Wakatime,Windows,Tiaan-Lenovo,codex-wakapi-history-import/1.0,2025-11-07 02:49:36.000,2026-05-04 03:43:07.957
Lelando1234,C:/Users/tiaan/My Drive/Tiaan/Personal/Documents & Other/Github/CompanyIntranet/src/components/home.tsx,file,coding,CompanyIntranet,main,TypeScript,true,Wakatime,Windows,Tiaan-Lenovo,codex-wakapi-history-import/1.0,2025-11-07 02:51:36.000,2026-05-04 03:43:07.957
Lelando1234,C:/Users/tiaan/My Drive/Tiaan/Personal/Documents & Other/Github/CompanyIntranet/src/components/home.tsx,file,coding,CompanyIntranet,main,TypeScript,true,Wakatime,Windows,Tiaan-Lenovo,codex-wakapi-history-import/1.0,2025-11-07 02:53:36.000,2026-05-04 03:43:07.957
Lelando1234,C:/Users/tiaan/My Drive/Tiaan/Personal/Documents & Other/Github/CompanyIntranet/src/components/home.tsx,file,coding,CompanyIntranet,main,TypeScript,true,Wakatime,Windows,Tiaan-Lenovo,codex-wakapi-history-import/1.0,2025-11-07 02:55:36.000,2026-05-04 03:43:07.957
Lelando1234,C:/Users/tiaan/My Drive/Tiaan/Personal/Documents & Other/Github/CompanyIntranet/src/components/home.tsx,file,coding,CompanyIntranet,main,TypeScript,true,Wakatime,Windows,Tiaan-Lenovo,codex-wakapi-history-import/1.0,2025-11-07 02:57:36.000,2026-05-04 03:43:07.957
Lelando1234,C:/Users/tiaan/My Drive/Tiaan/Personal/Documents & Other/Github/CompanyIntranet/src/components/home.tsx,file,coding,CompanyIntranet,main,TypeScript,true,Wakatime,Windows,Tiaan-Lenovo,codex-wakapi-history-import/1.0,2025-11-07 02:59:36.000,2026-05-04 03:43:07.957
Lelando1234,C:/Users/tiaan/My Drive/Tiaan/Personal/Documents & Other/Github/CompanyIntranet/install.sh,file,coding,CompanyIntranet,main,Bash,true,Wakatime,Windows,Tiaan-Lenovo,codex-wakapi-history-import/1.0,2025-11-09 12:00:00.000,2026-05-04 03:43:07.957
Lelando1234,C:/Users/tiaan/My Drive/Tiaan/Personal/Documents & Other/Github/CompanyIntranet/install.sh,file,coding,CompanyIntranet,main,Bash,true,Wakatime,Windows,Tiaan-Lenovo,codex-wakapi-history-import/1.0,2025-11-09 12:02:00.000,2026-05-04 03:43:07.957
Lelando1234,C:/Users/tiaan/My Drive/Tiaan/Personal/Documents & Other/Github/CompanyIntranet/install.sh,file,coding,CompanyIntranet,main,Bash,true,Wakatime,Windows,Tiaan-Lenovo,codex-wakapi-history-import/1.0,2025-11-09 12:04:00.000,2026-05-04 03:43:07.957
Lelando1234,C:/Users/tiaan/My Drive/Tiaan/Personal/Documents & Other/Github/CompanyIntranet/install.sh,file,coding,CompanyIntranet,main,Bash,true,Wakatime,Windows,Tiaan-Lenovo,codex-wakapi-history-import/1.0,2025-11-09 12:06:00.000,2026-05-04 03:43:07.957
Lelando1234,C:/Users/tiaan/My Drive/Tiaan/Personal/Documents & Other/Github/CompanyIntranet/install.sh,file,coding,CompanyIntranet,main,Bash,true,Wakatime,Windows,Tiaan-Lenovo,codex-wakapi-history-import/1.0,2025-11-09 12:08:00.000,2026-05-04 03:43:07.957
Lelando1234,C:/Users/tiaan/My Drive/Tiaan/Personal/Documents & Other/Github/CompanyIntranet/install.sh,file,coding,CompanyIntranet,main,Bash,true,Wakatime,Windows,Tiaan-Lenovo,codex-wakapi-history-import/1.0,2025-11-09 12:10:00.000,2026-05-04 03:43:07.957
Lelando1234,C:/Users/tiaan/My Drive/Tiaan/Personal/Documents & Other/Github/CompanyIntranet/install.sh,file,coding,CompanyIntranet,main,Bash,true,Wakatime,Windows,Tiaan-Lenovo,codex-wakapi-history-import/1.0,2025-11-09 12:12:00.000,2026-05-04 03:43:07.957
Lelando1234,C:/Users/tiaan/My Drive/Tiaan/Personal/Documents & Other/Github/CompanyIntranet/install.sh,file,coding,CompanyIntranet,main,Bash,true,Wakatime,Windows,Tiaan-Lenovo,codex-wakapi-history-import/1.0,2025-11-09 12:14:00.000,2026-05-04 03:43:07.957
Lelando1234,C:/Users/tiaan/My Drive/Tiaan/Personal/Documents & Other/Github/CompanyIntranet/install.sh,file,coding,CompanyIntranet,main,Bash,true,Wakatime,Windows,Tiaan-Lenovo,codex-wakapi-history-import/1.0,2025-11-09 12:16:00.000,2026-05-04 03:43:07.957
Lelando1234,C:/Users/tiaan/My Drive/Tiaan/Personal/Documents & Other/Github/CompanyIntranet/install.sh,file,coding,CompanyIntranet,main,Bash,true,Wakatime,Windows,Tiaan-Lenovo,codex-wakapi-history-import/1.0,2025-11-09 12:18:00.000,2026-05-04 03:43:07.957
Lelando1234,C:/Users/tiaan/My Drive/Tiaan/Personal/Documents & Other/Github/CompanyIntranet/install.sh,file,coding,CompanyIntranet,main,Bash,true,Wakatime,Windows,Tiaan-Lenovo,codex-wakapi-history-import/1.0,2025-11-09 12:20:00.000,2026-05-04 03:43:07.957
Lelando1234,C:/Users/tiaan/My Drive/Tiaan/Personal/Documents & Other/Github/CompanyIntranet/install.sh,file,coding,CompanyIntranet,main,Bash,true,Wakatime,Windows,Tiaan-Lenovo,codex-wakapi-history-import/1.0,2025-11-09 12:22:00.000,2026-05-04 03:43:07.957
Lelando1234,C:/Users/tiaan/My Drive/Tiaan/Personal/Documents & Other/Github/CompanyIntranet/install.sh,file,coding,CompanyIntranet,main,Bash,true,Wakatime,Windows,Tiaan-Lenovo,codex-wakapi-history-import/1.0,2025-11-09 12:24:00.000,2026-05-04 03:43:07.957
Lelando1234,C:/Users/tiaan/My Drive/Tiaan/Personal/Documents & Other/Github/CompanyIntranet/src/App.tsx,file,coding,CompanyIntranet,main,TypeScript,true,Wakatime,Windows,Tiaan-Lenovo,codex-wakapi-history-import/1.0,2025-11-09 12:26:00.000,2026-05-04 03:43:07.957
Lelando1234,C:/Users/tiaan/My Drive/Tiaan/Personal/Documents & Other/Github/CompanyIntranet/src/App.tsx,file,coding,CompanyIntranet,main,TypeScript,true,Wakatime,Windows,Tiaan-Lenovo,codex-wakapi-history-import/1.0,2025-11-09 12:28:00.000,2026-05-04 03:43:07.957
Lelando1234,C:/Users/tiaan/My Drive/Tiaan/Personal/Documents & Other/Github/CompanyIntranet/src/App.tsx,file,coding,CompanyIntranet,main,TypeScript,true,Wakatime,Windows,Tiaan-Lenovo,codex-wakapi-history-import/1.0,2025-11-09 12:30:00.000,2026-05-04 03:43:07.957
Lelando1234,C:/Users/tiaan/My Drive/Tiaan/Personal/Documents & Other/Github/CompanyIntranet/src/App.tsx,file,coding,CompanyIntranet,main,TypeScript,true,Wakatime,Windows,Tiaan-Lenovo,codex-wakapi-history-import/1.0,2025-11-09 12:32:00.000,2026-05-04 03:43:07.957
Lelando1234,C:/Users/tiaan/My Drive/Tiaan/Personal/Documents & Other/Github/CompanyIntranet/src/App.tsx,file,coding,CompanyIntranet,main,TypeScript,true,Wakatime,Windows,Tiaan-Lenovo,codex-wakapi-history-import/1.0,2025-11-09 12:34:00.000,2026-05-04 03:43:07.957
Lelando1234,C:/Users/tiaan/My Drive/Tiaan/Personal/Documents & Other/Github/CompanyIntranet/src/App.tsx,file,coding,CompanyIntranet,main,TypeScript,true,Wakatime,Windows,Tiaan-Lenovo,codex-wakapi-history-import/1.0,2025-11-09 12:36:00.000,2026-05-04 03:43:07.957
Lelando1234,C:/Users/tiaan/My Drive/Tiaan/Personal/Documents & Other/Github/CompanyIntranet/src/App.tsx,file,coding,CompanyIntranet,main,TypeScript,true,Wakatime,Windows,Tiaan-Lenovo,codex-wakapi-history-import/1.0,2025-11-09 12:38:00.000,2026-05-04 03:43:07.957
Lelando1234,C:/Users/tiaan/My Drive/Tiaan/Personal/Documents & Other/Github/CompanyIntranet/src/App.tsx,file,coding,CompanyIntranet,main,TypeScript,true,Wakatime,Windows,Tiaan-Lenovo,codex-wakapi-history-import/1.0,2025-11-09 12:40:00.000,2026-05-04 03:43:07.957
Lelando1234,C:/Users/tiaan/My Drive/Tiaan/Personal/Documents & Other/Github/CompanyIntranet/src/App.tsx,file,coding,CompanyIntranet,main,TypeScript,true,Wakatime,Windows,Tiaan-Lenovo,codex-wakapi-history-import/1.0,2025-11-09 12:42:00.000,2026-05-04 03:43:07.957
Lelando1234,C:/Users/tiaan/My Drive/Tiaan/Personal/Documents & Other/Github/CompanyIntranet/src/App.tsx,file,coding,CompanyIntranet,main,TypeScript,true,Wakatime,Windows,Tiaan-Lenovo,codex-wakapi-history-import/1.0,2025-11-09 12:44:00.000,2026-05-04 03:43:07.957
Lelando1234,C:/Users/tiaan/My Drive/Tiaan/Personal/Documents & Other/Github/CompanyIntranet/src/App.tsx,file,coding,CompanyIntranet,main,TypeScript,true,Wakatime,Windows,Tiaan-Lenovo,codex-wakapi-history-import/1.0,2025-11-09 12:46:00.000,2026-05-04 03:43:07.957
Lelando1234,C:/Users/tiaan/My Drive/Tiaan/Personal/Documents & Other/Github/CompanyIntranet/src/App.tsx,file,coding,CompanyIntranet,main,TypeScript,true,Wakatime,Windows,Tiaan-Lenovo,codex-wakapi-history-import/1.0,2025-11-09 12:48:00.000,2026-05-04 03:43:07.957
Lelando1234,C:/Users/tiaan/My Drive/Tiaan/Personal/Documents & Other/Github/CompanyIntranet/src/components/home.tsx,file,coding,CompanyIntranet,main,TypeScript,true,Wakatime,Windows,Tiaan-Lenovo,codex-wakapi-history-import/1.0,2025-11-09 12:50:00.000,2026-05-04 03:43:07.957
Lelando1234,C:/Users/tiaan/My Drive/Tiaan/Personal/Documents & Other/Github/CompanyIntranet/src/components/home.tsx,file,coding,CompanyIntranet,main,TypeScript,true,Wakatime,Windows,Tiaan-Lenovo,codex-wakapi-history-import/1.0,2025-11-09 12:52:00.000,2026-05-04 03:43:07.957
Lelando1234,C:/Users/tiaan/My Drive/Tiaan/Personal/Documents & Other/Github/CompanyIntranet/src/components/home.tsx,file,coding,CompanyIntranet,main,TypeScript,true,Wakatime,Windows,Tiaan-Lenovo,codex-wakapi-history-import/1.0,2025-11-09 12:54:00.000,2026-05-04 03:43:07.957
Lelando1234,C:/Users/tiaan/My Drive/Tiaan/Personal/Documents & Other/Github/CompanyIntranet/src/pages/Dashboard.tsx,file,coding,CompanyIntranet,main,TypeScript,true,Wakatime,Windows,Tiaan-Lenovo,codex-wakapi-history-import/1.0,2025-11-12 12:19:00.000,2026-05-04 03:43:07.957
Lelando1234,C:/Users/tiaan/My Drive/Tiaan/Personal/Documents & Other/Github/CompanyIntranet/src/pages/Dashboard.tsx,file,coding,CompanyIntranet,main,TypeScript,true,Wakatime,Windows,Tiaan-Lenovo,codex-wakapi-history-import/1.0,2025-11-12 12:21:00.000,2026-05-04 03:43:07.957
Lelando1234,C:/Users/tiaan/My Drive/Tiaan/Personal/Documents & Other/Github/CompanyIntranet/src/pages/Dashboard.tsx,file,coding,CompanyIntranet,main,TypeScript,true,Wakatime,Windows,Tiaan-Lenovo,codex-wakapi-history-import/1.0,2025-11-12 12:23:00.000,2026-05-04 03:43:07.957
Lelando1234,C:/Users/tiaan/My Drive/Tiaan/Personal/Documents & Other/Github/CompanyIntranet/src/pages/Dashboard.tsx,file,coding,CompanyIntranet,main,TypeScript,true,Wakatime,Windows,Tiaan-Lenovo,codex-wakapi-history-import/1.0,2025-11-12 12:25:00.000,2026-05-04 03:43:07.957
Lelando1234,C:/Users/tiaan/My Drive/Tiaan/Personal/Documents & Other/Github/CompanyIntranet/src/pages/Dashboard.tsx,file,coding,CompanyIntranet,main,TypeScript,true,Wakatime,Windows,Tiaan-Lenovo,codex-wakapi-history-import/1.0,2025-11-12 12:27:00.000,2026-05-04 03:43:07.957
Lelando1234,C:/Users/tiaan/My Drive/Tiaan/Personal/Documents & Other/Github/CompanyIntranet/src/pages/Dashboard.tsx,file,coding,CompanyIntranet,main,TypeScript,true,Wakatime,Windows,Tiaan-Lenovo,codex-wakapi-history-import/1.0,2025-11-12 12:29:00.000,2026-05-04 03:43:07.957
Lelando1234,C:/Users/tiaan/My Drive/Tiaan/Personal/Documents & Other/Github/CompanyIntranet/src/pages/Dashboard.tsx,file,coding,CompanyIntranet,main,TypeScript,true,Wakatime,Windows,Tiaan-Lenovo,codex-wakapi-history-import/1.0,2025-11-12 12:31:00.000,2026-05-04 03:43:07.957
Lelando1234,C:/Users/tiaan/My Drive/Tiaan/Personal/Documents & Other/Github/CompanyIntranet/src/pages/Dashboard.tsx,file,coding,CompanyIntranet,main,TypeScript,true,Wakatime,Windows,Tiaan-Lenovo,codex-wakapi-history-import/1.0,2025-11-12 12:33:00.000,2026-05-04 03:43:07.957
Lelando1234,C:/Users/tiaan/My Drive/Tiaan/Personal/Documents & Other/Github/CompanyIntranet/src/pages/Dashboard.tsx,file,coding,CompanyIntranet,main,TypeScript,true,Wakatime,Windows,Tiaan-Lenovo,codex-wakapi-history-import/1.0,2025-11-12 12:35:00.000,2026-05-04 03:43:07.957
Lelando1234,C:/Users/tiaan/My Drive/Tiaan/Personal/Documents & Other/Github/CompanyIntranet/src/pages/Dashboard.tsx,file,coding,CompanyIntranet,main,TypeScript,true,Wakatime,Windows,Tiaan-Lenovo,codex-wakapi-history-import/1.0,2025-11-12 12:37:00.000,2026-05-04 03:43:07.957
Lelando1234,C:/Users/tiaan/My Drive/Tiaan/Personal/Documents & Other/Github/CompanyIntranet/src/pages/Dashboard.tsx,file,coding,CompanyIntranet,main,TypeScript,true,Wakatime,Windows,Tiaan-Lenovo,codex-wakapi-history-import/1.0,2025-11-12 12:39:00.000,2026-05-04 03:43:07.957
Lelando1234,C:/Users/tiaan/My Drive/Tiaan/Personal/Documents & Other/Github/CompanyIntranet/src/pages/Dashboard.tsx,file,coding,CompanyIntranet,main,TypeScript,true,Wakatime,Windows,Tiaan-Lenovo,codex-wakapi-history-import/1.0,2025-11-12 12:41:00.000,2026-05-04 03:43:07.957
Lelando1234,C:/Users/tiaan/My Drive/Tiaan/Personal/Documents & Other/Github/CompanyIntranet/src/pages/Dashboard.tsx,file,coding,CompanyIntranet,main,TypeScript,true,Wakatime,Windows,Tiaan-Lenovo,codex-wakapi-history-import/1.0,2025-11-12 12:43:00.000,2026-05-04 03:43:07.957
Lelando1234,C:/Users/tiaan/My Drive/Tiaan/Personal/Documents & Other/Github/CompanyIntranet/src/components/NewsFeed.tsx,file,coding,CompanyIntranet,main,TypeScript,true,Wakatime,Windows,Tiaan-Lenovo,codex-wakapi-history-import/1.0,2025-11-12 12:45:00.000,2026-05-04 03:43:07.957
Lelando1234,C:/Users/tiaan/My Drive/Tiaan/Personal/Documents & Other/Github/CompanyIntranet/src/components/NewsFeed.tsx,file,coding,CompanyIntranet,main,TypeScript,true,Wakatime,Windows,Tiaan-Lenovo,codex-wakapi-history-import/1.0,2025-11-12 12:47:00.000,2026-05-04 03:43:07.957
Lelando1234,C:/Users/tiaan/My Drive/Tiaan/Personal/Documents & Other/Github/CompanyIntranet/src/components/NewsFeed.tsx,file,coding,CompanyIntranet,main,TypeScript,true,Wakatime,Windows,Tiaan-Lenovo,codex-wakapi-history-import/1.0,2025-11-12 12:49:00.000,2026-05-04 03:43:07.957
Lelando1234,C:/Users/tiaan/My Drive/Tiaan/Personal/Documents & Other/Github/CompanyIntranet/src/components/NewsFeed.tsx,file,coding,CompanyIntranet,main,TypeScript,true,Wakatime,Windows,Tiaan-Lenovo,codex-wakapi-history-import/1.0,2025-11-12 12:51:00.000,2026-05-04 03:43:07.957
Lelando1234,C:/Users/tiaan/My Drive/Tiaan/Personal/Documents & Other/Github/CompanyIntranet/src/components/NewsFeed.tsx,file,coding,CompanyIntranet,main,TypeScript,true,Wakatime,Windows,Tiaan-Lenovo,codex-wakapi-history-import/1.0,2025-11-12 12:53:00.000,2026-05-04 03:43:07.957
Lelando1234,C:/Users/tiaan/My Drive/Tiaan/Personal/Documents & Other/Github/CompanyIntranet/src/components/NewsFeed.tsx,file,coding,CompanyIntranet,main,TypeScript,true,Wakatime,Windows,Tiaan-Lenovo,codex-wakapi-history-import/1.0,2025-11-12 12:55:00.000,2026-05-04 03:43:07.957
Lelando1234,C:/Users/tiaan/My Drive/Tiaan/Personal/Documents & Other/Github/CompanyIntranet/src/components/NewsFeed.tsx,file,coding,CompanyIntranet,main,TypeScript,true,Wakatime,Windows,Tiaan-Lenovo,codex-wakapi-history-import/1.0,2025-11-12 12:57:00.000,2026-05-04 03:43:07.957
Lelando1234,C:/Users/tiaan/My Drive/Tiaan/Personal/Documents & Other/Github/CompanyIntranet/src/components/NewsFeed.tsx,file,coding,CompanyIntranet,main,TypeScript,true,Wakatime,Windows,Tiaan-Lenovo,codex-wakapi-history-import/1.0,2025-11-12 12:59:00.000,2026-05-04 03:43:07.957
Lelando1234,C:/Users/tiaan/My Drive/Tiaan/Personal/Documents & Other/Github/CompanyIntranet/src/components/NewsFeed.tsx,file,coding,CompanyIntranet,main,TypeScript,true,Wakatime,Windows,Tiaan-Lenovo,codex-wakapi-history-import/1.0,2025-11-12 13:01:00.000,2026-05-04 03:43:07.957
Lelando1234,C:/Users/tiaan/My Drive/Tiaan/Personal/Documents & Other/Github/CompanyIntranet/src/components/NewsFeed.tsx,file,coding,CompanyIntranet,main,TypeScript,true,Wakatime,Windows,Tiaan-Lenovo,codex-wakapi-history-import/1.0,2025-11-12 13:03:00.000,2026-05-04 03:43:07.957
Lelando1234,C:/Users/tiaan/My Drive/Tiaan/Personal/Documents & Other/Github/CompanyIntranet/src/components/NewsFeed.tsx,file,coding,CompanyIntranet,main,TypeScript,true,Wakatime,Windows,Tiaan-Lenovo,codex-wakapi-history-import/1.0,2025-11-12 13:05:00.000,2026-05-04 03:43:07.957
Lelando1234,C:/Users/tiaan/My Drive/Tiaan/Personal/Documents & Other/Github/CompanyIntranet/src/components/NewsFeed.tsx,file,coding,CompanyIntranet,main,TypeScript,true,Wakatime,Windows,Tiaan-Lenovo,codex-wakapi-history-import/1.0,2025-11-12 13:07:00.000,2026-05-04 03:43:07.957
Lelando1234,C:/Users/tiaan/My Drive/Tiaan/Personal/Documents & Other/Github/CompanyIntranet/backend/src/database/schema.sql,file,coding,CompanyIntranet,main,SQL,true,Wakatime,Windows,Tiaan-Lenovo,codex-wakapi-history-import/1.0,2025-11-12 13:09:00.000,2026-05-04 03:43:07.957
Lelando1234,C:/Users/tiaan/My Drive/Tiaan/Personal/Documents & Other/Github/CompanyIntranet/backend/src/database/schema.sql,file,coding,CompanyIntranet,main,SQL,true,Wakatime,Windows,Tiaan-Lenovo,codex-wakapi-history-import/1.0,2025-11-12 13:11:00.000,2026-05-04 03:43:07.957
Lelando1234,C:/Users/tiaan/My Drive/Tiaan/Personal/Documents & Other/Github/CompanyIntranet/backend/src/database/schema.sql,file,coding,CompanyIntranet,main,SQL,true,Wakatime,Windows,Tiaan-Lenovo,codex-wakapi-history-import/1.0,2025-11-12 13:13:00.000,2026-05-04 03:43:07.957
Lelando1234,C:/Users/tiaan/My Drive/Tiaan/Personal/Documents & Other/Github/CompanyIntranet/backend/src/database/schema.sql,file,coding,CompanyIntranet,main,SQL,true,Wakatime,Windows,Tiaan-Lenovo,codex-wakapi-history-import/1.0,2025-11-12 13:15:00.000,2026-05-04 03:43:07.957
Lelando1234,C:/Users/tiaan/My Drive/Tiaan/Personal/Documents & Other/Github/CompanyIntranet/backend/src/database/schema.sql,file,coding,CompanyIntranet,main,SQL,true,Wakatime,Windows,Tiaan-Lenovo,codex-wakapi-history-import/1.0,2025-11-12 13:17:00.000,2026-05-04 03:43:07.957
Lelando1234,C:/Users/tiaan/My Drive/Tiaan/Personal/Documents & Other/Github/CompanyIntranet/backend/src/database/schema.sql,file,coding,CompanyIntranet,main,SQL,true,Wakatime,Windows,Tiaan-Lenovo,codex-wakapi-history-import/1.0,2025-11-12 13:19:00.000,2026-05-04 03:43:07.957
Lelando1234,C:/Users/tiaan/My Drive/Tiaan/Personal/Documents & Other/Github/CompanyIntranet/src/App.tsx,file,coding,CompanyIntranet,main,TypeScript,true,Wakatime,Windows,Tiaan-Lenovo,codex-wakapi-history-import/1.0,2025-11-13 02:03:36.000,2026-05-04 03:43:07.957
Lelando1234,C:/Users/tiaan/My Drive/Tiaan/Personal/Documents & Other/Github/CompanyIntranet/src/App.tsx,file,coding,CompanyIntranet,main,TypeScript,true,Wakatime,Windows,Tiaan-Lenovo,codex-wakapi-history-import/1.0,2025-11-13 02:05:36.000,2026-05-04 03:43:07.957
Lelando1234,C:/Users/tiaan/My Drive/Tiaan/Personal/Documents & Other/Github/CompanyIntranet/src/App.tsx,file,coding,CompanyIntranet,main,TypeScript,true,Wakatime,Windows,Tiaan-Lenovo,codex-wakapi-history-import/1.0,2025-11-13 02:07:36.000,2026-05-04 03:43:07.957
Lelando1234,C:/Users/tiaan/My Drive/Tiaan/Personal/Documents & Other/Github/CompanyIntranet/src/App.tsx,file,coding,CompanyIntranet,main,TypeScript,true,Wakatime,Windows,Tiaan-Lenovo,codex-wakapi-history-import/1.0,2025-11-13 02:09:36.000,2026-05-04 03:43:07.957
Lelando1234,C:/Users/tiaan/My Drive/Tiaan/Personal/Documents & Other/Github/CompanyIntranet/src/App.tsx,file,coding,CompanyIntranet,main,TypeScript,true,Wakatime,Windows,Tiaan-Lenovo,codex-wakapi-history-import/1.0,2025-11-13 02:11:36.000,2026-05-04 03:43:07.957
Lelando1234,C:/Users/tiaan/My Drive/Tiaan/Personal/Documents & Other/Github/CompanyIntranet/src/App.tsx,file,coding,CompanyIntranet,main,TypeScript,true,Wakatime,Windows,Tiaan-Lenovo,codex-wakapi-history-import/1.0,2025-11-13 02:13:36.000,2026-05-04 03:43:07.957
Lelando1234,C:/Users/tiaan/My Drive/Tiaan/Personal/Documents & Other/Github/CompanyIntranet/src/App.tsx,file,coding,CompanyIntranet,main,TypeScript,true,Wakatime,Windows,Tiaan-Lenovo,codex-wakapi-history-import/1.0,2025-11-13 02:15:36.000,2026-05-04 03:43:07.957
Lelando1234,C:/Users/tiaan/My Drive/Tiaan/Personal/Documents & Other/Github/CompanyIntranet/src/App.tsx,file,coding,CompanyIntranet,main,TypeScript,true,Wakatime,Windows,Tiaan-Lenovo,codex-wakapi-history-import/1.0,2025-11-13 02:17:36.000,2026-05-04 03:43:07.957
Lelando1234,C:/Users/tiaan/My Drive/Tiaan/Personal/Documents & Other/Github/CompanyIntranet/src/App.tsx,file,coding,CompanyIntranet,main,TypeScript,true,Wakatime,Windows,Tiaan-Lenovo,codex-wakapi-history-import/1.0,2025-11-13 02:19:36.000,2026-05-04 03:43:07.957
Lelando1234,C:/Users/tiaan/My Drive/Tiaan/Personal/Documents & Other/Github/CompanyIntranet/src/App.tsx,file,coding,CompanyIntranet,main,TypeScript,true,Wakatime,Windows,Tiaan-Lenovo,codex-wakapi-history-import/1.0,2025-11-13 02:21:36.000,2026-05-04 03:43:07.957
Lelando1234,C:/Users/tiaan/My Drive/Tiaan/Personal/Documents & Other/Github/CompanyIntranet/src/App.tsx,file,coding,CompanyIntranet,main,TypeScript,true,Wakatime,Windows,Tiaan-Lenovo,codex-wakapi-history-import/1.0,2025-11-13 02:23:36.000,2026-05-04 03:43:07.957
Lelando1234,C:/Users/tiaan/My Drive/Tiaan/Personal/Documents & Other/Github/CompanyIntranet/src/App.tsx,file,coding,CompanyIntranet,main,TypeScript,true,Wakatime,Windows,Tiaan-Lenovo,codex-wakapi-history-import/1.0,2025-11-13 02:25:36.000,2026-05-04 03:43:07.957
Lelando1234,C:/Users/tiaan/My Drive/Tiaan/Personal/Documents & Other/Github/CompanyIntranet/src/App.tsx,file,coding,CompanyIntranet,main,TypeScript,true,Wakatime,Windows,Tiaan-Lenovo,codex-wakapi-history-import/1.0,2025-11-13 02:27:36.000,2026-05-04 03:43:07.957
Lelando1234,C:/Users/tiaan/My Drive/Tiaan/Personal/Documents & Other/Github/CompanyIntranet/src/components/home.tsx,file,coding,CompanyIntranet,main,TypeScript,true,Wakatime,Windows,Tiaan-Lenovo,codex-wakapi-history-import/1.0,2025-11-13 02:29:36.000,2026-05-04 03:43:07.957
Lelando1234,C:/Users/tiaan/My Drive/Tiaan/Personal/Documents & Other/Github/CompanyIntranet/src/components/home.tsx,file,coding,CompanyIntranet,main,TypeScript,true,Wakatime,Windows,Tiaan-Lenovo,codex-wakapi-history-import/1.0,2025-11-13 02:31:36.000,2026-05-04 03:43:07.957
Lelando1234,C:/Users/tiaan/My Drive/Tiaan/Personal/Documents & Other/Github/CompanyIntranet/src/components/home.tsx,file,coding,CompanyIntranet,main,TypeScript,true,Wakatime,Windows,Tiaan-Lenovo,codex-wakapi-history-import/1.0,2025-11-13 02:33:36.000,2026-05-04 03:43:07.957
Lelando1234,C:/Users/tiaan/My Drive/Tiaan/Personal/Documents & Other/Github/CompanyIntranet/src/components/home.tsx,file,coding,CompanyIntranet,main,TypeScript,true,Wakatime,Windows,Tiaan-Lenovo,codex-wakapi-history-import/1.0,2025-11-13 02:35:36.000,2026-05-04 03:43:07.957
Lelando1234,C:/Users/tiaan/My Drive/Tiaan/Personal/Documents & Other/Github/CompanyIntranet/src/components/home.tsx,file,coding,CompanyIntranet,main,TypeScript,true,Wakatime,Windows,Tiaan-Lenovo,codex-wakapi-history-import/1.0,2025-11-13 02:37:36.000,2026-05-04 03:43:07.957
Lelando1234,C:/Users/tiaan/My Drive/Tiaan/Personal/Documents & Other/Github/CompanyIntranet/src/components/home.tsx,file,coding,CompanyIntranet,main,TypeScript,true,Wakatime,Windows,Tiaan-Lenovo,codex-wakapi-history-import/1.0,2025-11-13 02:39:36.000,2026-05-04 03:43:07.957
Lelando1234,C:/Users/tiaan/My Drive/Tiaan/Personal/Documents & Other/Github/CompanyIntranet/src/components/home.tsx,file,coding,CompanyIntranet,main,TypeScript,true,Wakatime,Windows,Tiaan-Lenovo,codex-wakapi-history-import/1.0,2025-11-13 02:41:36.000,2026-05-04 03:43:07.957
Lelando1234,C:/Users/tiaan/My Drive/Tiaan/Personal/Documents & Other/Github/CompanyIntranet/src/components/home.tsx,file,coding,CompanyIntranet,main,TypeScript,true,Wakatime,Windows,Tiaan-Lenovo,codex-wakapi-history-import/1.0,2025-11-13 02:43:36.000,2026-05-04 03:43:07.957
Lelando1234,C:/Users/tiaan/My Drive/Tiaan/Personal/Documents & Other/Github/CompanyIntranet/src/App.tsx,file,coding,CompanyIntranet,main,TypeScript,true,Wakatime,Windows,Tiaan-Lenovo,codex-wakapi-history-import/1.0,2025-11-14 02:30:30.000,2026-05-04 03:43:07.957
Lelando1234,C:/Users/tiaan/My Drive/Tiaan/Personal/Documents & Other/Github/CompanyIntranet/src/App.tsx,file,coding,CompanyIntranet,main,TypeScript,true,Wakatime,Windows,Tiaan-Lenovo,codex-wakapi-history-import/1.0,2025-11-14 02:32:30.000,2026-05-04 03:43:07.957
Lelando1234,C:/Users/tiaan/My Drive/Tiaan/Personal/Documents & Other/Github/CompanyIntranet/src/App.tsx,file,coding,CompanyIntranet,main,TypeScript,true,Wakatime,Windows,Tiaan-Lenovo,codex-wakapi-history-import/1.0,2025-11-14 02:34:30.000,2026-05-04 03:43:07.957
Lelando1234,C:/Users/tiaan/My Drive/Tiaan/Personal/Documents & Other/Github/CompanyIntranet/src/App.tsx,file,coding,CompanyIntranet,main,TypeScript,true,Wakatime,Windows,Tiaan-Lenovo,codex-wakapi-history-import/1.0,2025-11-14 02:36:30.000,2026-05-04 03:43:07.957
Lelando1234,C:/Users/tiaan/My Drive/Tiaan/Personal/Documents & Other/Github/CompanyIntranet/src/App.tsx,file,coding,CompanyIntranet,main,TypeScript,true,Wakatime,Windows,Tiaan-Lenovo,codex-wakapi-history-import/1.0,2025-11-14 02:38:30.000,2026-05-04 03:43:07.957
Lelando1234,C:/Users/tiaan/My Drive/Tiaan/Personal/Documents & Other/Github/CompanyIntranet/src/App.tsx,file,coding,CompanyIntranet,main,TypeScript,true,Wakatime,Windows,Tiaan-Lenovo,codex-wakapi-history-import/1.0,2025-11-14 02:40:30.000,2026-05-04 03:43:07.957
Lelando1234,C:/Users/tiaan/My Drive/Tiaan/Personal/Documents & Other/Github/CompanyIntranet/src/App.tsx,file,coding,CompanyIntranet,main,TypeScript,true,Wakatime,Windows,Tiaan-Lenovo,codex-wakapi-history-import/1.0,2025-11-14 02:42:30.000,2026-05-04 03:43:07.957
Lelando1234,C:/Users/tiaan/My Drive/Tiaan/Personal/Documents & Other/Github/CompanyIntranet/src/App.tsx,file,coding,CompanyIntranet,main,TypeScript,true,Wakatime,Windows,Tiaan-Lenovo,codex-wakapi-history-import/1.0,2025-11-14 02:44:30.000,2026-05-04 03:43:07.957
Lelando1234,C:/Users/tiaan/My Drive/Tiaan/Personal/Documents & Other/Github/CompanyIntranet/src/App.tsx,file,coding,CompanyIntranet,main,TypeScript,true,Wakatime,Windows,Tiaan-Lenovo,codex-wakapi-history-import/1.0,2025-11-14 02:46:30.000,2026-05-04 03:43:07.957
Lelando1234,C:/Users/tiaan/My Drive/Tiaan/Personal/Documents & Other/Github/CompanyIntranet/src/App.tsx,file,coding,CompanyIntranet,main,TypeScript,true,Wakatime,Windows,Tiaan-Lenovo,codex-wakapi-history-import/1.0,2025-11-14 02:48:30.000,2026-05-04 03:43:07.957
Lelando1234,C:/Users/tiaan/My Drive/Tiaan/Personal/Documents & Other/Github/CompanyIntranet/src/App.tsx,file,coding,CompanyIntranet,main,TypeScript,true,Wakatime,Windows,Tiaan-Lenovo,codex-wakapi-history-import/1.0,2025-11-14 02:50:30.000,2026-05-04 03:43:07.957
Lelando1234,C:/Users/tiaan/My Drive/Tiaan/Personal/Documents & Other/Github/CompanyIntranet/src/App.tsx,file,coding,CompanyIntranet,main,TypeScript,true,Wakatime,Windows,Tiaan-Lenovo,codex-wakapi-history-import/1.0,2025-11-14 02:52:30.000,2026-05-04 03:43:07.957
Lelando1234,C:/Users/tiaan/My Drive/Tiaan/Personal/Documents & Other/Github/CompanyIntranet/src/App.tsx,file,coding,CompanyIntranet,main,TypeScript,true,Wakatime,Windows,Tiaan-Lenovo,codex-wakapi-history-import/1.0,2025-11-14 02:54:30.000,2026-05-04 03:43:07.957
Lelando1234,C:/Users/tiaan/My Drive/Tiaan/Personal/Documents & Other/Github/CompanyIntranet/src/components/home.tsx,file,coding,CompanyIntranet,main,TypeScript,true,Wakatime,Windows,Tiaan-Lenovo,codex-wakapi-history-import/1.0,2025-11-14 02:56:30.000,2026-05-04 03:43:07.957
Lelando1234,C:/Users/tiaan/My Drive/Tiaan/Personal/Documents & Other/Github/CompanyIntranet/src/components/home.tsx,file,coding,CompanyIntranet,main,TypeScript,true,Wakatime,Windows,Tiaan-Lenovo,codex-wakapi-history-import/1.0,2025-11-14 02:58:30.000,2026-05-04 03:43:07.957
Lelando1234,C:/Users/tiaan/My Drive/Tiaan/Personal/Documents & Other/Github/CompanyIntranet/src/components/home.tsx,file,coding,CompanyIntranet,main,TypeScript,true,Wakatime,Windows,Tiaan-Lenovo,codex-wakapi-history-import/1.0,2025-11-14 03:00:30.000,2026-05-04 03:43:07.957
Lelando1234,C:/Users/tiaan/My Drive/Tiaan/Personal/Documents & Other/Github/CompanyIntranet/src/components/home.tsx,file,coding,CompanyIntranet,main,TypeScript,true,Wakatime,Windows,Tiaan-Lenovo,codex-wakapi-history-import/1.0,2025-11-14 03:02:30.000,2026-05-04 03:43:07.957
Lelando1234,C:/Users/tiaan/My Drive/Tiaan/Personal/Documents & Other/Github/CompanyIntranet/src/App.tsx,file,coding,CompanyIntranet,main,TypeScript,true,Wakatime,Windows,Tiaan-Lenovo,codex-wakapi-history-import/1.0,2025-11-20 01:38:39.000,2026-05-04 03:43:07.957
Lelando1234,C:/Users/tiaan/My Drive/Tiaan/Personal/Documents & Other/Github/CompanyIntranet/src/App.tsx,file,coding,CompanyIntranet,main,TypeScript,true,Wakatime,Windows,Tiaan-Lenovo,codex-wakapi-history-import/1.0,2025-11-20 01:40:39.000,2026-05-04 03:43:07.957
Lelando1234,C:/Users/tiaan/My Drive/Tiaan/Personal/Documents & Other/Github/CompanyIntranet/src/App.tsx,file,coding,CompanyIntranet,main,TypeScript,true,Wakatime,Windows,Tiaan-Lenovo,codex-wakapi-history-import/1.0,2025-11-20 01:42:39.000,2026-05-04 03:43:07.957
Lelando1234,C:/Users/tiaan/My Drive/Tiaan/Personal/Documents & Other/Github/CompanyIntranet/src/App.tsx,file,coding,CompanyIntranet,main,TypeScript,true,Wakatime,Windows,Tiaan-Lenovo,codex-wakapi-history-import/1.0,2025-11-20 01:44:39.000,2026-05-04 03:43:07.957
Lelando1234,C:/Users/tiaan/My Drive/Tiaan/Personal/Documents & Other/Github/CompanyIntranet/src/App.tsx,file,coding,CompanyIntranet,main,TypeScript,true,Wakatime,Windows,Tiaan-Lenovo,codex-wakapi-history-import/1.0,2025-11-20 01:46:39.000,2026-05-04 03:43:07.957
Lelando1234,C:/Users/tiaan/My Drive/Tiaan/Personal/Documents & Other/Github/CompanyIntranet/src/App.tsx,file,coding,CompanyIntranet,main,TypeScript,true,Wakatime,Windows,Tiaan-Lenovo,codex-wakapi-history-import/1.0,2025-11-20 01:48:39.000,2026-05-04 03:43:07.957
Lelando1234,C:/Users/tiaan/My Drive/Tiaan/Personal/Documents & Other/Github/CompanyIntranet/src/App.tsx,file,coding,CompanyIntranet,main,TypeScript,true,Wakatime,Windows,Tiaan-Lenovo,codex-wakapi-history-import/1.0,2025-11-20 01:50:39.000,2026-05-04 03:43:07.957
Lelando1234,C:/Users/tiaan/My Drive/Tiaan/Personal/Documents & Other/Github/CompanyIntranet/src/App.tsx,file,coding,CompanyIntranet,main,TypeScript,true,Wakatime,Windows,Tiaan-Lenovo,codex-wakapi-history-import/1.0,2025-11-20 01:52:39.000,2026-05-04 03:43:07.957
Lelando1234,C:/Users/tiaan/My Drive/Tiaan/Personal/Documents & Other/Github/CompanyIntranet/src/App.tsx,file,coding,CompanyIntranet,main,TypeScript,true,Wakatime,Windows,Tiaan-Lenovo,codex-wakapi-history-import/1.0,2025-11-20 01:54:39.000,2026-05-04 03:43:07.957
Lelando1234,C:/Users/tiaan/My Drive/Tiaan/Personal/Documents & Other/Github/CompanyIntranet/src/App.tsx,file,coding,CompanyIntranet,main,TypeScript,true,Wakatime,Windows,Tiaan-Lenovo,codex-wakapi-history-import/1.0,2025-11-20 01:56:39.000,2026-05-04 03:43:07.957
Lelando1234,C:/Users/tiaan/My Drive/Tiaan/Personal/Documents & Other/Github/CompanyIntranet/src/App.tsx,file,coding,CompanyIntranet,main,TypeScript,true,Wakatime,Windows,Tiaan-Lenovo,codex-wakapi-history-import/1.0,2025-11-20 01:58:39.000,2026-05-04 03:43:07.957
Lelando1234,C:/Users/tiaan/My Drive/Tiaan/Personal/Documents & Other/Github/CompanyIntranet/src/App.tsx,file,coding,CompanyIntranet,main,TypeScript,true,Wakatime,Windows,Tiaan-Lenovo,codex-wakapi-history-import/1.0,2025-11-20 02:00:39.000,2026-05-04 03:43:07.957
Lelando1234,C:/Users/tiaan/My Drive/Tiaan/Personal/Documents & Other/Github/CompanyIntranet/src/App.tsx,file,coding,CompanyIntranet,main,TypeScript,true,Wakatime,Windows,Tiaan-Lenovo,codex-wakapi-history-import/1.0,2025-11-20 02:02:39.000,2026-05-04 03:43:07.957
Lelando1234,C:/Users/tiaan/My Drive/Tiaan/Personal/Documents & Other/Github/CompanyIntranet/src/components/home.tsx,file,coding,CompanyIntranet,main,TypeScript,true,Wakatime,Windows,Tiaan-Lenovo,codex-wakapi-history-import/1.0,2025-11-20 02:04:39.000,2026-05-04 03:43:07.957
Lelando1234,C:/Users/tiaan/My Drive/Tiaan/Personal/Documents & Other/Github/CompanyIntranet/src/components/home.tsx,file,coding,CompanyIntranet,main,TypeScript,true,Wakatime,Windows,Tiaan-Lenovo,codex-wakapi-history-import/1.0,2025-11-20 02:06:39.000,2026-05-04 03:43:07.957
Lelando1234,C:/Users/tiaan/My Drive/Tiaan/Personal/Documents & Other/Github/CompanyIntranet/src/components/home.tsx,file,coding,CompanyIntranet,main,TypeScript,true,Wakatime,Windows,Tiaan-Lenovo,codex-wakapi-history-import/1.0,2025-11-20 02:08:39.000,2026-05-04 03:43:07.957
Lelando1234,C:/Users/tiaan/My Drive/Tiaan/Personal/Documents & Other/Github/CompanyIntranet/src/components/home.tsx,file,coding,CompanyIntranet,main,TypeScript,true,Wakatime,Windows,Tiaan-Lenovo,codex-wakapi-history-import/1.0,2025-11-20 02:10:39.000,2026-05-04 03:43:07.957
Lelando1234,C:/Users/tiaan/My Drive/Tiaan/Personal/Documents & Other/Github/CompanyIntranet/src/components/home.tsx,file,coding,CompanyIntranet,main,TypeScript,true,Wakatime,Windows,Tiaan-Lenovo,codex-wakapi-history-import/1.0,2025-11-20 02:12:39.000,2026-05-04 03:43:07.957
Lelando1234,C:/Users/tiaan/My Drive/Tiaan/Personal/Documents & Other/Github/CompanyIntranet/src/components/home.tsx,file,coding,CompanyIntranet,main,TypeScript,true,Wakatime,Windows,Tiaan-Lenovo,codex-wakapi-history-import/1.0,2025-11-20 02:14:39.000,2026-05-04 03:43:07.957
Lelando1234,C:/Users/tiaan/My Drive/Tiaan/Personal/Documents & Other/Github/CompanyIntranet/src/components/home.tsx,file,coding,CompanyIntranet,main,TypeScript,true,Wakatime,Windows,Tiaan-Lenovo,codex-wakapi-history-import/1.0,2025-11-20 02:16:39.000,2026-05-04 03:43:07.957
Lelando1234,C:/Users/tiaan/My Drive/Tiaan/Personal/Documents & Other/Github/CompanyIntranet/src/components/home.tsx,file,coding,CompanyIntranet,main,TypeScript,true,Wakatime,Windows,Tiaan-Lenovo,codex-wakapi-history-import/1.0,2025-11-20 02:18:39.000,2026-05-04 03:43:07.957
Lelando1234,C:/Users/tiaan/My Drive/Tiaan/Personal/Documents & Other/Github/CompanyIntranet/src/components/home.tsx,file,coding,CompanyIntranet,main,TypeScript,true,Wakatime,Windows,Tiaan-Lenovo,codex-wakapi-history-import/1.0,2025-11-20 02:20:39.000,2026-05-04 03:43:07.957
Lelando1234,C:/Users/tiaan/My Drive/Tiaan/Personal/Documents & Other/Github/CompanyIntranet/src/components/home.tsx,file,coding,CompanyIntranet,main,TypeScript,true,Wakatime,Windows,Tiaan-Lenovo,codex-wakapi-history-import/1.0,2025-11-20 02:22:39.000,2026-05-04 03:43:07.957
Lelando1234,C:/Users/tiaan/My Drive/Tiaan/Personal/Documents & Other/Github/CompanyIntranet/src/components/home.tsx,file,coding,CompanyIntranet,main,TypeScript,true,Wakatime,Windows,Tiaan-Lenovo,codex-wakapi-history-import/1.0,2025-11-20 02:24:39.000,2026-05-04 03:43:07.957
Lelando1234,C:/Users/tiaan/My Drive/Tiaan/Personal/Documents & Other/Github/CompanyIntranet/src/components/home.tsx,file,coding,CompanyIntranet,main,TypeScript,true,Wakatime,Windows,Tiaan-Lenovo,codex-wakapi-history-import/1.0,2025-11-20 02:26:39.000,2026-05-04 03:43:07.957
Lelando1234,C:/Users/tiaan/My Drive/Tiaan/Personal/Documents & Other/Github/CompanyIntranet/backend/src/index.js,file,coding,CompanyIntranet,main,JavaScript,true,Wakatime,Windows,Tiaan-Lenovo,codex-wakapi-history-import/1.0,2025-11-20 02:28:39.000,2026-05-04 03:43:07.957
Lelando1234,C:/Users/tiaan/My Drive/Tiaan/Personal/Documents & Other/Github/CompanyIntranet/src/App.tsx,file,coding,CompanyIntranet,main,TypeScript,true,Wakatime,Windows,Tiaan-Lenovo,codex-wakapi-history-import/1.0,2025-11-23 12:06:00.000,2026-05-04 03:43:07.957
Lelando1234,C:/Users/tiaan/My Drive/Tiaan/Personal/Documents & Other/Github/CompanyIntranet/src/App.tsx,file,coding,CompanyIntranet,main,TypeScript,true,Wakatime,Windows,Tiaan-Lenovo,codex-wakapi-history-import/1.0,2025-11-23 12:08:00.000,2026-05-04 03:43:07.957
Lelando1234,C:/Users/tiaan/My Drive/Tiaan/Personal/Documents & Other/Github/CompanyIntranet/src/App.tsx,file,coding,CompanyIntranet,main,TypeScript,true,Wakatime,Windows,Tiaan-Lenovo,codex-wakapi-history-import/1.0,2025-11-23 12:10:00.000,2026-05-04 03:43:07.957
Lelando1234,C:/Users/tiaan/My Drive/Tiaan/Personal/Documents & Other/Github/CompanyIntranet/src/App.tsx,file,coding,CompanyIntranet,main,TypeScript,true,Wakatime,Windows,Tiaan-Lenovo,codex-wakapi-history-import/1.0,2025-11-23 12:12:00.000,2026-05-04 03:43:07.957
Lelando1234,C:/Users/tiaan/My Drive/Tiaan/Personal/Documents & Other/Github/CompanyIntranet/src/App.tsx,file,coding,CompanyIntranet,main,TypeScript,true,Wakatime,Windows,Tiaan-Lenovo,codex-wakapi-history-import/1.0,2025-11-23 12:14:00.000,2026-05-04 03:43:07.957
Lelando1234,C:/Users/tiaan/My Drive/Tiaan/Personal/Documents & Other/Github/CompanyIntranet/src/App.tsx,file,coding,CompanyIntranet,main,TypeScript,true,Wakatime,Windows,Tiaan-Lenovo,codex-wakapi-history-import/1.0,2025-11-23 12:16:00.000,2026-05-04 03:43:07.957
Lelando1234,C:/Users/tiaan/My Drive/Tiaan/Personal/Documents & Other/Github/CompanyIntranet/src/App.tsx,file,coding,CompanyIntranet,main,TypeScript,true,Wakatime,Windows,Tiaan-Lenovo,codex-wakapi-history-import/1.0,2025-11-23 12:18:00.000,2026-05-04 03:43:07.957
Lelando1234,C:/Users/tiaan/My Drive/Tiaan/Personal/Documents & Other/Github/CompanyIntranet/src/App.tsx,file,coding,CompanyIntranet,main,TypeScript,true,Wakatime,Windows,Tiaan-Lenovo,codex-wakapi-history-import/1.0,2025-11-23 12:20:00.000,2026-05-04 03:43:07.957
Lelando1234,C:/Users/tiaan/My Drive/Tiaan/Personal/Documents & Other/Github/CompanyIntranet/src/App.tsx,file,coding,CompanyIntranet,main,TypeScript,true,Wakatime,Windows,Tiaan-Lenovo,codex-wakapi-history-import/1.0,2025-11-23 12:22:00.000,2026-05-04 03:43:07.957
Lelando1234,C:/Users/tiaan/My Drive/Tiaan/Personal/Documents & Other/Github/CompanyIntranet/src/App.tsx,file,coding,CompanyIntranet,main,TypeScript,true,Wakatime,Windows,Tiaan-Lenovo,codex-wakapi-history-import/1.0,2025-11-23 12:24:00.000,2026-05-04 03:43:07.957
Lelando1234,C:/Users/tiaan/My Drive/Tiaan/Personal/Documents & Other/Github/CompanyIntranet/src/App.tsx,file,coding,CompanyIntranet,main,TypeScript,true,Wakatime,Windows,Tiaan-Lenovo,codex-wakapi-history-import/1.0,2025-11-23 12:26:00.000,2026-05-04 03:43:07.957
Lelando1234,C:/Users/tiaan/My Drive/Tiaan/Personal/Documents & Other/Github/CompanyIntranet/src/App.tsx,file,coding,CompanyIntranet,main,TypeScript,true,Wakatime,Windows,Tiaan-Lenovo,codex-wakapi-history-import/1.0,2025-11-23 12:28:00.000,2026-05-04 03:43:07.957
Lelando1234,C:/Users/tiaan/My Drive/Tiaan/Personal/Documents & Other/Github/CompanyIntranet/src/App.tsx,file,coding,CompanyIntranet,main,TypeScript,true,Wakatime,Windows,Tiaan-Lenovo,codex-wakapi-history-import/1.0,2025-11-23 12:30:00.000,2026-05-04 03:43:07.957
Lelando1234,C:/Users/tiaan/My Drive/Tiaan/Personal/Documents & Other/Github/CompanyIntranet/src/components/home.tsx,file,coding,CompanyIntranet,main,TypeScript,true,Wakatime,Windows,Tiaan-Lenovo,codex-wakapi-history-import/1.0,2025-11-23 12:32:00.000,2026-05-04 03:43:07.957
Lelando1234,C:/Users/tiaan/My Drive/Tiaan/Personal/Documents & Other/Github/CompanyIntranet/src/components/home.tsx,file,coding,CompanyIntranet,main,TypeScript,true,Wakatime,Windows,Tiaan-Lenovo,codex-wakapi-history-import/1.0,2025-11-23 12:34:00.000,2026-05-04 03:43:07.957
Lelando1234,C:/Users/tiaan/My Drive/Tiaan/Personal/Documents & Other/Github/CompanyIntranet/src/components/home.tsx,file,coding,CompanyIntranet,main,TypeScript,true,Wakatime,Windows,Tiaan-Lenovo,codex-wakapi-history-import/1.0,2025-11-23 12:36:00.000,2026-05-04 03:43:07.957
Lelando1234,C:/Users/tiaan/My Drive/Tiaan/Personal/Documents & Other/Github/CompanyIntranet/src/components/home.tsx,file,coding,CompanyIntranet,main,TypeScript,true,Wakatime,Windows,Tiaan-Lenovo,codex-wakapi-history-import/1.0,2025-11-23 12:38:00.000,2026-05-04 03:43:07.957
Lelando1234,C:/Users/tiaan/My Drive/Tiaan/Personal/Documents & Other/Github/CompanyIntranet/src/components/home.tsx,file,coding,CompanyIntranet,main,TypeScript,true,Wakatime,Windows,Tiaan-Lenovo,codex-wakapi-history-import/1.0,2025-11-23 12:40:00.000,2026-05-04 03:43:07.957
Lelando1234,C:/Users/tiaan/My Drive/Tiaan/Personal/Documents & Other/Github/CompanyIntranet/src/components/home.tsx,file,coding,CompanyIntranet,main,TypeScript,true,Wakatime,Windows,Tiaan-Lenovo,codex-wakapi-history-import/1.0,2025-11-23 12:42:00.000,2026-05-04 03:43:07.957
Lelando1234,C:/Users/tiaan/My Drive/Tiaan/Personal/Documents & Other/Github/CompanyIntranet/src/components/home.tsx,file,coding,CompanyIntranet,main,TypeScript,true,Wakatime,Windows,Tiaan-Lenovo,codex-wakapi-history-import/1.0,2025-11-23 12:44:00.000,2026-05-04 03:43:07.957
Lelando1234,C:/Users/tiaan/My Drive/Tiaan/Personal/Documents & Other/Github/CompanyIntranet/src/components/home.tsx,file,coding,CompanyIntranet,main,TypeScript,true,Wakatime,Windows,Tiaan-Lenovo,codex-wakapi-history-import/1.0,2025-11-23 12:46:00.000,2026-05-04 03:43:07.957
Lelando1234,C:/Users/tiaan/My Drive/Tiaan/Personal/Documents & Other/Github/CompanyIntranet/src/components/home.tsx,file,coding,CompanyIntranet,main,TypeScript,true,Wakatime,Windows,Tiaan-Lenovo,codex-wakapi-history-import/1.0,2025-11-23 12:48:00.000,2026-05-04 03:43:07.957
Lelando1234,C:/Users/tiaan/My Drive/Tiaan/Personal/Documents & Other/Github/CompanyIntranet/package.json,file,coding,CompanyIntranet,main,JSON,true,Wakatime,Windows,Tiaan-Lenovo,codex-wakapi-history-import/1.0,2025-11-26 01:34:24.000,2026-05-04 03:43:07.957
Lelando1234,C:/Users/tiaan/My Drive/Tiaan/Personal/Documents & Other/Github/CompanyIntranet/package.json,file,coding,CompanyIntranet,main,JSON,true,Wakatime,Windows,Tiaan-Lenovo,codex-wakapi-history-import/1.0,2025-11-26 01:36:24.000,2026-05-04 03:43:07.957
Lelando1234,C:/Users/tiaan/My Drive/Tiaan/Personal/Documents & Other/Github/CompanyIntranet/package.json,file,coding,CompanyIntranet,main,JSON,true,Wakatime,Windows,Tiaan-Lenovo,codex-wakapi-history-import/1.0,2025-11-26 01:38:24.000,2026-05-04 03:43:07.957
Lelando1234,C:/Users/tiaan/My Drive/Tiaan/Personal/Documents & Other/Github/CompanyIntranet/package.json,file,coding,CompanyIntranet,main,JSON,true,Wakatime,Windows,Tiaan-Lenovo,codex-wakapi-history-import/1.0,2025-11-26 01:40:24.000,2026-05-04 03:43:07.957
Lelando1234,C:/Users/tiaan/My Drive/Tiaan/Personal/Documents & Other/Github/CompanyIntranet/package.json,file,coding,CompanyIntranet,main,JSON,true,Wakatime,Windows,Tiaan-Lenovo,codex-wakapi-history-import/1.0,2025-11-26 01:42:24.000,2026-05-04 03:43:07.957
Lelando1234,C:/Users/tiaan/My Drive/Tiaan/Personal/Documents & Other/Github/CompanyIntranet/package.json,file,coding,CompanyIntranet,main,JSON,true,Wakatime,Windows,Tiaan-Lenovo,codex-wakapi-history-import/1.0,2025-11-26 01:44:24.000,2026-05-04 03:43:07.957
Lelando1234,C:/Users/tiaan/My Drive/Tiaan/Personal/Documents & Other/Github/CompanyIntranet/package.json,file,coding,CompanyIntranet,main,JSON,true,Wakatime,Windows,Tiaan-Lenovo,codex-wakapi-history-import/1.0,2025-11-26 01:46:24.000,2026-05-04 03:43:07.957
Lelando1234,C:/Users/tiaan/My Drive/Tiaan/Personal/Documents & Other/Github/CompanyIntranet/package.json,file,coding,CompanyIntranet,main,JSON,true,Wakatime,Windows,Tiaan-Lenovo,codex-wakapi-history-import/1.0,2025-11-26 01:48:24.000,2026-05-04 03:43:07.957
Lelando1234,C:/Users/tiaan/My Drive/Tiaan/Personal/Documents & Other/Github/CompanyIntranet/package.json,file,coding,CompanyIntranet,main,JSON,true,Wakatime,Windows,Tiaan-Lenovo,codex-wakapi-history-import/1.0,2025-11-26 01:50:24.000,2026-05-04 03:43:07.957
Lelando1234,C:/Users/tiaan/My Drive/Tiaan/Personal/Documents & Other/Github/CompanyIntranet/package.json,file,coding,CompanyIntranet,main,JSON,true,Wakatime,Windows,Tiaan-Lenovo,codex-wakapi-history-import/1.0,2025-11-26 01:52:24.000,2026-05-04 03:43:07.957
Lelando1234,C:/Users/tiaan/My Drive/Tiaan/Personal/Documents & Other/Github/CompanyIntranet/package.json,file,coding,CompanyIntranet,main,JSON,true,Wakatime,Windows,Tiaan-Lenovo,codex-wakapi-history-import/1.0,2025-11-26 01:54:24.000,2026-05-04 03:43:07.957
Lelando1234,C:/Users/tiaan/My Drive/Tiaan/Personal/Documents & Other/Github/CompanyIntranet/package.json,file,coding,CompanyIntranet,main,JSON,true,Wakatime,Windows,Tiaan-Lenovo,codex-wakapi-history-import/1.0,2025-11-26 01:56:24.000,2026-05-04 03:43:07.957
Lelando1234,C:/Users/tiaan/My Drive/Tiaan/Personal/Documents & Other/Github/CompanyIntranet/package.json,file,coding,CompanyIntranet,main,JSON,true,Wakatime,Windows,Tiaan-Lenovo,codex-wakapi-history-import/1.0,2025-11-26 01:58:24.000,2026-05-04 03:43:07.957
Lelando1234,C:/Users/tiaan/My Drive/Tiaan/Personal/Documents & Other/Github/CompanyIntranet/backend/src/database/migrate.js,file,coding,CompanyIntranet,main,JavaScript,true,Wakatime,Windows,Tiaan-Lenovo,codex-wakapi-history-import/1.0,2025-11-26 02:00:24.000,2026-05-04 03:43:07.957
Lelando1234,C:/Users/tiaan/My Drive/Tiaan/Personal/Documents & Other/Github/CompanyIntranet/backend/src/database/migrate.js,file,coding,CompanyIntranet,main,JavaScript,true,Wakatime,Windows,Tiaan-Lenovo,codex-wakapi-history-import/1.0,2025-11-26 02:02:24.000,2026-05-04 03:43:07.957
Lelando1234,C:/Users/tiaan/My Drive/Tiaan/Personal/Documents & Other/Github/CompanyIntranet/backend/src/database/migrate.js,file,coding,CompanyIntranet,main,JavaScript,true,Wakatime,Windows,Tiaan-Lenovo,codex-wakapi-history-import/1.0,2025-11-26 02:04:24.000,2026-05-04 03:43:07.957
Lelando1234,C:/Users/tiaan/My Drive/Tiaan/Personal/Documents & Other/Github/CompanyIntranet/backend/src/database/migrate.js,file,coding,CompanyIntranet,main,JavaScript,true,Wakatime,Windows,Tiaan-Lenovo,codex-wakapi-history-import/1.0,2025-11-26 02:06:24.000,2026-05-04 03:43:07.957
Lelando1234,C:/Users/tiaan/My Drive/Tiaan/Personal/Documents & Other/Github/CompanyIntranet/backend/src/database/migrate.js,file,coding,CompanyIntranet,main,JavaScript,true,Wakatime,Windows,Tiaan-Lenovo,codex-wakapi-history-import/1.0,2025-11-26 02:08:24.000,2026-05-04 03:43:07.957
Lelando1234,C:/Users/tiaan/My Drive/Tiaan/Personal/Documents & Other/Github/CompanyIntranet/backend/src/database/migrate.js,file,coding,CompanyIntranet,main,JavaScript,true,Wakatime,Windows,Tiaan-Lenovo,codex-wakapi-history-import/1.0,2025-11-26 02:10:24.000,2026-05-04 03:43:07.957
Lelando1234,C:/Users/tiaan/My Drive/Tiaan/Personal/Documents & Other/Github/CompanyIntranet/backend/src/database/migrate.js,file,coding,CompanyIntranet,main,JavaScript,true,Wakatime,Windows,Tiaan-Lenovo,codex-wakapi-history-import/1.0,2025-11-26 02:12:24.000,2026-05-04 03:43:07.957
Lelando1234,C:/Users/tiaan/My Drive/Tiaan/Personal/Documents & Other/Github/CompanyIntranet/backend/src/database/migrate.js,file,coding,CompanyIntranet,main,JavaScript,true,Wakatime,Windows,Tiaan-Lenovo,codex-wakapi-history-import/1.0,2025-11-26 02:14:24.000,2026-05-04 03:43:07.957
Lelando1234,C:/Users/tiaan/My Drive/Tiaan/Personal/Documents & Other/Github/CompanyIntranet/backend/src/database/migrate.js,file,coding,CompanyIntranet,main,JavaScript,true,Wakatime,Windows,Tiaan-Lenovo,codex-wakapi-history-import/1.0,2025-11-26 02:16:24.000,2026-05-04 03:43:07.957
Lelando1234,C:/Users/tiaan/My Drive/Tiaan/Personal/Documents & Other/Github/CompanyIntranet/backend/src/database/migrate.js,file,coding,CompanyIntranet,main,JavaScript,true,Wakatime,Windows,Tiaan-Lenovo,codex-wakapi-history-import/1.0,2025-11-26 02:18:24.000,2026-05-04 03:43:07.957
Lelando1234,C:/Users/tiaan/My Drive/Tiaan/Personal/Documents & Other/Github/CompanyIntranet/backend/src/database/migrate.js,file,coding,CompanyIntranet,main,JavaScript,true,Wakatime,Windows,Tiaan-Lenovo,codex-wakapi-history-import/1.0,2025-11-26 02:20:24.000,2026-05-04 03:43:07.957
Lelando1234,C:/Users/tiaan/My Drive/Tiaan/Personal/Documents & Other/Github/CompanyIntranet/backend/src/database/migrate.js,file,coding,CompanyIntranet,main,JavaScript,true,Wakatime,Windows,Tiaan-Lenovo,codex-wakapi-history-import/1.0,2025-11-26 02:22:24.000,2026-05-04 03:43:07.957
Lelando1234,C:/Users/tiaan/My Drive/Tiaan/Personal/Documents & Other/Github/CompanyIntranet/scripts/company-portal.service,file,coding,CompanyIntranet,main,Text,true,Wakatime,Windows,Tiaan-Lenovo,codex-wakapi-history-import/1.0,2025-11-26 02:24:24.000,2026-05-04 03:43:07.957
Lelando1234,C:/Users/tiaan/My Drive/Tiaan/Personal/Documents & Other/Github/CompanyIntranet/scripts/company-portal.service,file,coding,CompanyIntranet,main,Text,true,Wakatime,Windows,Tiaan-Lenovo,codex-wakapi-history-import/1.0,2025-11-26 02:26:24.000,2026-05-04 03:43:07.957
Lelando1234,C:/Users/tiaan/My Drive/Tiaan/Personal/Documents & Other/Github/CompanyIntranet/src/components/ThemeCustomizer.tsx,file,coding,CompanyIntranet,main,TypeScript,true,Wakatime,Windows,Tiaan-Lenovo,codex-wakapi-history-import/1.0,2025-11-27 12:12:44.000,2026-05-04 03:43:07.957
Lelando1234,C:/Users/tiaan/My Drive/Tiaan/Personal/Documents & Other/Github/CompanyIntranet/src/components/ThemeCustomizer.tsx,file,coding,CompanyIntranet,main,TypeScript,true,Wakatime,Windows,Tiaan-Lenovo,codex-wakapi-history-import/1.0,2025-11-27 12:14:44.000,2026-05-04 03:43:07.957
Lelando1234,C:/Users/tiaan/My Drive/Tiaan/Personal/Documents & Other/Github/CompanyIntranet/src/components/ThemeCustomizer.tsx,file,coding,CompanyIntranet,main,TypeScript,true,Wakatime,Windows,Tiaan-Lenovo,codex-wakapi-history-import/1.0,2025-11-27 12:16:44.000,2026-05-04 03:43:07.957
Lelando1234,C:/Users/tiaan/My Drive/Tiaan/Personal/Documents & Other/Github/CompanyIntranet/src/components/ThemeCustomizer.tsx,file,coding,CompanyIntranet,main,TypeScript,true,Wakatime,Windows,Tiaan-Lenovo,codex-wakapi-history-import/1.0,2025-11-27 12:18:44.000,2026-05-04 03:43:07.957
Lelando1234,C:/Users/tiaan/My Drive/Tiaan/Personal/Documents & Other/Github/CompanyIntranet/src/components/ThemeCustomizer.tsx,file,coding,CompanyIntranet,main,TypeScript,true,Wakatime,Windows,Tiaan-Lenovo,codex-wakapi-history-import/1.0,2025-11-27 12:20:44.000,2026-05-04 03:43:07.957
Lelando1234,C:/Users/tiaan/My Drive/Tiaan/Personal/Documents & Other/Github/CompanyIntranet/src/components/ThemeCustomizer.tsx,file,coding,CompanyIntranet,main,TypeScript,true,Wakatime,Windows,Tiaan-Lenovo,codex-wakapi-history-import/1.0,2025-11-27 12:22:44.000,2026-05-04 03:43:07.957
Lelando1234,C:/Users/tiaan/My Drive/Tiaan/Personal/Documents & Other/Github/CompanyIntranet/src/components/ThemeCustomizer.tsx,file,coding,CompanyIntranet,main,TypeScript,true,Wakatime,Windows,Tiaan-Lenovo,codex-wakapi-history-import/1.0,2025-11-27 12:24:44.000,2026-05-04 03:43:07.957
Lelando1234,C:/Users/tiaan/My Drive/Tiaan/Personal/Documents & Other/Github/CompanyIntranet/src/components/ThemeCustomizer.tsx,file,coding,CompanyIntranet,main,TypeScript,true,Wakatime,Windows,Tiaan-Lenovo,codex-wakapi-history-import/1.0,2025-11-27 12:26:44.000,2026-05-04 03:43:07.957
Lelando1234,C:/Users/tiaan/My Drive/Tiaan/Personal/Documents & Other/Github/CompanyIntranet/src/components/ThemeCustomizer.tsx,file,coding,CompanyIntranet,main,TypeScript,true,Wakatime,Windows,Tiaan-Lenovo,codex-wakapi-history-import/1.0,2025-11-27 12:28:44.000,2026-05-04 03:43:07.957
Lelando1234,C:/Users/tiaan/My Drive/Tiaan/Personal/Documents & Other/Github/CompanyIntranet/src/components/ThemeCustomizer.tsx,file,coding,CompanyIntranet,main,TypeScript,true,Wakatime,Windows,Tiaan-Lenovo,codex-wakapi-history-import/1.0,2025-11-27 12:30:44.000,2026-05-04 03:43:07.957
Lelando1234,C:/Users/tiaan/My Drive/Tiaan/Personal/Documents & Other/Github/CompanyIntranet/src/components/ThemeCustomizer.tsx,file,coding,CompanyIntranet,main,TypeScript,true,Wakatime,Windows,Tiaan-Lenovo,codex-wakapi-history-import/1.0,2025-11-27 12:32:44.000,2026-05-04 03:43:07.957
Lelando1234,C:/Users/tiaan/My Drive/Tiaan/Personal/Documents & Other/Github/CompanyIntranet/src/components/ThemeCustomizer.tsx,file,coding,CompanyIntranet,main,TypeScript,true,Wakatime,Windows,Tiaan-Lenovo,codex-wakapi-history-import/1.0,2025-11-27 12:34:44.000,2026-05-04 03:43:07.957
Lelando1234,C:/Users/tiaan/My Drive/Tiaan/Personal/Documents & Other/Github/CompanyIntranet/src/components/ThemeCustomizer.tsx,file,coding,CompanyIntranet,main,TypeScript,true,Wakatime,Windows,Tiaan-Lenovo,codex-wakapi-history-import/1.0,2025-11-27 12:36:44.000,2026-05-04 03:43:07.957
Lelando1234,C:/Users/tiaan/My Drive/Tiaan/Personal/Documents & Other/Github/CompanyIntranet/backend/src/routes/settings.js,file,coding,CompanyIntranet,main,JavaScript,true,Wakatime,Windows,Tiaan-Lenovo,codex-wakapi-history-import/1.0,2025-11-27 12:38:44.000,2026-05-04 03:43:07.957
Lelando1234,C:/Users/tiaan/My Drive/Tiaan/Personal/Documents & Other/Github/CompanyIntranet/backend/src/routes/settings.js,file,coding,CompanyIntranet,main,JavaScript,true,Wakatime,Windows,Tiaan-Lenovo,codex-wakapi-history-import/1.0,2025-11-27 12:40:44.000,2026-05-04 03:43:07.957
Lelando1234,C:/Users/tiaan/My Drive/Tiaan/Personal/Documents & Other/Github/CompanyIntranet/backend/src/routes/settings.js,file,coding,CompanyIntranet,main,JavaScript,true,Wakatime,Windows,Tiaan-Lenovo,codex-wakapi-history-import/1.0,2025-11-27 12:42:44.000,2026-05-04 03:43:07.957
Lelando1234,C:/Users/tiaan/My Drive/Tiaan/Personal/Documents & Other/Github/CompanyIntranet/backend/src/routes/settings.js,file,coding,CompanyIntranet,main,JavaScript,true,Wakatime,Windows,Tiaan-Lenovo,codex-wakapi-history-import/1.0,2025-11-27 12:44:44.000,2026-05-04 03:43:07.957
Lelando1234,C:/Users/tiaan/My Drive/Tiaan/Personal/Documents & Other/Github/CompanyIntranet/backend/src/routes/settings.js,file,coding,CompanyIntranet,main,JavaScript,true,Wakatime,Windows,Tiaan-Lenovo,codex-wakapi-history-import/1.0,2025-11-27 12:46:44.000,2026-05-04 03:43:07.957
Lelando1234,C:/Users/tiaan/My Drive/Tiaan/Personal/Documents & Other/Github/CompanyIntranet/backend/src/routes/settings.js,file,coding,CompanyIntranet,main,JavaScript,true,Wakatime,Windows,Tiaan-Lenovo,codex-wakapi-history-import/1.0,2025-11-27 12:48:44.000,2026-05-04 03:43:07.957
Lelando1234,C:/Users/tiaan/My Drive/Tiaan/Personal/Documents & Other/Github/CompanyIntranet/backend/src/routes/settings.js,file,coding,CompanyIntranet,main,JavaScript,true,Wakatime,Windows,Tiaan-Lenovo,codex-wakapi-history-import/1.0,2025-11-27 12:50:44.000,2026-05-04 03:43:07.957
Lelando1234,C:/Users/tiaan/My Drive/Tiaan/Personal/Documents & Other/Github/CompanyIntranet/backend/src/routes/settings.js,file,coding,CompanyIntranet,main,JavaScript,true,Wakatime,Windows,Tiaan-Lenovo,codex-wakapi-history-import/1.0,2025-11-27 12:52:44.000,2026-05-04 03:43:07.957
Lelando1234,C:/Users/tiaan/My Drive/Tiaan/Personal/Documents & Other/Github/CompanyIntranet/backend/src/routes/settings.js,file,coding,CompanyIntranet,main,JavaScript,true,Wakatime,Windows,Tiaan-Lenovo,codex-wakapi-history-import/1.0,2025-11-27 12:54:44.000,2026-05-04 03:43:07.957
Lelando1234,C:/Users/tiaan/My Drive/Tiaan/Personal/Documents & Other/Github/CompanyIntranet/backend/src/routes/settings.js,file,coding,CompanyIntranet,main,JavaScript,true,Wakatime,Windows,Tiaan-Lenovo,codex-wakapi-history-import/1.0,2025-11-27 12:56:44.000,2026-05-04 03:43:07.957
Lelando1234,C:/Users/tiaan/My Drive/Tiaan/Personal/Documents & Other/Github/CompanyIntranet/backend/src/routes/settings.js,file,coding,CompanyIntranet,main,JavaScript,true,Wakatime,Windows,Tiaan-Lenovo,codex-wakapi-history-import/1.0,2025-11-27 12:58:44.000,2026-05-04 03:43:07.957
Lelando1234,C:/Users/tiaan/My Drive/Tiaan/Personal/Documents & Other/Github/CompanyIntranet/backend/src/routes/settings.js,file,coding,CompanyIntranet,main,JavaScript,true,Wakatime,Windows,Tiaan-Lenovo,codex-wakapi-history-import/1.0,2025-11-27 13:00:44.000,2026-05-04 03:43:07.957
Lelando1234,C:/Users/tiaan/My Drive/Tiaan/Personal/Documents & Other/Github/CompanyIntranet/package.json,file,coding,CompanyIntranet,main,JSON,true,Wakatime,Windows,Tiaan-Lenovo,codex-wakapi-history-import/1.0,2025-11-27 13:02:44.000,2026-05-04 03:43:07.957
Lelando1234,C:/Users/tiaan/My Drive/Tiaan/Personal/Documents & Other/Github/CompanyIntranet/package.json,file,coding,CompanyIntranet,main,JSON,true,Wakatime,Windows,Tiaan-Lenovo,codex-wakapi-history-import/1.0,2025-11-27 13:04:44.000,2026-05-04 03:43:07.957
Lelando1234,C:/Users/tiaan/My Drive/Tiaan/Personal/Documents & Other/Github/CompanyIntranet/package.json,file,coding,CompanyIntranet,main,JSON,true,Wakatime,Windows,Tiaan-Lenovo,codex-wakapi-history-import/1.0,2025-11-27 13:06:44.000,2026-05-04 03:43:07.957
Lelando1234,C:/Users/tiaan/My Drive/Tiaan/Personal/Documents & Other/Github/CompanyIntranet/package.json,file,coding,CompanyIntranet,main,JSON,true,Wakatime,Windows,Tiaan-Lenovo,codex-wakapi-history-import/1.0,2025-11-27 13:08:44.000,2026-05-04 03:43:07.957
Lelando1234,C:/Users/tiaan/My Drive/Tiaan/Personal/Documents & Other/Github/CompanyIntranet/package.json,file,coding,CompanyIntranet,main,JSON,true,Wakatime,Windows,Tiaan-Lenovo,codex-wakapi-history-import/1.0,2025-11-27 13:10:44.000,2026-05-04 03:43:07.957
Lelando1234,C:/Users/tiaan/My Drive/Tiaan/Personal/Documents & Other/Github/CompanyIntranet/package.json,file,coding,CompanyIntranet,main,JSON,true,Wakatime,Windows,Tiaan-Lenovo,codex-wakapi-history-import/1.0,2025-11-27 13:12:44.000,2026-05-04 03:43:07.957
Lelando1234,C:/Users/tiaan/My Drive/Tiaan/Personal/Documents & Other/Github/CompanyIntranet/package.json,file,coding,CompanyIntranet,main,JSON,true,Wakatime,Windows,Tiaan-Lenovo,codex-wakapi-history-import/1.0,2025-11-27 13:14:44.000,2026-05-04 03:43:07.957
Lelando1234,C:/Users/tiaan/My Drive/Tiaan/Personal/Documents & Other/Github/CompanyIntranet/package.json,file,coding,CompanyIntranet,main,JSON,true,Wakatime,Windows,Tiaan-Lenovo,codex-wakapi-history-import/1.0,2025-11-27 13:16:44.000,2026-05-04 03:43:07.957
Lelando1234,C:/Users/tiaan/My Drive/Tiaan/Personal/Documents & Other/Github/CompanyIntranet/src/components/ThemeCustomizer.tsx,file,coding,CompanyIntranet,main,TypeScript,true,Wakatime,Windows,Tiaan-Lenovo,codex-wakapi-history-import/1.0,2025-12-01 01:18:15.000,2026-05-04 03:43:07.957
Lelando1234,C:/Users/tiaan/My Drive/Tiaan/Personal/Documents & Other/Github/CompanyIntranet/src/components/ThemeCustomizer.tsx,file,coding,CompanyIntranet,main,TypeScript,true,Wakatime,Windows,Tiaan-Lenovo,codex-wakapi-history-import/1.0,2025-12-01 01:20:15.000,2026-05-04 03:43:07.957
Lelando1234,C:/Users/tiaan/My Drive/Tiaan/Personal/Documents & Other/Github/CompanyIntranet/src/components/ThemeCustomizer.tsx,file,coding,CompanyIntranet,main,TypeScript,true,Wakatime,Windows,Tiaan-Lenovo,codex-wakapi-history-import/1.0,2025-12-01 01:22:15.000,2026-05-04 03:43:07.957
Lelando1234,C:/Users/tiaan/My Drive/Tiaan/Personal/Documents & Other/Github/CompanyIntranet/src/components/ThemeCustomizer.tsx,file,coding,CompanyIntranet,main,TypeScript,true,Wakatime,Windows,Tiaan-Lenovo,codex-wakapi-history-import/1.0,2025-12-01 01:24:15.000,2026-05-04 03:43:07.957
Lelando1234,C:/Users/tiaan/My Drive/Tiaan/Personal/Documents & Other/Github/CompanyIntranet/src/components/ThemeCustomizer.tsx,file,coding,CompanyIntranet,main,TypeScript,true,Wakatime,Windows,Tiaan-Lenovo,codex-wakapi-history-import/1.0,2025-12-01 01:26:15.000,2026-05-04 03:43:07.957
Lelando1234,C:/Users/tiaan/My Drive/Tiaan/Personal/Documents & Other/Github/CompanyIntranet/src/components/ThemeCustomizer.tsx,file,coding,CompanyIntranet,main,TypeScript,true,Wakatime,Windows,Tiaan-Lenovo,codex-wakapi-history-import/1.0,2025-12-01 01:28:15.000,2026-05-04 03:43:07.957
Lelando1234,C:/Users/tiaan/My Drive/Tiaan/Personal/Documents & Other/Github/CompanyIntranet/src/components/ThemeCustomizer.tsx,file,coding,CompanyIntranet,main,TypeScript,true,Wakatime,Windows,Tiaan-Lenovo,codex-wakapi-history-import/1.0,2025-12-01 01:30:15.000,2026-05-04 03:43:07.957
Lelando1234,C:/Users/tiaan/My Drive/Tiaan/Personal/Documents & Other/Github/CompanyIntranet/src/components/ThemeCustomizer.tsx,file,coding,CompanyIntranet,main,TypeScript,true,Wakatime,Windows,Tiaan-Lenovo,codex-wakapi-history-import/1.0,2025-12-01 01:32:15.000,2026-05-04 03:43:07.957
Lelando1234,C:/Users/tiaan/My Drive/Tiaan/Personal/Documents & Other/Github/CompanyIntranet/src/components/ThemeCustomizer.tsx,file,coding,CompanyIntranet,main,TypeScript,true,Wakatime,Windows,Tiaan-Lenovo,codex-wakapi-history-import/1.0,2025-12-01 01:34:15.000,2026-05-04 03:43:07.957
Lelando1234,C:/Users/tiaan/My Drive/Tiaan/Personal/Documents & Other/Github/CompanyIntranet/src/components/ThemeCustomizer.tsx,file,coding,CompanyIntranet,main,TypeScript,true,Wakatime,Windows,Tiaan-Lenovo,codex-wakapi-history-import/1.0,2025-12-01 01:36:15.000,2026-05-04 03:43:07.957
Lelando1234,C:/Users/tiaan/My Drive/Tiaan/Personal/Documents & Other/Github/CompanyIntranet/src/components/ThemeCustomizer.tsx,file,coding,CompanyIntranet,main,TypeScript,true,Wakatime,Windows,Tiaan-Lenovo,codex-wakapi-history-import/1.0,2025-12-01 01:38:15.000,2026-05-04 03:43:07.957
Lelando1234,C:/Users/tiaan/My Drive/Tiaan/Personal/Documents & Other/Github/CompanyIntranet/src/components/ThemeCustomizer.tsx,file,coding,CompanyIntranet,main,TypeScript,true,Wakatime,Windows,Tiaan-Lenovo,codex-wakapi-history-import/1.0,2025-12-01 01:40:15.000,2026-05-04 03:43:07.957
Lelando1234,C:/Users/tiaan/My Drive/Tiaan/Personal/Documents & Other/Github/CompanyIntranet/src/components/ThemeCustomizer.tsx,file,coding,CompanyIntranet,main,TypeScript,true,Wakatime,Windows,Tiaan-Lenovo,codex-wakapi-history-import/1.0,2025-12-01 01:42:15.000,2026-05-04 03:43:07.957
Lelando1234,C:/Users/tiaan/My Drive/Tiaan/Personal/Documents & Other/Github/CompanyIntranet/backend/src/routes/settings.js,file,coding,CompanyIntranet,main,JavaScript,true,Wakatime,Windows,Tiaan-Lenovo,codex-wakapi-history-import/1.0,2025-12-01 01:44:15.000,2026-05-04 03:43:07.957
Lelando1234,C:/Users/tiaan/My Drive/Tiaan/Personal/Documents & Other/Github/CompanyIntranet/backend/src/routes/settings.js,file,coding,CompanyIntranet,main,JavaScript,true,Wakatime,Windows,Tiaan-Lenovo,codex-wakapi-history-import/1.0,2025-12-01 01:46:15.000,2026-05-04 03:43:07.957
Lelando1234,C:/Users/tiaan/My Drive/Tiaan/Personal/Documents & Other/Github/CompanyIntranet/backend/src/routes/settings.js,file,coding,CompanyIntranet,main,JavaScript,true,Wakatime,Windows,Tiaan-Lenovo,codex-wakapi-history-import/1.0,2025-12-01 01:48:15.000,2026-05-04 03:43:07.957
Lelando1234,C:/Users/tiaan/My Drive/Tiaan/Personal/Documents & Other/Github/CompanyIntranet/backend/src/routes/settings.js,file,coding,CompanyIntranet,main,JavaScript,true,Wakatime,Windows,Tiaan-Lenovo,codex-wakapi-history-import/1.0,2025-12-01 01:50:15.000,2026-05-04 03:43:07.957
Lelando1234,C:/Users/tiaan/My Drive/Tiaan/Personal/Documents & Other/Github/CompanyIntranet/backend/src/routes/settings.js,file,coding,CompanyIntranet,main,JavaScript,true,Wakatime,Windows,Tiaan-Lenovo,codex-wakapi-history-import/1.0,2025-12-01 01:52:15.000,2026-05-04 03:43:07.957
Lelando1234,C:/Users/tiaan/My Drive/Tiaan/Personal/Documents & Other/Github/CompanyIntranet/backend/src/routes/settings.js,file,coding,CompanyIntranet,main,JavaScript,true,Wakatime,Windows,Tiaan-Lenovo,codex-wakapi-history-import/1.0,2025-12-01 01:54:15.000,2026-05-04 03:43:07.957
Lelando1234,C:/Users/tiaan/My Drive/Tiaan/Personal/Documents & Other/Github/CompanyIntranet/backend/src/routes/settings.js,file,coding,CompanyIntranet,main,JavaScript,true,Wakatime,Windows,Tiaan-Lenovo,codex-wakapi-history-import/1.0,2025-12-01 01:56:15.000,2026-05-04 03:43:07.957
Lelando1234,C:/Users/tiaan/My Drive/Tiaan/Personal/Documents & Other/Github/CompanyIntranet/backend/src/routes/settings.js,file,coding,CompanyIntranet,main,JavaScript,true,Wakatime,Windows,Tiaan-Lenovo,codex-wakapi-history-import/1.0,2025-12-01 01:58:15.000,2026-05-04 03:43:07.957
Lelando1234,C:/Users/tiaan/My Drive/Tiaan/Personal/Documents & Other/Github/CompanyIntranet/package.json,file,coding,CompanyIntranet,main,JSON,true,Wakatime,Windows,Tiaan-Lenovo,codex-wakapi-history-import/1.0,2025-12-04 02:22:12.000,2026-05-04 03:43:07.957
Lelando1234,C:/Users/tiaan/My Drive/Tiaan/Personal/Documents & Other/Github/CompanyIntranet/package.json,file,coding,CompanyIntranet,main,JSON,true,Wakatime,Windows,Tiaan-Lenovo,codex-wakapi-history-import/1.0,2025-12-04 02:24:12.000,2026-05-04 03:43:07.957
Lelando1234,C:/Users/tiaan/My Drive/Tiaan/Personal/Documents & Other/Github/CompanyIntranet/package.json,file,coding,CompanyIntranet,main,JSON,true,Wakatime,Windows,Tiaan-Lenovo,codex-wakapi-history-import/1.0,2025-12-04 02:26:12.000,2026-05-04 03:43:07.957
Lelando1234,C:/Users/tiaan/My Drive/Tiaan/Personal/Documents & Other/Github/CompanyIntranet/package.json,file,coding,CompanyIntranet,main,JSON,true,Wakatime,Windows,Tiaan-Lenovo,codex-wakapi-history-import/1.0,2025-12-04 02:28:12.000,2026-05-04 03:43:07.957
Lelando1234,C:/Users/tiaan/My Drive/Tiaan/Personal/Documents & Other/Github/CompanyIntranet/package.json,file,coding,CompanyIntranet,main,JSON,true,Wakatime,Windows,Tiaan-Lenovo,codex-wakapi-history-import/1.0,2025-12-04 02:30:12.000,2026-05-04 03:43:07.957
Lelando1234,C:/Users/tiaan/My Drive/Tiaan/Personal/Documents & Other/Github/CompanyIntranet/package.json,file,coding,CompanyIntranet,main,JSON,true,Wakatime,Windows,Tiaan-Lenovo,codex-wakapi-history-import/1.0,2025-12-04 02:32:12.000,2026-05-04 03:43:07.957
Lelando1234,C:/Users/tiaan/My Drive/Tiaan/Personal/Documents & Other/Github/CompanyIntranet/package.json,file,coding,CompanyIntranet,main,JSON,true,Wakatime,Windows,Tiaan-Lenovo,codex-wakapi-history-import/1.0,2025-12-04 02:34:12.000,2026-05-04 03:43:07.957
Lelando1234,C:/Users/tiaan/My Drive/Tiaan/Personal/Documents & Other/Github/CompanyIntranet/package.json,file,coding,CompanyIntranet,main,JSON,true,Wakatime,Windows,Tiaan-Lenovo,codex-wakapi-history-import/1.0,2025-12-04 02:36:12.000,2026-05-04 03:43:07.957
Lelando1234,C:/Users/tiaan/My Drive/Tiaan/Personal/Documents & Other/Github/CompanyIntranet/package.json,file,coding,CompanyIntranet,main,JSON,true,Wakatime,Windows,Tiaan-Lenovo,codex-wakapi-history-import/1.0,2025-12-04 02:38:12.000,2026-05-04 03:43:07.957
Lelando1234,C:/Users/tiaan/My Drive/Tiaan/Personal/Documents & Other/Github/CompanyIntranet/package.json,file,coding,CompanyIntranet,main,JSON,true,Wakatime,Windows,Tiaan-Lenovo,codex-wakapi-history-import/1.0,2025-12-04 02:40:12.000,2026-05-04 03:43:07.957
Lelando1234,C:/Users/tiaan/My Drive/Tiaan/Personal/Documents & Other/Github/CompanyIntranet/package.json,file,coding,CompanyIntranet,main,JSON,true,Wakatime,Windows,Tiaan-Lenovo,codex-wakapi-history-import/1.0,2025-12-04 02:42:12.000,2026-05-04 03:43:07.957
Lelando1234,C:/Users/tiaan/My Drive/Tiaan/Personal/Documents & Other/Github/CompanyIntranet/package.json,file,coding,CompanyIntranet,main,JSON,true,Wakatime,Windows,Tiaan-Lenovo,codex-wakapi-history-import/1.0,2025-12-04 02:44:12.000,2026-05-04 03:43:07.957
Lelando1234,C:/Users/tiaan/My Drive/Tiaan/Personal/Documents & Other/Github/CompanyIntranet/package.json,file,coding,CompanyIntranet,main,JSON,true,Wakatime,Windows,Tiaan-Lenovo,codex-wakapi-history-import/1.0,2025-12-04 02:46:12.000,2026-05-04 03:43:07.957
Lelando1234,C:/Users/tiaan/My Drive/Tiaan/Personal/Documents & Other/Github/CompanyIntranet/backend/src/database/migrate.js,file,coding,CompanyIntranet,main,JavaScript,true,Wakatime,Windows,Tiaan-Lenovo,codex-wakapi-history-import/1.0,2025-12-04 02:48:12.000,2026-05-04 03:43:07.957
Lelando1234,C:/Users/tiaan/My Drive/Tiaan/Personal/Documents & Other/Github/CompanyIntranet/backend/src/database/migrate.js,file,coding,CompanyIntranet,main,JavaScript,true,Wakatime,Windows,Tiaan-Lenovo,codex-wakapi-history-import/1.0,2025-12-04 02:50:12.000,2026-05-04 03:43:07.957
Lelando1234,C:/Users/tiaan/My Drive/Tiaan/Personal/Documents & Other/Github/CompanyIntranet/backend/src/database/migrate.js,file,coding,CompanyIntranet,main,JavaScript,true,Wakatime,Windows,Tiaan-Lenovo,codex-wakapi-history-import/1.0,2025-12-04 02:52:12.000,2026-05-04 03:43:07.957
Lelando1234,C:/Users/tiaan/My Drive/Tiaan/Personal/Documents & Other/Github/CompanyIntranet/backend/src/database/migrate.js,file,coding,CompanyIntranet,main,JavaScript,true,Wakatime,Windows,Tiaan-Lenovo,codex-wakapi-history-import/1.0,2025-12-04 12:43:24.000,2026-05-04 03:43:07.957
Lelando1234,C:/Users/tiaan/My Drive/Tiaan/Personal/Documents & Other/Github/CompanyIntranet/backend/src/database/migrate.js,file,coding,CompanyIntranet,main,JavaScript,true,Wakatime,Windows,Tiaan-Lenovo,codex-wakapi-history-import/1.0,2025-12-04 12:45:24.000,2026-05-04 03:43:07.957
Lelando1234,C:/Users/tiaan/My Drive/Tiaan/Personal/Documents & Other/Github/CompanyIntranet/backend/src/database/migrate.js,file,coding,CompanyIntranet,main,JavaScript,true,Wakatime,Windows,Tiaan-Lenovo,codex-wakapi-history-import/1.0,2025-12-04 12:47:24.000,2026-05-04 03:43:07.957
Lelando1234,C:/Users/tiaan/My Drive/Tiaan/Personal/Documents & Other/Github/CompanyIntranet/backend/src/database/migrate.js,file,coding,CompanyIntranet,main,JavaScript,true,Wakatime,Windows,Tiaan-Lenovo,codex-wakapi-history-import/1.0,2025-12-04 12:49:24.000,2026-05-04 03:43:07.957
Lelando1234,C:/Users/tiaan/My Drive/Tiaan/Personal/Documents & Other/Github/CompanyIntranet/backend/src/database/migrate.js,file,coding,CompanyIntranet,main,JavaScript,true,Wakatime,Windows,Tiaan-Lenovo,codex-wakapi-history-import/1.0,2025-12-04 12:51:24.000,2026-05-04 03:43:07.957
Lelando1234,C:/Users/tiaan/My Drive/Tiaan/Personal/Documents & Other/Github/CompanyIntranet/backend/src/database/migrate.js,file,coding,CompanyIntranet,main,JavaScript,true,Wakatime,Windows,Tiaan-Lenovo,codex-wakapi-history-import/1.0,2025-12-04 12:53:24.000,2026-05-04 03:43:07.957
Lelando1234,C:/Users/tiaan/My Drive/Tiaan/Personal/Documents & Other/Github/CompanyIntranet/backend/src/database/migrate.js,file,coding,CompanyIntranet,main,JavaScript,true,Wakatime,Windows,Tiaan-Lenovo,codex-wakapi-history-import/1.0,2025-12-04 12:55:24.000,2026-05-04 03:43:07.957
Lelando1234,C:/Users/tiaan/My Drive/Tiaan/Personal/Documents & Other/Github/CompanyIntranet/backend/src/database/migrate.js,file,coding,CompanyIntranet,main,JavaScript,true,Wakatime,Windows,Tiaan-Lenovo,codex-wakapi-history-import/1.0,2025-12-04 12:57:24.000,2026-05-04 03:43:07.957
Lelando1234,C:/Users/tiaan/My Drive/Tiaan/Personal/Documents & Other/Github/CompanyIntranet/backend/src/database/migrate.js,file,coding,CompanyIntranet,main,JavaScript,true,Wakatime,Windows,Tiaan-Lenovo,codex-wakapi-history-import/1.0,2025-12-04 12:59:24.000,2026-05-04 03:43:07.957
Lelando1234,C:/Users/tiaan/My Drive/Tiaan/Personal/Documents & Other/Github/CompanyIntranet/backend/src/database/migrate.js,file,coding,CompanyIntranet,main,JavaScript,true,Wakatime,Windows,Tiaan-Lenovo,codex-wakapi-history-import/1.0,2025-12-04 13:01:24.000,2026-05-04 03:43:07.957
Lelando1234,C:/Users/tiaan/My Drive/Tiaan/Personal/Documents & Other/Github/CompanyIntranet/backend/src/database/migrate.js,file,coding,CompanyIntranet,main,JavaScript,true,Wakatime,Windows,Tiaan-Lenovo,codex-wakapi-history-import/1.0,2025-12-04 13:03:24.000,2026-05-04 03:43:07.957
Lelando1234,C:/Users/tiaan/My Drive/Tiaan/Personal/Documents & Other/Github/CompanyIntranet/backend/src/database/migrate.js,file,coding,CompanyIntranet,main,JavaScript,true,Wakatime,Windows,Tiaan-Lenovo,codex-wakapi-history-import/1.0,2025-12-04 13:05:24.000,2026-05-04 03:43:07.957
Lelando1234,C:/Users/tiaan/My Drive/Tiaan/Personal/Documents & Other/Github/CompanyIntranet/backend/src/database/migrate.js,file,coding,CompanyIntranet,main,JavaScript,true,Wakatime,Windows,Tiaan-Lenovo,codex-wakapi-history-import/1.0,2025-12-04 13:07:24.000,2026-05-04 03:43:07.957
Lelando1234,C:/Users/tiaan/My Drive/Tiaan/Personal/Documents & Other/Github/CompanyIntranet/backend/src/database/schema.sql,file,coding,CompanyIntranet,main,SQL,true,Wakatime,Windows,Tiaan-Lenovo,codex-wakapi-history-import/1.0,2025-12-04 13:09:24.000,2026-05-04 03:43:07.957
Lelando1234,C:/Users/tiaan/My Drive/Tiaan/Personal/Documents & Other/Github/CompanyIntranet/backend/src/database/schema.sql,file,coding,CompanyIntranet,main,SQL,true,Wakatime,Windows,Tiaan-Lenovo,codex-wakapi-history-import/1.0,2025-12-04 13:11:24.000,2026-05-04 03:43:07.957
Lelando1234,C:/Users/tiaan/My Drive/Tiaan/Personal/Documents & Other/Github/CompanyIntranet/backend/src/database/schema.sql,file,coding,CompanyIntranet,main,SQL,true,Wakatime,Windows,Tiaan-Lenovo,codex-wakapi-history-import/1.0,2025-12-04 13:13:24.000,2026-05-04 03:43:07.957
Lelando1234,C:/Users/tiaan/My Drive/Tiaan/Personal/Documents & Other/Github/CompanyIntranet/backend/src/database/schema.sql,file,coding,CompanyIntranet,main,SQL,true,Wakatime,Windows,Tiaan-Lenovo,codex-wakapi-history-import/1.0,2025-12-04 13:15:24.000,2026-05-04 03:43:07.957
Lelando1234,C:/Users/tiaan/My Drive/Tiaan/Personal/Documents & Other/Github/CompanyIntranet/backend/src/database/schema.sql,file,coding,CompanyIntranet,main,SQL,true,Wakatime,Windows,Tiaan-Lenovo,codex-wakapi-history-import/1.0,2025-12-04 13:17:24.000,2026-05-04 03:43:07.957
Lelando1234,C:/Users/tiaan/My Drive/Tiaan/Personal/Documents & Other/Github/CompanyIntranet/backend/src/database/schema.sql,file,coding,CompanyIntranet,main,SQL,true,Wakatime,Windows,Tiaan-Lenovo,codex-wakapi-history-import/1.0,2025-12-04 13:19:24.000,2026-05-04 03:43:07.957
Lelando1234,C:/Users/tiaan/My Drive/Tiaan/Personal/Documents & Other/Github/CompanyIntranet/backend/src/database/schema.sql,file,coding,CompanyIntranet,main,SQL,true,Wakatime,Windows,Tiaan-Lenovo,codex-wakapi-history-import/1.0,2025-12-04 13:21:24.000,2026-05-04 03:43:07.957
Lelando1234,C:/Users/tiaan/My Drive/Tiaan/Personal/Documents & Other/Github/CompanyIntranet/backend/src/database/schema.sql,file,coding,CompanyIntranet,main,SQL,true,Wakatime,Windows,Tiaan-Lenovo,codex-wakapi-history-import/1.0,2025-12-04 13:23:24.000,2026-05-04 03:43:07.957
Lelando1234,C:/Users/tiaan/My Drive/Tiaan/Personal/Documents & Other/Github/CompanyIntranet/backend/src/database/schema.sql,file,coding,CompanyIntranet,main,SQL,true,Wakatime,Windows,Tiaan-Lenovo,codex-wakapi-history-import/1.0,2025-12-04 13:25:24.000,2026-05-04 03:43:07.957
Lelando1234,C:/Users/tiaan/My Drive/Tiaan/Personal/Documents & Other/Github/CompanyIntranet/src/pages/AdminPanel.tsx,file,coding,CompanyIntranet,main,TypeScript,true,Wakatime,Windows,Tiaan-Lenovo,codex-wakapi-history-import/1.0,2025-12-08 01:02:24.000,2026-05-04 03:43:07.957
Lelando1234,C:/Users/tiaan/My Drive/Tiaan/Personal/Documents & Other/Github/CompanyIntranet/src/pages/AdminPanel.tsx,file,coding,CompanyIntranet,main,TypeScript,true,Wakatime,Windows,Tiaan-Lenovo,codex-wakapi-history-import/1.0,2025-12-08 01:04:24.000,2026-05-04 03:43:07.957
Lelando1234,C:/Users/tiaan/My Drive/Tiaan/Personal/Documents & Other/Github/CompanyIntranet/src/pages/AdminPanel.tsx,file,coding,CompanyIntranet,main,TypeScript,true,Wakatime,Windows,Tiaan-Lenovo,codex-wakapi-history-import/1.0,2025-12-08 01:06:24.000,2026-05-04 03:43:07.957
Lelando1234,C:/Users/tiaan/My Drive/Tiaan/Personal/Documents & Other/Github/CompanyIntranet/src/pages/AdminPanel.tsx,file,coding,CompanyIntranet,main,TypeScript,true,Wakatime,Windows,Tiaan-Lenovo,codex-wakapi-history-import/1.0,2025-12-08 01:08:24.000,2026-05-04 03:43:07.957
Lelando1234,C:/Users/tiaan/My Drive/Tiaan/Personal/Documents & Other/Github/CompanyIntranet/src/pages/AdminPanel.tsx,file,coding,CompanyIntranet,main,TypeScript,true,Wakatime,Windows,Tiaan-Lenovo,codex-wakapi-history-import/1.0,2025-12-08 01:10:24.000,2026-05-04 03:43:07.957
Lelando1234,C:/Users/tiaan/My Drive/Tiaan/Personal/Documents & Other/Github/CompanyIntranet/src/pages/AdminPanel.tsx,file,coding,CompanyIntranet,main,TypeScript,true,Wakatime,Windows,Tiaan-Lenovo,codex-wakapi-history-import/1.0,2025-12-08 01:12:24.000,2026-05-04 03:43:07.957
Lelando1234,C:/Users/tiaan/My Drive/Tiaan/Personal/Documents & Other/Github/CompanyIntranet/src/pages/AdminPanel.tsx,file,coding,CompanyIntranet,main,TypeScript,true,Wakatime,Windows,Tiaan-Lenovo,codex-wakapi-history-import/1.0,2025-12-08 01:14:24.000,2026-05-04 03:43:07.957
Lelando1234,C:/Users/tiaan/My Drive/Tiaan/Personal/Documents & Other/Github/CompanyIntranet/src/pages/AdminPanel.tsx,file,coding,CompanyIntranet,main,TypeScript,true,Wakatime,Windows,Tiaan-Lenovo,codex-wakapi-history-import/1.0,2025-12-08 01:16:24.000,2026-05-04 03:43:07.957
Lelando1234,C:/Users/tiaan/My Drive/Tiaan/Personal/Documents & Other/Github/CompanyIntranet/src/pages/AdminPanel.tsx,file,coding,CompanyIntranet,main,TypeScript,true,Wakatime,Windows,Tiaan-Lenovo,codex-wakapi-history-import/1.0,2025-12-08 01:18:24.000,2026-05-04 03:43:07.957
Lelando1234,C:/Users/tiaan/My Drive/Tiaan/Personal/Documents & Other/Github/CompanyIntranet/src/pages/AdminPanel.tsx,file,coding,CompanyIntranet,main,TypeScript,true,Wakatime,Windows,Tiaan-Lenovo,codex-wakapi-history-import/1.0,2025-12-08 01:20:24.000,2026-05-04 03:43:07.957
Lelando1234,C:/Users/tiaan/My Drive/Tiaan/Personal/Documents & Other/Github/CompanyIntranet/src/pages/AdminPanel.tsx,file,coding,CompanyIntranet,main,TypeScript,true,Wakatime,Windows,Tiaan-Lenovo,codex-wakapi-history-import/1.0,2025-12-08 01:22:24.000,2026-05-04 03:43:07.957
Lelando1234,C:/Users/tiaan/My Drive/Tiaan/Personal/Documents & Other/Github/CompanyIntranet/src/pages/AdminPanel.tsx,file,coding,CompanyIntranet,main,TypeScript,true,Wakatime,Windows,Tiaan-Lenovo,codex-wakapi-history-import/1.0,2025-12-08 01:24:24.000,2026-05-04 03:43:07.957
Lelando1234,C:/Users/tiaan/My Drive/Tiaan/Personal/Documents & Other/Github/CompanyIntranet/src/pages/AdminPanel.tsx,file,coding,CompanyIntranet,main,TypeScript,true,Wakatime,Windows,Tiaan-Lenovo,codex-wakapi-history-import/1.0,2025-12-08 01:26:24.000,2026-05-04 03:43:07.957
Lelando1234,C:/Users/tiaan/My Drive/Tiaan/Personal/Documents & Other/Github/CompanyIntranet/src/lib/api.ts,file,coding,CompanyIntranet,main,TypeScript,true,Wakatime,Windows,Tiaan-Lenovo,codex-wakapi-history-import/1.0,2025-12-08 01:28:24.000,2026-05-04 03:43:07.957
Lelando1234,C:/Users/tiaan/My Drive/Tiaan/Personal/Documents & Other/Github/CompanyIntranet/src/lib/api.ts,file,coding,CompanyIntranet,main,TypeScript,true,Wakatime,Windows,Tiaan-Lenovo,codex-wakapi-history-import/1.0,2025-12-08 01:30:24.000,2026-05-04 03:43:07.957
Lelando1234,C:/Users/tiaan/My Drive/Tiaan/Personal/Documents & Other/Github/CompanyIntranet/src/lib/api.ts,file,coding,CompanyIntranet,main,TypeScript,true,Wakatime,Windows,Tiaan-Lenovo,codex-wakapi-history-import/1.0,2025-12-08 01:32:24.000,2026-05-04 03:43:07.957
Lelando1234,C:/Users/tiaan/My Drive/Tiaan/Personal/Documents & Other/Github/CompanyIntranet/src/lib/api.ts,file,coding,CompanyIntranet,main,TypeScript,true,Wakatime,Windows,Tiaan-Lenovo,codex-wakapi-history-import/1.0,2025-12-08 01:34:24.000,2026-05-04 03:43:07.957
Lelando1234,C:/Users/tiaan/My Drive/Tiaan/Personal/Documents & Other/Github/CompanyIntranet/src/lib/api.ts,file,coding,CompanyIntranet,main,TypeScript,true,Wakatime,Windows,Tiaan-Lenovo,codex-wakapi-history-import/1.0,2025-12-08 01:36:24.000,2026-05-04 03:43:07.957
Lelando1234,C:/Users/tiaan/My Drive/Tiaan/Personal/Documents & Other/Github/CompanyIntranet/src/lib/api.ts,file,coding,CompanyIntranet,main,TypeScript,true,Wakatime,Windows,Tiaan-Lenovo,codex-wakapi-history-import/1.0,2025-12-08 01:38:24.000,2026-05-04 03:43:07.957
Lelando1234,C:/Users/tiaan/My Drive/Tiaan/Personal/Documents & Other/Github/CompanyIntranet/src/lib/api.ts,file,coding,CompanyIntranet,main,TypeScript,true,Wakatime,Windows,Tiaan-Lenovo,codex-wakapi-history-import/1.0,2025-12-08 01:40:24.000,2026-05-04 03:43:07.957
Lelando1234,C:/Users/tiaan/My Drive/Tiaan/Personal/Documents & Other/Github/CompanyIntranet/src/lib/api.ts,file,coding,CompanyIntranet,main,TypeScript,true,Wakatime,Windows,Tiaan-Lenovo,codex-wakapi-history-import/1.0,2025-12-08 01:42:24.000,2026-05-04 03:43:07.957
Lelando1234,C:/Users/tiaan/My Drive/Tiaan/Personal/Documents & Other/Github/CompanyIntranet/src/lib/api.ts,file,coding,CompanyIntranet,main,TypeScript,true,Wakatime,Windows,Tiaan-Lenovo,codex-wakapi-history-import/1.0,2025-12-08 01:44:24.000,2026-05-04 03:43:07.957
Lelando1234,C:/Users/tiaan/My Drive/Tiaan/Personal/Documents & Other/Github/CompanyIntranet/src/lib/api.ts,file,coding,CompanyIntranet,main,TypeScript,true,Wakatime,Windows,Tiaan-Lenovo,codex-wakapi-history-import/1.0,2025-12-08 01:46:24.000,2026-05-04 03:43:07.957
Lelando1234,C:/Users/tiaan/My Drive/Tiaan/Personal/Documents & Other/Github/CompanyIntranet/src/lib/api.ts,file,coding,CompanyIntranet,main,TypeScript,true,Wakatime,Windows,Tiaan-Lenovo,codex-wakapi-history-import/1.0,2025-12-08 01:48:24.000,2026-05-04 03:43:07.957
Lelando1234,C:/Users/tiaan/My Drive/Tiaan/Personal/Documents & Other/Github/CompanyIntranet/src/lib/api.ts,file,coding,CompanyIntranet,main,TypeScript,true,Wakatime,Windows,Tiaan-Lenovo,codex-wakapi-history-import/1.0,2025-12-08 01:50:24.000,2026-05-04 03:43:07.957
Lelando1234,C:/Users/tiaan/My Drive/Tiaan/Personal/Documents & Other/Github/CompanyIntranet/src/lib/api.ts,file,coding,CompanyIntranet,main,TypeScript,true,Wakatime,Windows,Tiaan-Lenovo,codex-wakapi-history-import/1.0,2025-12-08 12:22:12.000,2026-05-04 03:43:07.957
Lelando1234,C:/Users/tiaan/My Drive/Tiaan/Personal/Documents & Other/Github/CompanyIntranet/src/lib/api.ts,file,coding,CompanyIntranet,main,TypeScript,true,Wakatime,Windows,Tiaan-Lenovo,codex-wakapi-history-import/1.0,2025-12-08 12:24:12.000,2026-05-04 03:43:07.957
Lelando1234,C:/Users/tiaan/My Drive/Tiaan/Personal/Documents & Other/Github/CompanyIntranet/src/lib/api.ts,file,coding,CompanyIntranet,main,TypeScript,true,Wakatime,Windows,Tiaan-Lenovo,codex-wakapi-history-import/1.0,2025-12-08 12:26:12.000,2026-05-04 03:43:07.957
Lelando1234,C:/Users/tiaan/My Drive/Tiaan/Personal/Documents & Other/Github/CompanyIntranet/src/lib/api.ts,file,coding,CompanyIntranet,main,TypeScript,true,Wakatime,Windows,Tiaan-Lenovo,codex-wakapi-history-import/1.0,2025-12-08 12:28:12.000,2026-05-04 03:43:07.957
Lelando1234,C:/Users/tiaan/My Drive/Tiaan/Personal/Documents & Other/Github/CompanyIntranet/src/lib/api.ts,file,coding,CompanyIntranet,main,TypeScript,true,Wakatime,Windows,Tiaan-Lenovo,codex-wakapi-history-import/1.0,2025-12-08 12:30:12.000,2026-05-04 03:43:07.957
Lelando1234,C:/Users/tiaan/My Drive/Tiaan/Personal/Documents & Other/Github/CompanyIntranet/src/lib/api.ts,file,coding,CompanyIntranet,main,TypeScript,true,Wakatime,Windows,Tiaan-Lenovo,codex-wakapi-history-import/1.0,2025-12-08 12:32:12.000,2026-05-04 03:43:07.957
Lelando1234,C:/Users/tiaan/My Drive/Tiaan/Personal/Documents & Other/Github/CompanyIntranet/src/lib/api.ts,file,coding,CompanyIntranet,main,TypeScript,true,Wakatime,Windows,Tiaan-Lenovo,codex-wakapi-history-import/1.0,2025-12-08 12:34:12.000,2026-05-04 03:43:07.957
Lelando1234,C:/Users/tiaan/My Drive/Tiaan/Personal/Documents & Other/Github/CompanyIntranet/src/lib/api.ts,file,coding,CompanyIntranet,main,TypeScript,true,Wakatime,Windows,Tiaan-Lenovo,codex-wakapi-history-import/1.0,2025-12-08 12:36:12.000,2026-05-04 03:43:07.957
Lelando1234,C:/Users/tiaan/My Drive/Tiaan/Personal/Documents & Other/Github/CompanyIntranet/src/lib/api.ts,file,coding,CompanyIntranet,main,TypeScript,true,Wakatime,Windows,Tiaan-Lenovo,codex-wakapi-history-import/1.0,2025-12-08 12:38:12.000,2026-05-04 03:43:07.957
Lelando1234,C:/Users/tiaan/My Drive/Tiaan/Personal/Documents & Other/Github/CompanyIntranet/src/lib/api.ts,file,coding,CompanyIntranet,main,TypeScript,true,Wakatime,Windows,Tiaan-Lenovo,codex-wakapi-history-import/1.0,2025-12-08 12:40:12.000,2026-05-04 03:43:07.957
Lelando1234,C:/Users/tiaan/My Drive/Tiaan/Personal/Documents & Other/Github/CompanyIntranet/src/lib/api.ts,file,coding,CompanyIntranet,main,TypeScript,true,Wakatime,Windows,Tiaan-Lenovo,codex-wakapi-history-import/1.0,2025-12-08 12:42:12.000,2026-05-04 03:43:07.957
Lelando1234,C:/Users/tiaan/My Drive/Tiaan/Personal/Documents & Other/Github/CompanyIntranet/src/lib/api.ts,file,coding,CompanyIntranet,main,TypeScript,true,Wakatime,Windows,Tiaan-Lenovo,codex-wakapi-history-import/1.0,2025-12-08 12:44:12.000,2026-05-04 03:43:07.957
Lelando1234,C:/Users/tiaan/My Drive/Tiaan/Personal/Documents & Other/Github/CompanyIntranet/src/lib/api.ts,file,coding,CompanyIntranet,main,TypeScript,true,Wakatime,Windows,Tiaan-Lenovo,codex-wakapi-history-import/1.0,2025-12-08 12:46:12.000,2026-05-04 03:43:07.957
Lelando1234,C:/Users/tiaan/My Drive/Tiaan/Personal/Documents & Other/Github/CompanyIntranet/src/pages/Dashboard.tsx,file,coding,CompanyIntranet,main,TypeScript,true,Wakatime,Windows,Tiaan-Lenovo,codex-wakapi-history-import/1.0,2025-12-08 12:48:12.000,2026-05-04 03:43:07.957
Lelando1234,C:/Users/tiaan/My Drive/Tiaan/Personal/Documents & Other/Github/CompanyIntranet/src/pages/Dashboard.tsx,file,coding,CompanyIntranet,main,TypeScript,true,Wakatime,Windows,Tiaan-Lenovo,codex-wakapi-history-import/1.0,2025-12-08 12:50:12.000,2026-05-04 03:43:07.957
Lelando1234,C:/Users/tiaan/My Drive/Tiaan/Personal/Documents & Other/Github/CompanyIntranet/src/pages/Dashboard.tsx,file,coding,CompanyIntranet,main,TypeScript,true,Wakatime,Windows,Tiaan-Lenovo,codex-wakapi-history-import/1.0,2025-12-08 12:52:12.000,2026-05-04 03:43:07.957
Lelando1234,C:/Users/tiaan/My Drive/Tiaan/Personal/Documents & Other/Github/CompanyIntranet/src/pages/Dashboard.tsx,file,coding,CompanyIntranet,main,TypeScript,true,Wakatime,Windows,Tiaan-Lenovo,codex-wakapi-history-import/1.0,2025-12-08 12:54:12.000,2026-05-04 03:43:07.957
Lelando1234,C:/Users/tiaan/My Drive/Tiaan/Personal/Documents & Other/Github/CompanyIntranet/src/pages/Dashboard.tsx,file,coding,CompanyIntranet,main,TypeScript,true,Wakatime,Windows,Tiaan-Lenovo,codex-wakapi-history-import/1.0,2025-12-08 12:56:12.000,2026-05-04 03:43:07.957
Lelando1234,C:/Users/tiaan/My Drive/Tiaan/Personal/Documents & Other/Github/CompanyIntranet/src/pages/Dashboard.tsx,file,coding,CompanyIntranet,main,TypeScript,true,Wakatime,Windows,Tiaan-Lenovo,codex-wakapi-history-import/1.0,2025-12-08 12:58:12.000,2026-05-04 03:43:07.957
Lelando1234,C:/Users/tiaan/My Drive/Tiaan/Personal/Documents & Other/Github/CompanyIntranet/src/pages/Dashboard.tsx,file,coding,CompanyIntranet,main,TypeScript,true,Wakatime,Windows,Tiaan-Lenovo,codex-wakapi-history-import/1.0,2025-12-08 13:00:12.000,2026-05-04 03:43:07.957
Lelando1234,C:/Users/tiaan/My Drive/Tiaan/Personal/Documents & Other/Github/CompanyIntranet/src/pages/Dashboard.tsx,file,coding,CompanyIntranet,main,TypeScript,true,Wakatime,Windows,Tiaan-Lenovo,codex-wakapi-history-import/1.0,2025-12-08 13:02:12.000,2026-05-04 03:43:07.957
Lelando1234,C:/Users/tiaan/My Drive/Tiaan/Personal/Documents & Other/Github/CompanyIntranet/src/pages/Dashboard.tsx,file,coding,CompanyIntranet,main,TypeScript,true,Wakatime,Windows,Tiaan-Lenovo,codex-wakapi-history-import/1.0,2025-12-08 13:04:12.000,2026-05-04 03:43:07.957
Lelando1234,C:/Users/tiaan/My Drive/Tiaan/Personal/Documents & Other/Github/CompanyIntranet/src/pages/Dashboard.tsx,file,coding,CompanyIntranet,main,TypeScript,true,Wakatime,Windows,Tiaan-Lenovo,codex-wakapi-history-import/1.0,2025-12-08 13:06:12.000,2026-05-04 03:43:07.957
Lelando1234,C:/Users/tiaan/My Drive/Tiaan/Personal/Documents & Other/Github/CompanyIntranet/src/pages/Dashboard.tsx,file,coding,CompanyIntranet,main,TypeScript,true,Wakatime,Windows,Tiaan-Lenovo,codex-wakapi-history-import/1.0,2025-12-08 13:08:12.000,2026-05-04 03:43:07.957
Lelando1234,C:/Users/tiaan/My Drive/Tiaan/Personal/Documents & Other/Github/CompanyIntranet/src/pages/Dashboard.tsx,file,coding,CompanyIntranet,main,TypeScript,true,Wakatime,Windows,Tiaan-Lenovo,codex-wakapi-history-import/1.0,2025-12-08 13:10:12.000,2026-05-04 03:43:07.957
Lelando1234,C:/Users/tiaan/My Drive/Tiaan/Personal/Documents & Other/Github/CompanyIntranet/src/components/NewsFeed.tsx,file,coding,CompanyIntranet,main,TypeScript,true,Wakatime,Windows,Tiaan-Lenovo,codex-wakapi-history-import/1.0,2025-12-08 13:12:12.000,2026-05-04 03:43:07.957
Lelando1234,C:/Users/tiaan/My Drive/Tiaan/Personal/Documents & Other/Github/CompanyIntranet/src/components/NewsFeed.tsx,file,coding,CompanyIntranet,main,TypeScript,true,Wakatime,Windows,Tiaan-Lenovo,codex-wakapi-history-import/1.0,2025-12-08 13:14:12.000,2026-05-04 03:43:07.957
Lelando1234,C:/Users/tiaan/My Drive/Tiaan/Personal/Documents & Other/Github/CompanyIntranet/src/components/NewsFeed.tsx,file,coding,CompanyIntranet,main,TypeScript,true,Wakatime,Windows,Tiaan-Lenovo,codex-wakapi-history-import/1.0,2025-12-08 13:16:12.000,2026-05-04 03:43:07.957
Lelando1234,C:/Users/tiaan/My Drive/Tiaan/Personal/Documents & Other/Github/CompanyIntranet/src/components/NewsFeed.tsx,file,coding,CompanyIntranet,main,TypeScript,true,Wakatime,Windows,Tiaan-Lenovo,codex-wakapi-history-import/1.0,2025-12-08 13:18:12.000,2026-05-04 03:43:07.957
Lelando1234,C:/Users/tiaan/My Drive/Tiaan/Personal/Documents & Other/Github/CompanyIntranet/src/components/NewsFeed.tsx,file,coding,CompanyIntranet,main,TypeScript,true,Wakatime,Windows,Tiaan-Lenovo,codex-wakapi-history-import/1.0,2025-12-08 13:20:12.000,2026-05-04 03:43:07.957
Lelando1234,C:/Users/tiaan/My Drive/Tiaan/Personal/Documents & Other/Github/CompanyIntranet/src/components/NewsFeed.tsx,file,coding,CompanyIntranet,main,TypeScript,true,Wakatime,Windows,Tiaan-Lenovo,codex-wakapi-history-import/1.0,2025-12-08 13:22:12.000,2026-05-04 03:43:07.957
Lelando1234,C:/Users/tiaan/My Drive/Tiaan/Personal/Documents & Other/Github/CompanyIntranet/install.sh,file,coding,CompanyIntranet,main,Bash,true,Wakatime,Windows,Tiaan-Lenovo,codex-wakapi-history-import/1.0,2025-12-09 01:48:39.000,2026-05-04 03:43:07.957
Lelando1234,C:/Users/tiaan/My Drive/Tiaan/Personal/Documents & Other/Github/CompanyIntranet/install.sh,file,coding,CompanyIntranet,main,Bash,true,Wakatime,Windows,Tiaan-Lenovo,codex-wakapi-history-import/1.0,2025-12-09 01:50:39.000,2026-05-04 03:43:07.957
Lelando1234,C:/Users/tiaan/My Drive/Tiaan/Personal/Documents & Other/Github/CompanyIntranet/install.sh,file,coding,CompanyIntranet,main,Bash,true,Wakatime,Windows,Tiaan-Lenovo,codex-wakapi-history-import/1.0,2025-12-09 01:52:39.000,2026-05-04 03:43:07.957
Lelando1234,C:/Users/tiaan/My Drive/Tiaan/Personal/Documents & Other/Github/CompanyIntranet/install.sh,file,coding,CompanyIntranet,main,Bash,true,Wakatime,Windows,Tiaan-Lenovo,codex-wakapi-history-import/1.0,2025-12-09 01:54:39.000,2026-05-04 03:43:07.957
Lelando1234,C:/Users/tiaan/My Drive/Tiaan/Personal/Documents & Other/Github/CompanyIntranet/install.sh,file,coding,CompanyIntranet,main,Bash,true,Wakatime,Windows,Tiaan-Lenovo,codex-wakapi-history-import/1.0,2025-12-09 01:56:39.000,2026-05-04 03:43:07.957
Lelando1234,C:/Users/tiaan/My Drive/Tiaan/Personal/Documents & Other/Github/CompanyIntranet/install.sh,file,coding,CompanyIntranet,main,Bash,true,Wakatime,Windows,Tiaan-Lenovo,codex-wakapi-history-import/1.0,2025-12-09 01:58:39.000,2026-05-04 03:43:07.957
Lelando1234,C:/Users/tiaan/My Drive/Tiaan/Personal/Documents & Other/Github/CompanyIntranet/install.sh,file,coding,CompanyIntranet,main,Bash,true,Wakatime,Windows,Tiaan-Lenovo,codex-wakapi-history-import/1.0,2025-12-09 02:00:39.000,2026-05-04 03:43:07.957
Lelando1234,C:/Users/tiaan/My Drive/Tiaan/Personal/Documents & Other/Github/CompanyIntranet/install.sh,file,coding,CompanyIntranet,main,Bash,true,Wakatime,Windows,Tiaan-Lenovo,codex-wakapi-history-import/1.0,2025-12-09 02:02:39.000,2026-05-04 03:43:07.957
Lelando1234,C:/Users/tiaan/My Drive/Tiaan/Personal/Documents & Other/Github/CompanyIntranet/install.sh,file,coding,CompanyIntranet,main,Bash,true,Wakatime,Windows,Tiaan-Lenovo,codex-wakapi-history-import/1.0,2025-12-09 02:04:39.000,2026-05-04 03:43:07.957
Lelando1234,C:/Users/tiaan/My Drive/Tiaan/Personal/Documents & Other/Github/CompanyIntranet/install.sh,file,coding,CompanyIntranet,main,Bash,true,Wakatime,Windows,Tiaan-Lenovo,codex-wakapi-history-import/1.0,2025-12-09 02:06:39.000,2026-05-04 03:43:07.957
Lelando1234,C:/Users/tiaan/My Drive/Tiaan/Personal/Documents & Other/Github/CompanyIntranet/install.sh,file,coding,CompanyIntranet,main,Bash,true,Wakatime,Windows,Tiaan-Lenovo,codex-wakapi-history-import/1.0,2025-12-09 02:08:39.000,2026-05-04 03:43:07.957
Lelando1234,C:/Users/tiaan/My Drive/Tiaan/Personal/Documents & Other/Github/CompanyIntranet/install.sh,file,coding,CompanyIntranet,main,Bash,true,Wakatime,Windows,Tiaan-Lenovo,codex-wakapi-history-import/1.0,2025-12-09 02:10:39.000,2026-05-04 03:43:07.957
Lelando1234,C:/Users/tiaan/My Drive/Tiaan/Personal/Documents & Other/Github/CompanyIntranet/install.sh,file,coding,CompanyIntranet,main,Bash,true,Wakatime,Windows,Tiaan-Lenovo,codex-wakapi-history-import/1.0,2025-12-09 02:12:39.000,2026-05-04 03:43:07.957
Lelando1234,C:/Users/tiaan/My Drive/Tiaan/Personal/Documents & Other/Github/CompanyIntranet/src/App.tsx,file,coding,CompanyIntranet,main,TypeScript,true,Wakatime,Windows,Tiaan-Lenovo,codex-wakapi-history-import/1.0,2025-12-09 02:14:39.000,2026-05-04 03:43:07.957
Lelando1234,C:/Users/tiaan/My Drive/Tiaan/Personal/Documents & Other/Github/CompanyIntranet/src/App.tsx,file,coding,CompanyIntranet,main,TypeScript,true,Wakatime,Windows,Tiaan-Lenovo,codex-wakapi-history-import/1.0,2025-12-09 02:16:39.000,2026-05-04 03:43:07.957
Lelando1234,C:/Users/tiaan/My Drive/Tiaan/Personal/Documents & Other/Github/CompanyIntranet/src/App.tsx,file,coding,CompanyIntranet,main,TypeScript,true,Wakatime,Windows,Tiaan-Lenovo,codex-wakapi-history-import/1.0,2025-12-09 02:18:39.000,2026-05-04 03:43:07.957
Lelando1234,C:/Users/tiaan/My Drive/Tiaan/Personal/Documents & Other/Github/CompanyIntranet/src/App.tsx,file,coding,CompanyIntranet,main,TypeScript,true,Wakatime,Windows,Tiaan-Lenovo,codex-wakapi-history-import/1.0,2025-12-09 02:20:39.000,2026-05-04 03:43:07.957
Lelando1234,C:/Users/tiaan/My Drive/Tiaan/Personal/Documents & Other/Github/CompanyIntranet/src/App.tsx,file,coding,CompanyIntranet,main,TypeScript,true,Wakatime,Windows,Tiaan-Lenovo,codex-wakapi-history-import/1.0,2025-12-09 02:22:39.000,2026-05-04 03:43:07.957
Lelando1234,C:/Users/tiaan/My Drive/Tiaan/Personal/Documents & Other/Github/CompanyIntranet/backend/src/routes/articles.js,file,coding,CompanyIntranet,main,JavaScript,true,Wakatime,Windows,Tiaan-Lenovo,codex-wakapi-history-import/1.0,2025-12-11 01:12:30.000,2026-05-04 03:43:07.957
Lelando1234,C:/Users/tiaan/My Drive/Tiaan/Personal/Documents & Other/Github/CompanyIntranet/backend/src/routes/articles.js,file,coding,CompanyIntranet,main,JavaScript,true,Wakatime,Windows,Tiaan-Lenovo,codex-wakapi-history-import/1.0,2025-12-11 01:14:30.000,2026-05-04 03:43:07.957
Lelando1234,C:/Users/tiaan/My Drive/Tiaan/Personal/Documents & Other/Github/CompanyIntranet/backend/src/routes/articles.js,file,coding,CompanyIntranet,main,JavaScript,true,Wakatime,Windows,Tiaan-Lenovo,codex-wakapi-history-import/1.0,2025-12-11 01:16:30.000,2026-05-04 03:43:07.957
Lelando1234,C:/Users/tiaan/My Drive/Tiaan/Personal/Documents & Other/Github/CompanyIntranet/backend/src/routes/articles.js,file,coding,CompanyIntranet,main,JavaScript,true,Wakatime,Windows,Tiaan-Lenovo,codex-wakapi-history-import/1.0,2025-12-11 01:18:30.000,2026-05-04 03:43:07.957
Lelando1234,C:/Users/tiaan/My Drive/Tiaan/Personal/Documents & Other/Github/CompanyIntranet/backend/src/routes/articles.js,file,coding,CompanyIntranet,main,JavaScript,true,Wakatime,Windows,Tiaan-Lenovo,codex-wakapi-history-import/1.0,2025-12-11 01:20:30.000,2026-05-04 03:43:07.957
Lelando1234,C:/Users/tiaan/My Drive/Tiaan/Personal/Documents & Other/Github/CompanyIntranet/backend/src/routes/articles.js,file,coding,CompanyIntranet,main,JavaScript,true,Wakatime,Windows,Tiaan-Lenovo,codex-wakapi-history-import/1.0,2025-12-11 01:22:30.000,2026-05-04 03:43:07.957
Lelando1234,C:/Users/tiaan/My Drive/Tiaan/Personal/Documents & Other/Github/CompanyIntranet/backend/src/routes/articles.js,file,coding,CompanyIntranet,main,JavaScript,true,Wakatime,Windows,Tiaan-Lenovo,codex-wakapi-history-import/1.0,2025-12-11 01:24:30.000,2026-05-04 03:43:07.957
Lelando1234,C:/Users/tiaan/My Drive/Tiaan/Personal/Documents & Other/Github/CompanyIntranet/backend/src/routes/articles.js,file,coding,CompanyIntranet,main,JavaScript,true,Wakatime,Windows,Tiaan-Lenovo,codex-wakapi-history-import/1.0,2025-12-11 01:26:30.000,2026-05-04 03:43:07.957
Lelando1234,C:/Users/tiaan/My Drive/Tiaan/Personal/Documents & Other/Github/CompanyIntranet/backend/src/routes/articles.js,file,coding,CompanyIntranet,main,JavaScript,true,Wakatime,Windows,Tiaan-Lenovo,codex-wakapi-history-import/1.0,2025-12-11 01:28:30.000,2026-05-04 03:43:07.957
Lelando1234,C:/Users/tiaan/My Drive/Tiaan/Personal/Documents & Other/Github/CompanyIntranet/backend/src/routes/articles.js,file,coding,CompanyIntranet,main,JavaScript,true,Wakatime,Windows,Tiaan-Lenovo,codex-wakapi-history-import/1.0,2025-12-11 01:30:30.000,2026-05-04 03:43:07.957
Lelando1234,C:/Users/tiaan/My Drive/Tiaan/Personal/Documents & Other/Github/CompanyIntranet/backend/src/routes/articles.js,file,coding,CompanyIntranet,main,JavaScript,true,Wakatime,Windows,Tiaan-Lenovo,codex-wakapi-history-import/1.0,2025-12-11 01:32:30.000,2026-05-04 03:43:07.957
Lelando1234,C:/Users/tiaan/My Drive/Tiaan/Personal/Documents & Other/Github/CompanyIntranet/backend/src/routes/articles.js,file,coding,CompanyIntranet,main,JavaScript,true,Wakatime,Windows,Tiaan-Lenovo,codex-wakapi-history-import/1.0,2025-12-11 01:34:30.000,2026-05-04 03:43:07.957
Lelando1234,C:/Users/tiaan/My Drive/Tiaan/Personal/Documents & Other/Github/CompanyIntranet/backend/src/routes/articles.js,file,coding,CompanyIntranet,main,JavaScript,true,Wakatime,Windows,Tiaan-Lenovo,codex-wakapi-history-import/1.0,2025-12-11 01:36:30.000,2026-05-04 03:43:07.957
Lelando1234,C:/Users/tiaan/My Drive/Tiaan/Personal/Documents & Other/Github/CompanyIntranet/src/components/SideNavigation.tsx,file,coding,CompanyIntranet,main,TypeScript,true,Wakatime,Windows,Tiaan-Lenovo,codex-wakapi-history-import/1.0,2025-12-11 01:38:30.000,2026-05-04 03:43:07.957
Lelando1234,C:/Users/tiaan/My Drive/Tiaan/Personal/Documents & Other/Github/CompanyIntranet/src/components/SideNavigation.tsx,file,coding,CompanyIntranet,main,TypeScript,true,Wakatime,Windows,Tiaan-Lenovo,codex-wakapi-history-import/1.0,2025-12-11 01:40:30.000,2026-05-04 03:43:07.957
Lelando1234,C:/Users/tiaan/My Drive/Tiaan/Personal/Documents & Other/Github/CompanyIntranet/src/components/SideNavigation.tsx,file,coding,CompanyIntranet,main,TypeScript,true,Wakatime,Windows,Tiaan-Lenovo,codex-wakapi-history-import/1.0,2025-12-11 01:42:30.000,2026-05-04 03:43:07.957
Lelando1234,C:/Users/tiaan/My Drive/Tiaan/Personal/Documents & Other/Github/CompanyIntranet/backend/src/index.js,file,coding,CompanyIntranet,main,JavaScript,true,Wakatime,Windows,Tiaan-Lenovo,codex-wakapi-history-import/1.0,2025-12-17 13:01:40.000,2026-05-04 03:43:07.957
Lelando1234,C:/Users/tiaan/My Drive/Tiaan/Personal/Documents & Other/Github/CompanyIntranet/backend/src/index.js,file,coding,CompanyIntranet,main,JavaScript,true,Wakatime,Windows,Tiaan-Lenovo,codex-wakapi-history-import/1.0,2025-12-17 13:03:40.000,2026-05-04 03:43:07.957
Lelando1234,C:/Users/tiaan/My Drive/Tiaan/Personal/Documents & Other/Github/CompanyIntranet/backend/src/index.js,file,coding,CompanyIntranet,main,JavaScript,true,Wakatime,Windows,Tiaan-Lenovo,codex-wakapi-history-import/1.0,2025-12-17 13:05:40.000,2026-05-04 03:43:07.957
Lelando1234,C:/Users/tiaan/My Drive/Tiaan/Personal/Documents & Other/Github/CompanyIntranet/backend/src/index.js,file,coding,CompanyIntranet,main,JavaScript,true,Wakatime,Windows,Tiaan-Lenovo,codex-wakapi-history-import/1.0,2025-12-17 13:07:40.000,2026-05-04 03:43:07.957
Lelando1234,C:/Users/tiaan/My Drive/Tiaan/Personal/Documents & Other/Github/CompanyIntranet/backend/src/index.js,file,coding,CompanyIntranet,main,JavaScript,true,Wakatime,Windows,Tiaan-Lenovo,codex-wakapi-history-import/1.0,2025-12-17 13:09:40.000,2026-05-04 03:43:07.957
Lelando1234,C:/Users/tiaan/My Drive/Tiaan/Personal/Documents & Other/Github/CompanyIntranet/backend/src/index.js,file,coding,CompanyIntranet,main,JavaScript,true,Wakatime,Windows,Tiaan-Lenovo,codex-wakapi-history-import/1.0,2025-12-17 13:11:40.000,2026-05-04 03:43:07.957
Lelando1234,C:/Users/tiaan/My Drive/Tiaan/Personal/Documents & Other/Github/CompanyIntranet/backend/src/index.js,file,coding,CompanyIntranet,main,JavaScript,true,Wakatime,Windows,Tiaan-Lenovo,codex-wakapi-history-import/1.0,2025-12-17 13:13:40.000,2026-05-04 03:43:07.957
Lelando1234,C:/Users/tiaan/My Drive/Tiaan/Personal/Documents & Other/Github/CompanyIntranet/backend/src/index.js,file,coding,CompanyIntranet,main,JavaScript,true,Wakatime,Windows,Tiaan-Lenovo,codex-wakapi-history-import/1.0,2025-12-17 13:15:40.000,2026-05-04 03:43:07.957
Lelando1234,C:/Users/tiaan/My Drive/Tiaan/Personal/Documents & Other/Github/CompanyIntranet/backend/src/index.js,file,coding,CompanyIntranet,main,JavaScript,true,Wakatime,Windows,Tiaan-Lenovo,codex-wakapi-history-import/1.0,2025-12-17 13:17:40.000,2026-05-04 03:43:07.957
Lelando1234,C:/Users/tiaan/My Drive/Tiaan/Personal/Documents & Other/Github/CompanyIntranet/backend/src/index.js,file,coding,CompanyIntranet,main,JavaScript,true,Wakatime,Windows,Tiaan-Lenovo,codex-wakapi-history-import/1.0,2025-12-17 13:19:40.000,2026-05-04 03:43:07.957
Lelando1234,C:/Users/tiaan/My Drive/Tiaan/Personal/Documents & Other/Github/CompanyIntranet/backend/src/index.js,file,coding,CompanyIntranet,main,JavaScript,true,Wakatime,Windows,Tiaan-Lenovo,codex-wakapi-history-import/1.0,2025-12-17 13:21:40.000,2026-05-04 03:43:07.957
Lelando1234,C:/Users/tiaan/My Drive/Tiaan/Personal/Documents & Other/Github/CompanyIntranet/backend/src/index.js,file,coding,CompanyIntranet,main,JavaScript,true,Wakatime,Windows,Tiaan-Lenovo,codex-wakapi-history-import/1.0,2025-12-17 13:23:40.000,2026-05-04 03:43:07.957
Lelando1234,C:/Users/tiaan/My Drive/Tiaan/Personal/Documents & Other/Github/CompanyIntranet/backend/src/index.js,file,coding,CompanyIntranet,main,JavaScript,true,Wakatime,Windows,Tiaan-Lenovo,codex-wakapi-history-import/1.0,2025-12-17 13:25:40.000,2026-05-04 03:43:07.957
Lelando1234,C:/Users/tiaan/My Drive/Tiaan/Personal/Documents & Other/Github/CompanyIntranet/backend/src/routes/articles.js,file,coding,CompanyIntranet,main,JavaScript,true,Wakatime,Windows,Tiaan-Lenovo,codex-wakapi-history-import/1.0,2025-12-17 13:27:40.000,2026-05-04 03:43:07.957
Lelando1234,C:/Users/tiaan/My Drive/Tiaan/Personal/Documents & Other/Github/CompanyIntranet/backend/src/routes/articles.js,file,coding,CompanyIntranet,main,JavaScript,true,Wakatime,Windows,Tiaan-Lenovo,codex-wakapi-history-import/1.0,2025-12-17 13:29:40.000,2026-05-04 03:43:07.957
Lelando1234,C:/Users/tiaan/My Drive/Tiaan/Personal/Documents & Other/Github/CompanyIntranet/backend/src/routes/articles.js,file,coding,CompanyIntranet,main,JavaScript,true,Wakatime,Windows,Tiaan-Lenovo,codex-wakapi-history-import/1.0,2025-12-17 13:31:40.000,2026-05-04 03:43:07.957
Lelando1234,C:/Users/tiaan/My Drive/Tiaan/Personal/Documents & Other/Github/CompanyIntranet/backend/src/routes/articles.js,file,coding,CompanyIntranet,main,JavaScript,true,Wakatime,Windows,Tiaan-Lenovo,codex-wakapi-history-import/1.0,2025-12-17 13:33:40.000,2026-05-04 03:43:07.957
Lelando1234,C:/Users/tiaan/My Drive/Tiaan/Personal/Documents & Other/Github/CompanyIntranet/backend/src/routes/articles.js,file,coding,CompanyIntranet,main,JavaScript,true,Wakatime,Windows,Tiaan-Lenovo,codex-wakapi-history-import/1.0,2025-12-17 13:35:40.000,2026-05-04 03:43:07.957
Lelando1234,C:/Users/tiaan/My Drive/Tiaan/Personal/Documents & Other/Github/CompanyIntranet/backend/src/routes/articles.js,file,coding,CompanyIntranet,main,JavaScript,true,Wakatime,Windows,Tiaan-Lenovo,codex-wakapi-history-import/1.0,2025-12-17 13:37:40.000,2026-05-04 03:43:07.957
Lelando1234,C:/Users/tiaan/My Drive/Tiaan/Personal/Documents & Other/Github/CompanyIntranet/backend/src/routes/articles.js,file,coding,CompanyIntranet,main,JavaScript,true,Wakatime,Windows,Tiaan-Lenovo,codex-wakapi-history-import/1.0,2025-12-17 13:39:40.000,2026-05-04 03:43:07.957
Lelando1234,C:/Users/tiaan/My Drive/Tiaan/Personal/Documents & Other/Github/CompanyIntranet/backend/src/routes/articles.js,file,coding,CompanyIntranet,main,JavaScript,true,Wakatime,Windows,Tiaan-Lenovo,codex-wakapi-history-import/1.0,2025-12-17 13:41:40.000,2026-05-04 03:43:07.957
Lelando1234,C:/Users/tiaan/My Drive/Tiaan/Personal/Documents & Other/Github/CompanyIntranet/backend/src/routes/articles.js,file,coding,CompanyIntranet,main,JavaScript,true,Wakatime,Windows,Tiaan-Lenovo,codex-wakapi-history-import/1.0,2025-12-17 13:43:40.000,2026-05-04 03:43:07.957
Lelando1234,C:/Users/tiaan/My Drive/Tiaan/Personal/Documents & Other/Github/CompanyIntranet/backend/src/routes/articles.js,file,coding,CompanyIntranet,main,JavaScript,true,Wakatime,Windows,Tiaan-Lenovo,codex-wakapi-history-import/1.0,2025-12-17 13:45:40.000,2026-05-04 03:43:07.957
Lelando1234,C:/Users/tiaan/My Drive/Tiaan/Personal/Documents & Other/Github/CompanyIntranet/backend/src/routes/articles.js,file,coding,CompanyIntranet,main,JavaScript,true,Wakatime,Windows,Tiaan-Lenovo,codex-wakapi-history-import/1.0,2025-12-17 13:47:40.000,2026-05-04 03:43:07.957
Lelando1234,C:/Users/tiaan/My Drive/Tiaan/Personal/Documents & Other/Github/CompanyIntranet/backend/src/routes/articles.js,file,coding,CompanyIntranet,main,JavaScript,true,Wakatime,Windows,Tiaan-Lenovo,codex-wakapi-history-import/1.0,2025-12-17 13:49:40.000,2026-05-04 03:43:07.957
Lelando1234,C:/Users/tiaan/My Drive/Tiaan/Personal/Documents & Other/Github/CompanyIntranet/src/components/SideNavigation.tsx,file,coding,CompanyIntranet,main,TypeScript,true,Wakatime,Windows,Tiaan-Lenovo,codex-wakapi-history-import/1.0,2025-12-17 13:51:40.000,2026-05-04 03:43:07.957
Lelando1234,C:/Users/tiaan/My Drive/Tiaan/Personal/Documents & Other/Github/CompanyIntranet/src/components/SideNavigation.tsx,file,coding,CompanyIntranet,main,TypeScript,true,Wakatime,Windows,Tiaan-Lenovo,codex-wakapi-history-import/1.0,2025-12-17 13:53:40.000,2026-05-04 03:43:07.957
Lelando1234,C:/Users/tiaan/My Drive/Tiaan/Personal/Documents & Other/Github/CompanyIntranet/src/components/SideNavigation.tsx,file,coding,CompanyIntranet,main,TypeScript,true,Wakatime,Windows,Tiaan-Lenovo,codex-wakapi-history-import/1.0,2025-12-17 13:55:40.000,2026-05-04 03:43:07.957
Lelando1234,C:/Users/tiaan/My Drive/Tiaan/Personal/Documents & Other/Github/CompanyIntranet/src/components/SideNavigation.tsx,file,coding,CompanyIntranet,main,TypeScript,true,Wakatime,Windows,Tiaan-Lenovo,codex-wakapi-history-import/1.0,2025-12-17 13:57:40.000,2026-05-04 03:43:07.957
Lelando1234,C:/Users/tiaan/My Drive/Tiaan/Personal/Documents & Other/Github/CompanyIntranet/src/App.tsx,file,coding,CompanyIntranet,main,TypeScript,true,Wakatime,Windows,Tiaan-Lenovo,codex-wakapi-history-import/1.0,2025-12-18 01:22:54.000,2026-05-04 03:43:07.957
Lelando1234,C:/Users/tiaan/My Drive/Tiaan/Personal/Documents & Other/Github/CompanyIntranet/src/App.tsx,file,coding,CompanyIntranet,main,TypeScript,true,Wakatime,Windows,Tiaan-Lenovo,codex-wakapi-history-import/1.0,2025-12-18 01:24:54.000,2026-05-04 03:43:07.957
Lelando1234,C:/Users/tiaan/My Drive/Tiaan/Personal/Documents & Other/Github/CompanyIntranet/src/App.tsx,file,coding,CompanyIntranet,main,TypeScript,true,Wakatime,Windows,Tiaan-Lenovo,codex-wakapi-history-import/1.0,2025-12-18 01:26:54.000,2026-05-04 03:43:07.957
Lelando1234,C:/Users/tiaan/My Drive/Tiaan/Personal/Documents & Other/Github/CompanyIntranet/src/App.tsx,file,coding,CompanyIntranet,main,TypeScript,true,Wakatime,Windows,Tiaan-Lenovo,codex-wakapi-history-import/1.0,2025-12-18 01:28:54.000,2026-05-04 03:43:07.957
Lelando1234,C:/Users/tiaan/My Drive/Tiaan/Personal/Documents & Other/Github/CompanyIntranet/src/App.tsx,file,coding,CompanyIntranet,main,TypeScript,true,Wakatime,Windows,Tiaan-Lenovo,codex-wakapi-history-import/1.0,2025-12-18 01:30:54.000,2026-05-04 03:43:07.957
Lelando1234,C:/Users/tiaan/My Drive/Tiaan/Personal/Documents & Other/Github/CompanyIntranet/src/App.tsx,file,coding,CompanyIntranet,main,TypeScript,true,Wakatime,Windows,Tiaan-Lenovo,codex-wakapi-history-import/1.0,2025-12-18 01:32:54.000,2026-05-04 03:43:07.957
Lelando1234,C:/Users/tiaan/My Drive/Tiaan/Personal/Documents & Other/Github/CompanyIntranet/src/App.tsx,file,coding,CompanyIntranet,main,TypeScript,true,Wakatime,Windows,Tiaan-Lenovo,codex-wakapi-history-import/1.0,2025-12-18 01:34:54.000,2026-05-04 03:43:07.957
Lelando1234,C:/Users/tiaan/My Drive/Tiaan/Personal/Documents & Other/Github/CompanyIntranet/src/App.tsx,file,coding,CompanyIntranet,main,TypeScript,true,Wakatime,Windows,Tiaan-Lenovo,codex-wakapi-history-import/1.0,2025-12-18 01:36:54.000,2026-05-04 03:43:07.957
Lelando1234,C:/Users/tiaan/My Drive/Tiaan/Personal/Documents & Other/Github/CompanyIntranet/src/App.tsx,file,coding,CompanyIntranet,main,TypeScript,true,Wakatime,Windows,Tiaan-Lenovo,codex-wakapi-history-import/1.0,2025-12-18 01:38:54.000,2026-05-04 03:43:07.957
Lelando1234,C:/Users/tiaan/My Drive/Tiaan/Personal/Documents & Other/Github/CompanyIntranet/src/App.tsx,file,coding,CompanyIntranet,main,TypeScript,true,Wakatime,Windows,Tiaan-Lenovo,codex-wakapi-history-import/1.0,2025-12-18 01:40:54.000,2026-05-04 03:43:07.957
Lelando1234,C:/Users/tiaan/My Drive/Tiaan/Personal/Documents & Other/Github/CompanyIntranet/src/App.tsx,file,coding,CompanyIntranet,main,TypeScript,true,Wakatime,Windows,Tiaan-Lenovo,codex-wakapi-history-import/1.0,2025-12-18 01:42:54.000,2026-05-04 03:43:07.957
Lelando1234,C:/Users/tiaan/My Drive/Tiaan/Personal/Documents & Other/Github/CompanyIntranet/src/App.tsx,file,coding,CompanyIntranet,main,TypeScript,true,Wakatime,Windows,Tiaan-Lenovo,codex-wakapi-history-import/1.0,2025-12-18 01:44:54.000,2026-05-04 03:43:07.957
Lelando1234,C:/Users/tiaan/My Drive/Tiaan/Personal/Documents & Other/Github/CompanyIntranet/src/App.tsx,file,coding,CompanyIntranet,main,TypeScript,true,Wakatime,Windows,Tiaan-Lenovo,codex-wakapi-history-import/1.0,2025-12-18 01:46:54.000,2026-05-04 03:43:07.957
Lelando1234,C:/Users/tiaan/My Drive/Tiaan/Personal/Documents & Other/Github/CompanyIntranet/src/components/home.tsx,file,coding,CompanyIntranet,main,TypeScript,true,Wakatime,Windows,Tiaan-Lenovo,codex-wakapi-history-import/1.0,2025-12-18 01:48:54.000,2026-05-04 03:43:07.957
Lelando1234,C:/Users/tiaan/My Drive/Tiaan/Personal/Documents & Other/Github/CompanyIntranet/src/components/home.tsx,file,coding,CompanyIntranet,main,TypeScript,true,Wakatime,Windows,Tiaan-Lenovo,codex-wakapi-history-import/1.0,2025-12-18 01:50:54.000,2026-05-04 03:43:07.957
Lelando1234,C:/Users/tiaan/My Drive/Tiaan/Personal/Documents & Other/Github/CompanyIntranet/src/components/home.tsx,file,coding,CompanyIntranet,main,TypeScript,true,Wakatime,Windows,Tiaan-Lenovo,codex-wakapi-history-import/1.0,2025-12-18 01:52:54.000,2026-05-04 03:43:07.957
Lelando1234,C:/Users/tiaan/My Drive/Tiaan/Personal/Documents & Other/Github/CompanyIntranet/src/components/home.tsx,file,coding,CompanyIntranet,main,TypeScript,true,Wakatime,Windows,Tiaan-Lenovo,codex-wakapi-history-import/1.0,2025-12-18 01:54:54.000,2026-05-04 03:43:07.957
Lelando1234,C:/Users/tiaan/My Drive/Tiaan/Personal/Documents & Other/Github/CompanyIntranet/src/components/home.tsx,file,coding,CompanyIntranet,main,TypeScript,true,Wakatime,Windows,Tiaan-Lenovo,codex-wakapi-history-import/1.0,2025-12-18 01:56:54.000,2026-05-04 03:43:07.957
Lelando1234,C:/Users/tiaan/My Drive/Tiaan/Personal/Documents & Other/Github/CompanyIntranet/src/components/home.tsx,file,coding,CompanyIntranet,main,TypeScript,true,Wakatime,Windows,Tiaan-Lenovo,codex-wakapi-history-import/1.0,2025-12-18 01:58:54.000,2026-05-04 03:43:07.957
Lelando1234,C:/Users/tiaan/My Drive/Tiaan/Personal/Documents & Other/Github/CompanyIntranet/src/components/home.tsx,file,coding,CompanyIntranet,main,TypeScript,true,Wakatime,Windows,Tiaan-Lenovo,codex-wakapi-history-import/1.0,2025-12-18 02:00:54.000,2026-05-04 03:43:07.957
Lelando1234,C:/Users/tiaan/My Drive/Tiaan/Personal/Documents & Other/Github/CompanyIntranet/src/components/ThemeCustomizer.tsx,file,coding,CompanyIntranet,main,TypeScript,true,Wakatime,Windows,Tiaan-Lenovo,codex-wakapi-history-import/1.0,2025-12-19 02:19:06.000,2026-05-04 03:43:07.957
Lelando1234,C:/Users/tiaan/My Drive/Tiaan/Personal/Documents & Other/Github/CompanyIntranet/src/components/ThemeCustomizer.tsx,file,coding,CompanyIntranet,main,TypeScript,true,Wakatime,Windows,Tiaan-Lenovo,codex-wakapi-history-import/1.0,2025-12-19 02:21:06.000,2026-05-04 03:43:07.957
Lelando1234,C:/Users/tiaan/My Drive/Tiaan/Personal/Documents & Other/Github/CompanyIntranet/src/components/ThemeCustomizer.tsx,file,coding,CompanyIntranet,main,TypeScript,true,Wakatime,Windows,Tiaan-Lenovo,codex-wakapi-history-import/1.0,2025-12-19 02:23:06.000,2026-05-04 03:43:07.957
Lelando1234,C:/Users/tiaan/My Drive/Tiaan/Personal/Documents & Other/Github/CompanyIntranet/src/components/ThemeCustomizer.tsx,file,coding,CompanyIntranet,main,TypeScript,true,Wakatime,Windows,Tiaan-Lenovo,codex-wakapi-history-import/1.0,2025-12-19 02:25:06.000,2026-05-04 03:43:07.957
Lelando1234,C:/Users/tiaan/My Drive/Tiaan/Personal/Documents & Other/Github/CompanyIntranet/src/components/ThemeCustomizer.tsx,file,coding,CompanyIntranet,main,TypeScript,true,Wakatime,Windows,Tiaan-Lenovo,codex-wakapi-history-import/1.0,2025-12-19 02:27:06.000,2026-05-04 03:43:07.957
Lelando1234,C:/Users/tiaan/My Drive/Tiaan/Personal/Documents & Other/Github/CompanyIntranet/src/components/ThemeCustomizer.tsx,file,coding,CompanyIntranet,main,TypeScript,true,Wakatime,Windows,Tiaan-Lenovo,codex-wakapi-history-import/1.0,2025-12-19 02:29:06.000,2026-05-04 03:43:07.957
Lelando1234,C:/Users/tiaan/My Drive/Tiaan/Personal/Documents & Other/Github/CompanyIntranet/src/components/ThemeCustomizer.tsx,file,coding,CompanyIntranet,main,TypeScript,true,Wakatime,Windows,Tiaan-Lenovo,codex-wakapi-history-import/1.0,2025-12-19 02:31:06.000,2026-05-04 03:43:07.957
Lelando1234,C:/Users/tiaan/My Drive/Tiaan/Personal/Documents & Other/Github/CompanyIntranet/src/components/ThemeCustomizer.tsx,file,coding,CompanyIntranet,main,TypeScript,true,Wakatime,Windows,Tiaan-Lenovo,codex-wakapi-history-import/1.0,2025-12-19 02:33:06.000,2026-05-04 03:43:07.957
Lelando1234,C:/Users/tiaan/My Drive/Tiaan/Personal/Documents & Other/Github/CompanyIntranet/src/components/ThemeCustomizer.tsx,file,coding,CompanyIntranet,main,TypeScript,true,Wakatime,Windows,Tiaan-Lenovo,codex-wakapi-history-import/1.0,2025-12-19 02:35:06.000,2026-05-04 03:43:07.957
Lelando1234,C:/Users/tiaan/My Drive/Tiaan/Personal/Documents & Other/Github/CompanyIntranet/src/components/ThemeCustomizer.tsx,file,coding,CompanyIntranet,main,TypeScript,true,Wakatime,Windows,Tiaan-Lenovo,codex-wakapi-history-import/1.0,2025-12-19 02:37:06.000,2026-05-04 03:43:07.957
Lelando1234,C:/Users/tiaan/My Drive/Tiaan/Personal/Documents & Other/Github/CompanyIntranet/src/components/ThemeCustomizer.tsx,file,coding,CompanyIntranet,main,TypeScript,true,Wakatime,Windows,Tiaan-Lenovo,codex-wakapi-history-import/1.0,2025-12-19 02:39:06.000,2026-05-04 03:43:07.957
Lelando1234,C:/Users/tiaan/My Drive/Tiaan/Personal/Documents & Other/Github/CompanyIntranet/src/components/ThemeCustomizer.tsx,file,coding,CompanyIntranet,main,TypeScript,true,Wakatime,Windows,Tiaan-Lenovo,codex-wakapi-history-import/1.0,2025-12-19 02:41:06.000,2026-05-04 03:43:07.957
Lelando1234,C:/Users/tiaan/My Drive/Tiaan/Personal/Documents & Other/Github/CompanyIntranet/src/components/ThemeCustomizer.tsx,file,coding,CompanyIntranet,main,TypeScript,true,Wakatime,Windows,Tiaan-Lenovo,codex-wakapi-history-import/1.0,2025-12-19 02:43:06.000,2026-05-04 03:43:07.957
Lelando1234,C:/Users/tiaan/My Drive/Tiaan/Personal/Documents & Other/Github/CompanyIntranet/backend/src/routes/settings.js,file,coding,CompanyIntranet,main,JavaScript,true,Wakatime,Windows,Tiaan-Lenovo,codex-wakapi-history-import/1.0,2025-12-19 02:45:06.000,2026-05-04 03:43:07.957
Lelando1234,C:/Users/tiaan/My Drive/Tiaan/Personal/Documents & Other/Github/CompanyIntranet/backend/src/routes/settings.js,file,coding,CompanyIntranet,main,JavaScript,true,Wakatime,Windows,Tiaan-Lenovo,codex-wakapi-history-import/1.0,2025-12-19 02:47:06.000,2026-05-04 03:43:07.957
Lelando1234,C:/Users/tiaan/My Drive/Tiaan/Personal/Documents & Other/Github/CompanyIntranet/backend/src/routes/settings.js,file,coding,CompanyIntranet,main,JavaScript,true,Wakatime,Windows,Tiaan-Lenovo,codex-wakapi-history-import/1.0,2025-12-19 02:49:06.000,2026-05-04 03:43:07.957
Lelando1234,C:/Users/tiaan/My Drive/Tiaan/Personal/Documents & Other/Github/CompanyIntranet/src/components/home.tsx,file,coding,CompanyIntranet,main,TypeScript,true,Wakatime,Windows,Tiaan-Lenovo,codex-wakapi-history-import/1.0,2025-12-22 12:59:48.000,2026-05-04 03:43:07.957
Lelando1234,C:/Users/tiaan/My Drive/Tiaan/Personal/Documents & Other/Github/CompanyIntranet/src/components/home.tsx,file,coding,CompanyIntranet,main,TypeScript,true,Wakatime,Windows,Tiaan-Lenovo,codex-wakapi-history-import/1.0,2025-12-22 13:01:48.000,2026-05-04 03:43:07.957
Lelando1234,C:/Users/tiaan/My Drive/Tiaan/Personal/Documents & Other/Github/CompanyIntranet/src/components/home.tsx,file,coding,CompanyIntranet,main,TypeScript,true,Wakatime,Windows,Tiaan-Lenovo,codex-wakapi-history-import/1.0,2025-12-22 13:03:48.000,2026-05-04 03:43:07.957
Lelando1234,C:/Users/tiaan/My Drive/Tiaan/Personal/Documents & Other/Github/CompanyIntranet/src/components/home.tsx,file,coding,CompanyIntranet,main,TypeScript,true,Wakatime,Windows,Tiaan-Lenovo,codex-wakapi-history-import/1.0,2025-12-22 13:05:48.000,2026-05-04 03:43:07.957
Lelando1234,C:/Users/tiaan/My Drive/Tiaan/Personal/Documents & Other/Github/CompanyIntranet/src/components/home.tsx,file,coding,CompanyIntranet,main,TypeScript,true,Wakatime,Windows,Tiaan-Lenovo,codex-wakapi-history-import/1.0,2025-12-22 13:07:48.000,2026-05-04 03:43:07.957
Lelando1234,C:/Users/tiaan/My Drive/Tiaan/Personal/Documents & Other/Github/CompanyIntranet/src/components/home.tsx,file,coding,CompanyIntranet,main,TypeScript,true,Wakatime,Windows,Tiaan-Lenovo,codex-wakapi-history-import/1.0,2025-12-22 13:09:48.000,2026-05-04 03:43:07.957
Lelando1234,C:/Users/tiaan/My Drive/Tiaan/Personal/Documents & Other/Github/CompanyIntranet/src/components/home.tsx,file,coding,CompanyIntranet,main,TypeScript,true,Wakatime,Windows,Tiaan-Lenovo,codex-wakapi-history-import/1.0,2025-12-22 13:11:48.000,2026-05-04 03:43:07.957
Lelando1234,C:/Users/tiaan/My Drive/Tiaan/Personal/Documents & Other/Github/CompanyIntranet/src/components/home.tsx,file,coding,CompanyIntranet,main,TypeScript,true,Wakatime,Windows,Tiaan-Lenovo,codex-wakapi-history-import/1.0,2025-12-22 13:13:48.000,2026-05-04 03:43:07.957
Lelando1234,C:/Users/tiaan/My Drive/Tiaan/Personal/Documents & Other/Github/CompanyIntranet/src/components/home.tsx,file,coding,CompanyIntranet,main,TypeScript,true,Wakatime,Windows,Tiaan-Lenovo,codex-wakapi-history-import/1.0,2025-12-22 13:15:48.000,2026-05-04 03:43:07.957
Lelando1234,C:/Users/tiaan/My Drive/Tiaan/Personal/Documents & Other/Github/CompanyIntranet/src/components/home.tsx,file,coding,CompanyIntranet,main,TypeScript,true,Wakatime,Windows,Tiaan-Lenovo,codex-wakapi-history-import/1.0,2025-12-22 13:17:48.000,2026-05-04 03:43:07.957
Lelando1234,C:/Users/tiaan/My Drive/Tiaan/Personal/Documents & Other/Github/CompanyIntranet/src/components/home.tsx,file,coding,CompanyIntranet,main,TypeScript,true,Wakatime,Windows,Tiaan-Lenovo,codex-wakapi-history-import/1.0,2025-12-22 13:19:48.000,2026-05-04 03:43:07.957
Lelando1234,C:/Users/tiaan/My Drive/Tiaan/Personal/Documents & Other/Github/CompanyIntranet/src/components/home.tsx,file,coding,CompanyIntranet,main,TypeScript,true,Wakatime,Windows,Tiaan-Lenovo,codex-wakapi-history-import/1.0,2025-12-22 13:21:48.000,2026-05-04 03:43:07.957
Lelando1234,C:/Users/tiaan/My Drive/Tiaan/Personal/Documents & Other/Github/CompanyIntranet/src/components/home.tsx,file,coding,CompanyIntranet,main,TypeScript,true,Wakatime,Windows,Tiaan-Lenovo,codex-wakapi-history-import/1.0,2025-12-22 13:23:48.000,2026-05-04 03:43:07.957
Lelando1234,C:/Users/tiaan/My Drive/Tiaan/Personal/Documents & Other/Github/CompanyIntranet/backend/src/index.js,file,coding,CompanyIntranet,main,JavaScript,true,Wakatime,Windows,Tiaan-Lenovo,codex-wakapi-history-import/1.0,2025-12-22 13:25:48.000,2026-05-04 03:43:07.957
Lelando1234,C:/Users/tiaan/My Drive/Tiaan/Personal/Documents & Other/Github/CompanyIntranet/backend/src/index.js,file,coding,CompanyIntranet,main,JavaScript,true,Wakatime,Windows,Tiaan-Lenovo,codex-wakapi-history-import/1.0,2025-12-22 13:27:48.000,2026-05-04 03:43:07.957
Lelando1234,C:/Users/tiaan/My Drive/Tiaan/Personal/Documents & Other/Github/CompanyIntranet/backend/src/index.js,file,coding,CompanyIntranet,main,JavaScript,true,Wakatime,Windows,Tiaan-Lenovo,codex-wakapi-history-import/1.0,2025-12-22 13:29:48.000,2026-05-04 03:43:07.957
Lelando1234,C:/Users/tiaan/My Drive/Tiaan/Personal/Documents & Other/Github/CompanyIntranet/backend/src/index.js,file,coding,CompanyIntranet,main,JavaScript,true,Wakatime,Windows,Tiaan-Lenovo,codex-wakapi-history-import/1.0,2025-12-22 13:31:48.000,2026-05-04 03:43:07.957
Lelando1234,C:/Users/tiaan/My Drive/Tiaan/Personal/Documents & Other/Github/CompanyIntranet/backend/src/index.js,file,coding,CompanyIntranet,main,JavaScript,true,Wakatime,Windows,Tiaan-Lenovo,codex-wakapi-history-import/1.0,2025-12-22 13:33:48.000,2026-05-04 03:43:07.957
Lelando1234,C:/Users/tiaan/My Drive/Tiaan/Personal/Documents & Other/Github/CompanyIntranet/backend/src/index.js,file,coding,CompanyIntranet,main,JavaScript,true,Wakatime,Windows,Tiaan-Lenovo,codex-wakapi-history-import/1.0,2025-12-22 13:35:48.000,2026-05-04 03:43:07.957
Lelando1234,C:/Users/tiaan/My Drive/Tiaan/Personal/Documents & Other/Github/CompanyIntranet/backend/src/index.js,file,coding,CompanyIntranet,main,JavaScript,true,Wakatime,Windows,Tiaan-Lenovo,codex-wakapi-history-import/1.0,2025-12-22 13:37:48.000,2026-05-04 03:43:07.957
Lelando1234,C:/Users/tiaan/My Drive/Tiaan/Personal/Documents & Other/Github/CompanyIntranet/backend/src/index.js,file,coding,CompanyIntranet,main,JavaScript,true,Wakatime,Windows,Tiaan-Lenovo,codex-wakapi-history-import/1.0,2025-12-22 13:39:48.000,2026-05-04 03:43:07.957
Lelando1234,C:/Users/tiaan/My Drive/Tiaan/Personal/Documents & Other/Github/CompanyIntranet/backend/src/index.js,file,coding,CompanyIntranet,main,JavaScript,true,Wakatime,Windows,Tiaan-Lenovo,codex-wakapi-history-import/1.0,2025-12-22 13:41:48.000,2026-05-04 03:43:07.957
Lelando1234,C:/Users/tiaan/My Drive/Tiaan/Personal/Documents & Other/Github/CompanyIntranet/backend/src/index.js,file,coding,CompanyIntranet,main,JavaScript,true,Wakatime,Windows,Tiaan-Lenovo,codex-wakapi-history-import/1.0,2025-12-22 13:43:48.000,2026-05-04 03:43:07.957
Lelando1234,C:/Users/tiaan/My Drive/Tiaan/Personal/Documents & Other/Github/CompanyIntranet/backend/src/index.js,file,coding,CompanyIntranet,main,JavaScript,true,Wakatime,Windows,Tiaan-Lenovo,codex-wakapi-history-import/1.0,2025-12-22 13:45:48.000,2026-05-04 03:43:07.957
Lelando1234,C:/Users/tiaan/My Drive/Tiaan/Personal/Documents & Other/Github/CompanyIntranet/backend/src/index.js,file,coding,CompanyIntranet,main,JavaScript,true,Wakatime,Windows,Tiaan-Lenovo,codex-wakapi-history-import/1.0,2025-12-22 13:47:48.000,2026-05-04 03:43:07.957
Lelando1234,C:/Users/tiaan/My Drive/Tiaan/Personal/Documents & Other/Github/CompanyIntranet/backend/src/routes/articles.js,file,coding,CompanyIntranet,main,JavaScript,true,Wakatime,Windows,Tiaan-Lenovo,codex-wakapi-history-import/1.0,2025-12-22 13:49:48.000,2026-05-04 03:43:07.957
Lelando1234,C:/Users/tiaan/My Drive/Tiaan/Personal/Documents & Other/Github/CompanyIntranet/backend/src/routes/articles.js,file,coding,CompanyIntranet,main,JavaScript,true,Wakatime,Windows,Tiaan-Lenovo,codex-wakapi-history-import/1.0,2025-12-22 13:51:48.000,2026-05-04 03:43:07.957
Lelando1234,C:/Users/tiaan/My Drive/Tiaan/Personal/Documents & Other/Github/CompanyIntranet/backend/src/routes/articles.js,file,coding,CompanyIntranet,main,JavaScript,true,Wakatime,Windows,Tiaan-Lenovo,codex-wakapi-history-import/1.0,2025-12-22 13:53:48.000,2026-05-04 03:43:07.957
Lelando1234,C:/Users/tiaan/My Drive/Tiaan/Personal/Documents & Other/Github/CompanyIntranet/backend/src/routes/articles.js,file,coding,CompanyIntranet,main,JavaScript,true,Wakatime,Windows,Tiaan-Lenovo,codex-wakapi-history-import/1.0,2025-12-22 13:55:48.000,2026-05-04 03:43:07.957
Lelando1234,C:/Users/tiaan/My Drive/Tiaan/Personal/Documents & Other/Github/CompanyIntranet/backend/src/routes/articles.js,file,coding,CompanyIntranet,main,JavaScript,true,Wakatime,Windows,Tiaan-Lenovo,codex-wakapi-history-import/1.0,2025-12-22 13:57:48.000,2026-05-04 03:43:07.957
Lelando1234,C:/Users/tiaan/My Drive/Tiaan/Personal/Documents & Other/Github/CompanyIntranet/backend/src/routes/articles.js,file,coding,CompanyIntranet,main,JavaScript,true,Wakatime,Windows,Tiaan-Lenovo,codex-wakapi-history-import/1.0,2025-12-22 13:59:48.000,2026-05-04 03:43:07.957
Lelando1234,C:/Users/tiaan/My Drive/Tiaan/Personal/Documents & Other/Github/CompanyIntranet/backend/src/routes/articles.js,file,coding,CompanyIntranet,main,JavaScript,true,Wakatime,Windows,Tiaan-Lenovo,codex-wakapi-history-import/1.0,2025-12-22 14:01:48.000,2026-05-04 03:43:07.957
Lelando1234,C:/Users/tiaan/My Drive/Tiaan/Personal/Documents & Other/Github/CompanyIntranet/backend/src/routes/articles.js,file,coding,CompanyIntranet,main,JavaScript,true,Wakatime,Windows,Tiaan-Lenovo,codex-wakapi-history-import/1.0,2025-12-22 14:03:48.000,2026-05-04 03:43:07.957
Lelando1234,C:/Users/tiaan/My Drive/Tiaan/Personal/Documents & Other/Github/CompanyIntranet/src/components/SideNavigation.tsx,file,coding,CompanyIntranet,main,TypeScript,true,Wakatime,Windows,Tiaan-Lenovo,codex-wakapi-history-import/1.0,2025-12-24 01:59:12.000,2026-05-04 03:43:07.957
Lelando1234,C:/Users/tiaan/My Drive/Tiaan/Personal/Documents & Other/Github/CompanyIntranet/src/components/SideNavigation.tsx,file,coding,CompanyIntranet,main,TypeScript,true,Wakatime,Windows,Tiaan-Lenovo,codex-wakapi-history-import/1.0,2025-12-24 02:01:12.000,2026-05-04 03:43:07.957
Lelando1234,C:/Users/tiaan/My Drive/Tiaan/Personal/Documents & Other/Github/CompanyIntranet/src/components/SideNavigation.tsx,file,coding,CompanyIntranet,main,TypeScript,true,Wakatime,Windows,Tiaan-Lenovo,codex-wakapi-history-import/1.0,2025-12-24 02:03:12.000,2026-05-04 03:43:07.957
Lelando1234,C:/Users/tiaan/My Drive/Tiaan/Personal/Documents & Other/Github/CompanyIntranet/src/components/SideNavigation.tsx,file,coding,CompanyIntranet,main,TypeScript,true,Wakatime,Windows,Tiaan-Lenovo,codex-wakapi-history-import/1.0,2025-12-24 02:05:12.000,2026-05-04 03:43:07.957
Lelando1234,C:/Users/tiaan/My Drive/Tiaan/Personal/Documents & Other/Github/CompanyIntranet/src/components/SideNavigation.tsx,file,coding,CompanyIntranet,main,TypeScript,true,Wakatime,Windows,Tiaan-Lenovo,codex-wakapi-history-import/1.0,2025-12-24 02:07:12.000,2026-05-04 03:43:07.957
Lelando1234,C:/Users/tiaan/My Drive/Tiaan/Personal/Documents & Other/Github/CompanyIntranet/src/components/SideNavigation.tsx,file,coding,CompanyIntranet,main,TypeScript,true,Wakatime,Windows,Tiaan-Lenovo,codex-wakapi-history-import/1.0,2025-12-24 02:09:12.000,2026-05-04 03:43:07.957
Lelando1234,C:/Users/tiaan/My Drive/Tiaan/Personal/Documents & Other/Github/CompanyIntranet/src/components/SideNavigation.tsx,file,coding,CompanyIntranet,main,TypeScript,true,Wakatime,Windows,Tiaan-Lenovo,codex-wakapi-history-import/1.0,2025-12-24 02:11:12.000,2026-05-04 03:43:07.957
Lelando1234,C:/Users/tiaan/My Drive/Tiaan/Personal/Documents & Other/Github/CompanyIntranet/src/components/SideNavigation.tsx,file,coding,CompanyIntranet,main,TypeScript,true,Wakatime,Windows,Tiaan-Lenovo,codex-wakapi-history-import/1.0,2025-12-24 02:13:12.000,2026-05-04 03:43:07.957
Lelando1234,C:/Users/tiaan/My Drive/Tiaan/Personal/Documents & Other/Github/CompanyIntranet/src/components/SideNavigation.tsx,file,coding,CompanyIntranet,main,TypeScript,true,Wakatime,Windows,Tiaan-Lenovo,codex-wakapi-history-import/1.0,2025-12-24 02:15:12.000,2026-05-04 03:43:07.957
Lelando1234,C:/Users/tiaan/My Drive/Tiaan/Personal/Documents & Other/Github/CompanyIntranet/src/components/SideNavigation.tsx,file,coding,CompanyIntranet,main,TypeScript,true,Wakatime,Windows,Tiaan-Lenovo,codex-wakapi-history-import/1.0,2025-12-24 02:17:12.000,2026-05-04 03:43:07.957
Lelando1234,C:/Users/tiaan/My Drive/Tiaan/Personal/Documents & Other/Github/CompanyIntranet/src/components/SideNavigation.tsx,file,coding,CompanyIntranet,main,TypeScript,true,Wakatime,Windows,Tiaan-Lenovo,codex-wakapi-history-import/1.0,2025-12-24 02:19:12.000,2026-05-04 03:43:07.957
Lelando1234,C:/Users/tiaan/My Drive/Tiaan/Personal/Documents & Other/Github/CompanyIntranet/src/components/SideNavigation.tsx,file,coding,CompanyIntranet,main,TypeScript,true,Wakatime,Windows,Tiaan-Lenovo,codex-wakapi-history-import/1.0,2025-12-24 02:21:12.000,2026-05-04 03:43:07.957
Lelando1234,C:/Users/tiaan/My Drive/Tiaan/Personal/Documents & Other/Github/CompanyIntranet/src/components/SideNavigation.tsx,file,coding,CompanyIntranet,main,TypeScript,true,Wakatime,Windows,Tiaan-Lenovo,codex-wakapi-history-import/1.0,2025-12-24 02:23:12.000,2026-05-04 03:43:07.957
Lelando1234,C:/Users/tiaan/My Drive/Tiaan/Personal/Documents & Other/Github/CompanyIntranet/src/contexts/AuthContext.tsx,file,coding,CompanyIntranet,main,TypeScript,true,Wakatime,Windows,Tiaan-Lenovo,codex-wakapi-history-import/1.0,2025-12-24 02:25:12.000,2026-05-04 03:43:07.957
Lelando1234,C:/Users/tiaan/My Drive/Tiaan/Personal/Documents & Other/Github/CompanyIntranet/src/contexts/AuthContext.tsx,file,coding,CompanyIntranet,main,TypeScript,true,Wakatime,Windows,Tiaan-Lenovo,codex-wakapi-history-import/1.0,2025-12-24 02:27:12.000,2026-05-04 03:43:07.957
Lelando1234,C:/Users/tiaan/My Drive/Tiaan/Personal/Documents & Other/Github/CompanyIntranet/src/contexts/AuthContext.tsx,file,coding,CompanyIntranet,main,TypeScript,true,Wakatime,Windows,Tiaan-Lenovo,codex-wakapi-history-import/1.0,2025-12-24 02:29:12.000,2026-05-04 03:43:07.957
Lelando1234,C:/Users/tiaan/My Drive/Tiaan/Personal/Documents & Other/Github/CompanyIntranet/src/contexts/AuthContext.tsx,file,coding,CompanyIntranet,main,TypeScript,true,Wakatime,Windows,Tiaan-Lenovo,codex-wakapi-history-import/1.0,2025-12-24 02:31:12.000,2026-05-04 03:43:07.957
Lelando1234,C:/Users/tiaan/My Drive/Tiaan/Personal/Documents & Other/Github/CompanyIntranet/package.json,file,coding,CompanyIntranet,main,JSON,true,Wakatime,Windows,Tiaan-Lenovo,codex-wakapi-history-import/1.0,2025-12-25 01:52:30.000,2026-05-04 03:43:07.957
Lelando1234,C:/Users/tiaan/My Drive/Tiaan/Personal/Documents & Other/Github/CompanyIntranet/package.json,file,coding,CompanyIntranet,main,JSON,true,Wakatime,Windows,Tiaan-Lenovo,codex-wakapi-history-import/1.0,2025-12-25 01:54:30.000,2026-05-04 03:43:07.957
Lelando1234,C:/Users/tiaan/My Drive/Tiaan/Personal/Documents & Other/Github/CompanyIntranet/package.json,file,coding,CompanyIntranet,main,JSON,true,Wakatime,Windows,Tiaan-Lenovo,codex-wakapi-history-import/1.0,2025-12-25 01:56:30.000,2026-05-04 03:43:07.957
Lelando1234,C:/Users/tiaan/My Drive/Tiaan/Personal/Documents & Other/Github/CompanyIntranet/package.json,file,coding,CompanyIntranet,main,JSON,true,Wakatime,Windows,Tiaan-Lenovo,codex-wakapi-history-import/1.0,2025-12-25 01:58:30.000,2026-05-04 03:43:07.957
Lelando1234,C:/Users/tiaan/My Drive/Tiaan/Personal/Documents & Other/Github/CompanyIntranet/package.json,file,coding,CompanyIntranet,main,JSON,true,Wakatime,Windows,Tiaan-Lenovo,codex-wakapi-history-import/1.0,2025-12-25 02:00:30.000,2026-05-04 03:43:07.957
Lelando1234,C:/Users/tiaan/My Drive/Tiaan/Personal/Documents & Other/Github/CompanyIntranet/package.json,file,coding,CompanyIntranet,main,JSON,true,Wakatime,Windows,Tiaan-Lenovo,codex-wakapi-history-import/1.0,2025-12-25 02:02:30.000,2026-05-04 03:43:07.957
Lelando1234,C:/Users/tiaan/My Drive/Tiaan/Personal/Documents & Other/Github/CompanyIntranet/package.json,file,coding,CompanyIntranet,main,JSON,true,Wakatime,Windows,Tiaan-Lenovo,codex-wakapi-history-import/1.0,2025-12-25 02:04:30.000,2026-05-04 03:43:07.957
Lelando1234,C:/Users/tiaan/My Drive/Tiaan/Personal/Documents & Other/Github/CompanyIntranet/package.json,file,coding,CompanyIntranet,main,JSON,true,Wakatime,Windows,Tiaan-Lenovo,codex-wakapi-history-import/1.0,2025-12-25 02:06:30.000,2026-05-04 03:43:07.957
Lelando1234,C:/Users/tiaan/My Drive/Tiaan/Personal/Documents & Other/Github/CompanyIntranet/package.json,file,coding,CompanyIntranet,main,JSON,true,Wakatime,Windows,Tiaan-Lenovo,codex-wakapi-history-import/1.0,2025-12-25 02:08:30.000,2026-05-04 03:43:07.957
Lelando1234,C:/Users/tiaan/My Drive/Tiaan/Personal/Documents & Other/Github/CompanyIntranet/package.json,file,coding,CompanyIntranet,main,JSON,true,Wakatime,Windows,Tiaan-Lenovo,codex-wakapi-history-import/1.0,2025-12-25 02:10:30.000,2026-05-04 03:43:07.957
Lelando1234,C:/Users/tiaan/My Drive/Tiaan/Personal/Documents & Other/Github/CompanyIntranet/package.json,file,coding,CompanyIntranet,main,JSON,true,Wakatime,Windows,Tiaan-Lenovo,codex-wakapi-history-import/1.0,2025-12-25 02:12:30.000,2026-05-04 03:43:07.957
Lelando1234,C:/Users/tiaan/My Drive/Tiaan/Personal/Documents & Other/Github/CompanyIntranet/package.json,file,coding,CompanyIntranet,main,JSON,true,Wakatime,Windows,Tiaan-Lenovo,codex-wakapi-history-import/1.0,2025-12-25 02:14:30.000,2026-05-04 03:43:07.957
Lelando1234,C:/Users/tiaan/My Drive/Tiaan/Personal/Documents & Other/Github/CompanyIntranet/package.json,file,coding,CompanyIntranet,main,JSON,true,Wakatime,Windows,Tiaan-Lenovo,codex-wakapi-history-import/1.0,2025-12-25 02:16:30.000,2026-05-04 03:43:07.957
Lelando1234,C:/Users/tiaan/My Drive/Tiaan/Personal/Documents & Other/Github/CompanyIntranet/backend/src/database/migrate.js,file,coding,CompanyIntranet,main,JavaScript,true,Wakatime,Windows,Tiaan-Lenovo,codex-wakapi-history-import/1.0,2025-12-25 02:18:30.000,2026-05-04 03:43:07.957
Lelando1234,C:/Users/tiaan/My Drive/Tiaan/Personal/Documents & Other/Github/CompanyIntranet/backend/src/database/migrate.js,file,coding,CompanyIntranet,main,JavaScript,true,Wakatime,Windows,Tiaan-Lenovo,codex-wakapi-history-import/1.0,2025-12-25 02:20:30.000,2026-05-04 03:43:07.957
Lelando1234,C:/Users/tiaan/My Drive/Tiaan/Personal/Documents & Other/Github/CompanyIntranet/backend/src/database/migrate.js,file,coding,CompanyIntranet,main,JavaScript,true,Wakatime,Windows,Tiaan-Lenovo,codex-wakapi-history-import/1.0,2025-12-25 02:22:30.000,2026-05-04 03:43:07.957
Lelando1234,C:/Users/tiaan/My Drive/Tiaan/Personal/Documents & Other/Github/CompanyIntranet/backend/src/database/migrate.js,file,coding,CompanyIntranet,main,JavaScript,true,Wakatime,Windows,Tiaan-Lenovo,codex-wakapi-history-import/1.0,2025-12-25 02:24:30.000,2026-05-04 03:43:07.957
Lelando1234,C:/Users/tiaan/My Drive/Tiaan/Personal/Documents & Other/Github/CompanyIntranet/backend/src/database/migrate.js,file,coding,CompanyIntranet,main,JavaScript,true,Wakatime,Windows,Tiaan-Lenovo,codex-wakapi-history-import/1.0,2025-12-25 02:26:30.000,2026-05-04 03:43:07.957
Lelando1234,C:/Users/tiaan/My Drive/Tiaan/Personal/Documents & Other/Github/CompanyIntranet/package.json,file,coding,CompanyIntranet,main,JSON,true,Wakatime,Windows,Tiaan-Lenovo,codex-wakapi-history-import/1.0,2025-12-26 14:03:00.000,2026-05-04 03:43:07.957
Lelando1234,C:/Users/tiaan/My Drive/Tiaan/Personal/Documents & Other/Github/CompanyIntranet/package.json,file,coding,CompanyIntranet,main,JSON,true,Wakatime,Windows,Tiaan-Lenovo,codex-wakapi-history-import/1.0,2025-12-26 14:05:00.000,2026-05-04 03:43:07.957
Lelando1234,C:/Users/tiaan/My Drive/Tiaan/Personal/Documents & Other/Github/CompanyIntranet/package.json,file,coding,CompanyIntranet,main,JSON,true,Wakatime,Windows,Tiaan-Lenovo,codex-wakapi-history-import/1.0,2025-12-26 14:07:00.000,2026-05-04 03:43:07.957
Lelando1234,C:/Users/tiaan/My Drive/Tiaan/Personal/Documents & Other/Github/CompanyIntranet/package.json,file,coding,CompanyIntranet,main,JSON,true,Wakatime,Windows,Tiaan-Lenovo,codex-wakapi-history-import/1.0,2025-12-26 14:09:00.000,2026-05-04 03:43:07.957
Lelando1234,C:/Users/tiaan/My Drive/Tiaan/Personal/Documents & Other/Github/CompanyIntranet/package.json,file,coding,CompanyIntranet,main,JSON,true,Wakatime,Windows,Tiaan-Lenovo,codex-wakapi-history-import/1.0,2025-12-26 14:11:00.000,2026-05-04 03:43:07.957
Lelando1234,C:/Users/tiaan/My Drive/Tiaan/Personal/Documents & Other/Github/CompanyIntranet/package.json,file,coding,CompanyIntranet,main,JSON,true,Wakatime,Windows,Tiaan-Lenovo,codex-wakapi-history-import/1.0,2025-12-26 14:13:00.000,2026-05-04 03:43:07.957
Lelando1234,C:/Users/tiaan/My Drive/Tiaan/Personal/Documents & Other/Github/CompanyIntranet/package.json,file,coding,CompanyIntranet,main,JSON,true,Wakatime,Windows,Tiaan-Lenovo,codex-wakapi-history-import/1.0,2025-12-26 14:15:00.000,2026-05-04 03:43:07.957
Lelando1234,C:/Users/tiaan/My Drive/Tiaan/Personal/Documents & Other/Github/CompanyIntranet/package.json,file,coding,CompanyIntranet,main,JSON,true,Wakatime,Windows,Tiaan-Lenovo,codex-wakapi-history-import/1.0,2025-12-26 14:17:00.000,2026-05-04 03:43:07.957
Lelando1234,C:/Users/tiaan/My Drive/Tiaan/Personal/Documents & Other/Github/CompanyIntranet/package.json,file,coding,CompanyIntranet,main,JSON,true,Wakatime,Windows,Tiaan-Lenovo,codex-wakapi-history-import/1.0,2025-12-26 14:19:00.000,2026-05-04 03:43:07.957
Lelando1234,C:/Users/tiaan/My Drive/Tiaan/Personal/Documents & Other/Github/CompanyIntranet/package.json,file,coding,CompanyIntranet,main,JSON,true,Wakatime,Windows,Tiaan-Lenovo,codex-wakapi-history-import/1.0,2025-12-26 14:21:00.000,2026-05-04 03:43:07.957
Lelando1234,C:/Users/tiaan/My Drive/Tiaan/Personal/Documents & Other/Github/CompanyIntranet/package.json,file,coding,CompanyIntranet,main,JSON,true,Wakatime,Windows,Tiaan-Lenovo,codex-wakapi-history-import/1.0,2025-12-26 14:23:00.000,2026-05-04 03:43:07.957
Lelando1234,C:/Users/tiaan/My Drive/Tiaan/Personal/Documents & Other/Github/CompanyIntranet/package.json,file,coding,CompanyIntranet,main,JSON,true,Wakatime,Windows,Tiaan-Lenovo,codex-wakapi-history-import/1.0,2025-12-26 14:25:00.000,2026-05-04 03:43:07.957
Lelando1234,C:/Users/tiaan/My Drive/Tiaan/Personal/Documents & Other/Github/CompanyIntranet/package.json,file,coding,CompanyIntranet,main,JSON,true,Wakatime,Windows,Tiaan-Lenovo,codex-wakapi-history-import/1.0,2025-12-26 14:27:00.000,2026-05-04 03:43:07.957
Lelando1234,C:/Users/tiaan/My Drive/Tiaan/Personal/Documents & Other/Github/CompanyIntranet/backend/src/database/migrate.js,file,coding,CompanyIntranet,main,JavaScript,true,Wakatime,Windows,Tiaan-Lenovo,codex-wakapi-history-import/1.0,2025-12-26 14:29:00.000,2026-05-04 03:43:07.957
Lelando1234,C:/Users/tiaan/My Drive/Tiaan/Personal/Documents & Other/Github/CompanyIntranet/backend/src/database/migrate.js,file,coding,CompanyIntranet,main,JavaScript,true,Wakatime,Windows,Tiaan-Lenovo,codex-wakapi-history-import/1.0,2025-12-26 14:31:00.000,2026-05-04 03:43:07.957
Lelando1234,C:/Users/tiaan/My Drive/Tiaan/Personal/Documents & Other/Github/CompanyIntranet/backend/src/database/migrate.js,file,coding,CompanyIntranet,main,JavaScript,true,Wakatime,Windows,Tiaan-Lenovo,codex-wakapi-history-import/1.0,2025-12-26 14:33:00.000,2026-05-04 03:43:07.957
Lelando1234,C:/Users/tiaan/My Drive/Tiaan/Personal/Documents & Other/Github/CompanyIntranet/backend/src/database/migrate.js,file,coding,CompanyIntranet,main,JavaScript,true,Wakatime,Windows,Tiaan-Lenovo,codex-wakapi-history-import/1.0,2025-12-26 14:35:00.000,2026-05-04 03:43:07.957
Lelando1234,C:/Users/tiaan/My Drive/Tiaan/Personal/Documents & Other/Github/CompanyIntranet/backend/src/database/migrate.js,file,coding,CompanyIntranet,main,JavaScript,true,Wakatime,Windows,Tiaan-Lenovo,codex-wakapi-history-import/1.0,2025-12-26 14:37:00.000,2026-05-04 03:43:07.957
Lelando1234,C:/Users/tiaan/My Drive/Tiaan/Personal/Documents & Other/Github/CompanyIntranet/backend/src/database/migrate.js,file,coding,CompanyIntranet,main,JavaScript,true,Wakatime,Windows,Tiaan-Lenovo,codex-wakapi-history-import/1.0,2025-12-26 14:39:00.000,2026-05-04 03:43:07.957
Lelando1234,C:/Users/tiaan/My Drive/Tiaan/Personal/Documents & Other/Github/CompanyIntranet/backend/src/database/migrate.js,file,coding,CompanyIntranet,main,JavaScript,true,Wakatime,Windows,Tiaan-Lenovo,codex-wakapi-history-import/1.0,2025-12-26 14:41:00.000,2026-05-04 03:43:07.957
Lelando1234,C:/Users/tiaan/My Drive/Tiaan/Personal/Documents & Other/Github/CompanyIntranet/backend/src/database/migrate.js,file,coding,CompanyIntranet,main,JavaScript,true,Wakatime,Windows,Tiaan-Lenovo,codex-wakapi-history-import/1.0,2025-12-26 14:43:00.000,2026-05-04 03:43:07.957
Lelando1234,C:/Users/tiaan/My Drive/Tiaan/Personal/Documents & Other/Github/CompanyIntranet/src/types/database.ts,file,coding,CompanyIntranet,main,TypeScript,true,Wakatime,Windows,Tiaan-Lenovo,codex-wakapi-history-import/1.0,2025-12-30 01:43:00.000,2026-05-04 03:43:07.957
Lelando1234,C:/Users/tiaan/My Drive/Tiaan/Personal/Documents & Other/Github/CompanyIntranet/src/types/database.ts,file,coding,CompanyIntranet,main,TypeScript,true,Wakatime,Windows,Tiaan-Lenovo,codex-wakapi-history-import/1.0,2025-12-30 01:45:00.000,2026-05-04 03:43:07.957
Lelando1234,C:/Users/tiaan/My Drive/Tiaan/Personal/Documents & Other/Github/CompanyIntranet/src/types/database.ts,file,coding,CompanyIntranet,main,TypeScript,true,Wakatime,Windows,Tiaan-Lenovo,codex-wakapi-history-import/1.0,2025-12-30 01:47:00.000,2026-05-04 03:43:07.957
Lelando1234,C:/Users/tiaan/My Drive/Tiaan/Personal/Documents & Other/Github/CompanyIntranet/src/types/database.ts,file,coding,CompanyIntranet,main,TypeScript,true,Wakatime,Windows,Tiaan-Lenovo,codex-wakapi-history-import/1.0,2025-12-30 01:49:00.000,2026-05-04 03:43:07.957
Lelando1234,C:/Users/tiaan/My Drive/Tiaan/Personal/Documents & Other/Github/CompanyIntranet/src/types/database.ts,file,coding,CompanyIntranet,main,TypeScript,true,Wakatime,Windows,Tiaan-Lenovo,codex-wakapi-history-import/1.0,2025-12-30 01:51:00.000,2026-05-04 03:43:07.957
Lelando1234,C:/Users/tiaan/My Drive/Tiaan/Personal/Documents & Other/Github/CompanyIntranet/src/types/database.ts,file,coding,CompanyIntranet,main,TypeScript,true,Wakatime,Windows,Tiaan-Lenovo,codex-wakapi-history-import/1.0,2025-12-30 01:53:00.000,2026-05-04 03:43:07.957
Lelando1234,C:/Users/tiaan/My Drive/Tiaan/Personal/Documents & Other/Github/CompanyIntranet/src/types/database.ts,file,coding,CompanyIntranet,main,TypeScript,true,Wakatime,Windows,Tiaan-Lenovo,codex-wakapi-history-import/1.0,2025-12-30 01:55:00.000,2026-05-04 03:43:07.957
Lelando1234,C:/Users/tiaan/My Drive/Tiaan/Personal/Documents & Other/Github/CompanyIntranet/src/types/database.ts,file,coding,CompanyIntranet,main,TypeScript,true,Wakatime,Windows,Tiaan-Lenovo,codex-wakapi-history-import/1.0,2025-12-30 01:57:00.000,2026-05-04 03:43:07.957
Lelando1234,C:/Users/tiaan/My Drive/Tiaan/Personal/Documents & Other/Github/CompanyIntranet/src/types/database.ts,file,coding,CompanyIntranet,main,TypeScript,true,Wakatime,Windows,Tiaan-Lenovo,codex-wakapi-history-import/1.0,2025-12-30 01:59:00.000,2026-05-04 03:43:07.957
Lelando1234,C:/Users/tiaan/My Drive/Tiaan/Personal/Documents & Other/Github/CompanyIntranet/src/types/database.ts,file,coding,CompanyIntranet,main,TypeScript,true,Wakatime,Windows,Tiaan-Lenovo,codex-wakapi-history-import/1.0,2025-12-30 02:01:00.000,2026-05-04 03:43:07.957
Lelando1234,C:/Users/tiaan/My Drive/Tiaan/Personal/Documents & Other/Github/CompanyIntranet/src/types/database.ts,file,coding,CompanyIntranet,main,TypeScript,true,Wakatime,Windows,Tiaan-Lenovo,codex-wakapi-history-import/1.0,2025-12-30 02:03:00.000,2026-05-04 03:43:07.957
Lelando1234,C:/Users/tiaan/My Drive/Tiaan/Personal/Documents & Other/Github/CompanyIntranet/src/types/database.ts,file,coding,CompanyIntranet,main,TypeScript,true,Wakatime,Windows,Tiaan-Lenovo,codex-wakapi-history-import/1.0,2025-12-30 02:05:00.000,2026-05-04 03:43:07.957
Lelando1234,C:/Users/tiaan/My Drive/Tiaan/Personal/Documents & Other/Github/CompanyIntranet/src/types/database.ts,file,coding,CompanyIntranet,main,TypeScript,true,Wakatime,Windows,Tiaan-Lenovo,codex-wakapi-history-import/1.0,2025-12-30 02:07:00.000,2026-05-04 03:43:07.957
Lelando1234,C:/Users/tiaan/My Drive/Tiaan/Personal/Documents & Other/Github/CompanyIntranet/src/components/home.tsx,file,coding,CompanyIntranet,main,TypeScript,true,Wakatime,Windows,Tiaan-Lenovo,codex-wakapi-history-import/1.0,2025-12-30 02:09:00.000,2026-05-04 03:43:07.957
Lelando1234,C:/Users/tiaan/My Drive/Tiaan/Personal/Documents & Other/Github/CompanyIntranet/src/components/home.tsx,file,coding,CompanyIntranet,main,TypeScript,true,Wakatime,Windows,Tiaan-Lenovo,codex-wakapi-history-import/1.0,2025-12-30 02:11:00.000,2026-05-04 03:43:07.957
Lelando1234,C:/Users/tiaan/My Drive/Tiaan/Personal/Documents & Other/Github/CompanyIntranet/src/components/home.tsx,file,coding,CompanyIntranet,main,TypeScript,true,Wakatime,Windows,Tiaan-Lenovo,codex-wakapi-history-import/1.0,2025-12-30 02:13:00.000,2026-05-04 03:43:07.957
Lelando1234,C:/Users/tiaan/My Drive/Tiaan/Personal/Documents & Other/Github/CompanyIntranet/src/components/home.tsx,file,coding,CompanyIntranet,main,TypeScript,true,Wakatime,Windows,Tiaan-Lenovo,codex-wakapi-history-import/1.0,2025-12-30 02:15:00.000,2026-05-04 03:43:07.957
Lelando1234,C:/Users/tiaan/My Drive/Tiaan/Personal/Documents & Other/Github/CompanyIntranet/src/components/home.tsx,file,coding,CompanyIntranet,main,TypeScript,true,Wakatime,Windows,Tiaan-Lenovo,codex-wakapi-history-import/1.0,2025-12-30 02:17:00.000,2026-05-04 03:43:07.957
Lelando1234,C:/Users/tiaan/My Drive/Tiaan/Personal/Documents & Other/Github/CompanyIntranet/backend/src/database/schema.sql,file,coding,CompanyIntranet,main,SQL,true,Wakatime,Windows,Tiaan-Lenovo,codex-wakapi-history-import/1.0,2025-12-31 01:59:00.000,2026-05-04 03:43:07.957
Lelando1234,C:/Users/tiaan/My Drive/Tiaan/Personal/Documents & Other/Github/CompanyIntranet/backend/src/database/schema.sql,file,coding,CompanyIntranet,main,SQL,true,Wakatime,Windows,Tiaan-Lenovo,codex-wakapi-history-import/1.0,2025-12-31 02:01:00.000,2026-05-04 03:43:07.957
Lelando1234,C:/Users/tiaan/My Drive/Tiaan/Personal/Documents & Other/Github/CompanyIntranet/backend/src/database/schema.sql,file,coding,CompanyIntranet,main,SQL,true,Wakatime,Windows,Tiaan-Lenovo,codex-wakapi-history-import/1.0,2025-12-31 02:03:00.000,2026-05-04 03:43:07.957
Lelando1234,C:/Users/tiaan/My Drive/Tiaan/Personal/Documents & Other/Github/CompanyIntranet/backend/src/database/schema.sql,file,coding,CompanyIntranet,main,SQL,true,Wakatime,Windows,Tiaan-Lenovo,codex-wakapi-history-import/1.0,2025-12-31 02:05:00.000,2026-05-04 03:43:07.957
Lelando1234,C:/Users/tiaan/My Drive/Tiaan/Personal/Documents & Other/Github/CompanyIntranet/backend/src/database/schema.sql,file,coding,CompanyIntranet,main,SQL,true,Wakatime,Windows,Tiaan-Lenovo,codex-wakapi-history-import/1.0,2025-12-31 02:07:00.000,2026-05-04 03:43:07.957
Lelando1234,C:/Users/tiaan/My Drive/Tiaan/Personal/Documents & Other/Github/CompanyIntranet/backend/src/database/schema.sql,file,coding,CompanyIntranet,main,SQL,true,Wakatime,Windows,Tiaan-Lenovo,codex-wakapi-history-import/1.0,2025-12-31 02:09:00.000,2026-05-04 03:43:07.957
Lelando1234,C:/Users/tiaan/My Drive/Tiaan/Personal/Documents & Other/Github/CompanyIntranet/backend/src/database/schema.sql,file,coding,CompanyIntranet,main,SQL,true,Wakatime,Windows,Tiaan-Lenovo,codex-wakapi-history-import/1.0,2025-12-31 02:11:00.000,2026-05-04 03:43:07.957
Lelando1234,C:/Users/tiaan/My Drive/Tiaan/Personal/Documents & Other/Github/CompanyIntranet/backend/src/database/schema.sql,file,coding,CompanyIntranet,main,SQL,true,Wakatime,Windows,Tiaan-Lenovo,codex-wakapi-history-import/1.0,2025-12-31 02:13:00.000,2026-05-04 03:43:07.957
Lelando1234,C:/Users/tiaan/My Drive/Tiaan/Personal/Documents & Other/Github/CompanyIntranet/backend/src/database/schema.sql,file,coding,CompanyIntranet,main,SQL,true,Wakatime,Windows,Tiaan-Lenovo,codex-wakapi-history-import/1.0,2025-12-31 02:15:00.000,2026-05-04 03:43:07.957
Lelando1234,C:/Users/tiaan/My Drive/Tiaan/Personal/Documents & Other/Github/CompanyIntranet/backend/src/database/schema.sql,file,coding,CompanyIntranet,main,SQL,true,Wakatime,Windows,Tiaan-Lenovo,codex-wakapi-history-import/1.0,2025-12-31 02:17:00.000,2026-05-04 03:43:07.957
Lelando1234,C:/Users/tiaan/My Drive/Tiaan/Personal/Documents & Other/Github/CompanyIntranet/backend/src/database/schema.sql,file,coding,CompanyIntranet,main,SQL,true,Wakatime,Windows,Tiaan-Lenovo,codex-wakapi-history-import/1.0,2025-12-31 02:19:00.000,2026-05-04 03:43:07.957
Lelando1234,C:/Users/tiaan/My Drive/Tiaan/Personal/Documents & Other/Github/CompanyIntranet/backend/src/database/schema.sql,file,coding,CompanyIntranet,main,SQL,true,Wakatime,Windows,Tiaan-Lenovo,codex-wakapi-history-import/1.0,2025-12-31 02:21:00.000,2026-05-04 03:43:07.957
Lelando1234,C:/Users/tiaan/My Drive/Tiaan/Personal/Documents & Other/Github/CompanyIntranet/backend/src/database/schema.sql,file,coding,CompanyIntranet,main,SQL,true,Wakatime,Windows,Tiaan-Lenovo,codex-wakapi-history-import/1.0,2025-12-31 02:23:00.000,2026-05-04 03:43:07.957
Lelando1234,C:/Users/tiaan/My Drive/Tiaan/Personal/Documents & Other/Github/CompanyIntranet/install.sh,file,coding,CompanyIntranet,main,Bash,true,Wakatime,Windows,Tiaan-Lenovo,codex-wakapi-history-import/1.0,2025-12-31 02:25:00.000,2026-05-04 03:43:07.957
Lelando1234,C:/Users/tiaan/My Drive/Tiaan/Personal/Documents & Other/Github/CompanyIntranet/install.sh,file,coding,CompanyIntranet,main,Bash,true,Wakatime,Windows,Tiaan-Lenovo,codex-wakapi-history-import/1.0,2025-12-31 02:27:00.000,2026-05-04 03:43:07.957
Lelando1234,C:/Users/tiaan/My Drive/Tiaan/Personal/Documents & Other/Github/CompanyIntranet/install.sh,file,coding,CompanyIntranet,main,Bash,true,Wakatime,Windows,Tiaan-Lenovo,codex-wakapi-history-import/1.0,2025-12-31 02:29:00.000,2026-05-04 03:43:07.957
Lelando1234,C:/Users/tiaan/My Drive/Tiaan/Personal/Documents & Other/Github/CompanyIntranet/install.sh,file,coding,CompanyIntranet,main,Bash,true,Wakatime,Windows,Tiaan-Lenovo,codex-wakapi-history-import/1.0,2025-12-31 02:31:00.000,2026-05-04 03:43:07.957
Lelando1234,C:/Users/tiaan/My Drive/Tiaan/Personal/Documents & Other/Github/CompanyIntranet/install.sh,file,coding,CompanyIntranet,main,Bash,true,Wakatime,Windows,Tiaan-Lenovo,codex-wakapi-history-import/1.0,2025-12-31 02:33:00.000,2026-05-04 03:43:07.957
Lelando1234,C:/Users/tiaan/My Drive/Tiaan/Personal/Documents & Other/Github/CompanyIntranet/install.sh,file,coding,CompanyIntranet,main,Bash,true,Wakatime,Windows,Tiaan-Lenovo,codex-wakapi-history-import/1.0,2025-12-31 02:35:00.000,2026-05-04 03:43:07.957
Lelando1234,C:/Users/tiaan/My Drive/Tiaan/Personal/Documents & Other/Github/CompanyIntranet/install.sh,file,coding,CompanyIntranet,main,Bash,true,Wakatime,Windows,Tiaan-Lenovo,codex-wakapi-history-import/1.0,2025-12-31 02:37:00.000,2026-05-04 03:43:07.957
Lelando1234,C:/Users/tiaan/My Drive/Tiaan/Personal/Documents & Other/Github/CompanyIntranet/install.sh,file,coding,CompanyIntranet,main,Bash,true,Wakatime,Windows,Tiaan-Lenovo,codex-wakapi-history-import/1.0,2025-12-31 02:39:00.000,2026-05-04 03:43:07.957
Lelando1234,C:/Users/tiaan/My Drive/Tiaan/Personal/Documents & Other/Github/CompanyIntranet/install.sh,file,coding,CompanyIntranet,main,Bash,true,Wakatime,Windows,Tiaan-Lenovo,codex-wakapi-history-import/1.0,2025-12-31 02:41:00.000,2026-05-04 03:43:07.957
Lelando1234,C:/Users/tiaan/My Drive/Tiaan/Personal/Documents & Other/Github/CompanyIntranet/install.sh,file,coding,CompanyIntranet,main,Bash,true,Wakatime,Windows,Tiaan-Lenovo,codex-wakapi-history-import/1.0,2025-12-31 12:59:00.000,2026-05-04 03:43:07.957
Lelando1234,C:/Users/tiaan/My Drive/Tiaan/Personal/Documents & Other/Github/CompanyIntranet/install.sh,file,coding,CompanyIntranet,main,Bash,true,Wakatime,Windows,Tiaan-Lenovo,codex-wakapi-history-import/1.0,2025-12-31 13:01:00.000,2026-05-04 03:43:07.957
Lelando1234,C:/Users/tiaan/My Drive/Tiaan/Personal/Documents & Other/Github/CompanyIntranet/install.sh,file,coding,CompanyIntranet,main,Bash,true,Wakatime,Windows,Tiaan-Lenovo,codex-wakapi-history-import/1.0,2025-12-31 13:03:00.000,2026-05-04 03:43:07.957
Lelando1234,C:/Users/tiaan/My Drive/Tiaan/Personal/Documents & Other/Github/CompanyIntranet/install.sh,file,coding,CompanyIntranet,main,Bash,true,Wakatime,Windows,Tiaan-Lenovo,codex-wakapi-history-import/1.0,2025-12-31 13:05:00.000,2026-05-04 03:43:07.957
Lelando1234,C:/Users/tiaan/My Drive/Tiaan/Personal/Documents & Other/Github/CompanyIntranet/install.sh,file,coding,CompanyIntranet,main,Bash,true,Wakatime,Windows,Tiaan-Lenovo,codex-wakapi-history-import/1.0,2025-12-31 13:07:00.000,2026-05-04 03:43:07.957
Lelando1234,C:/Users/tiaan/My Drive/Tiaan/Personal/Documents & Other/Github/CompanyIntranet/install.sh,file,coding,CompanyIntranet,main,Bash,true,Wakatime,Windows,Tiaan-Lenovo,codex-wakapi-history-import/1.0,2025-12-31 13:09:00.000,2026-05-04 03:43:07.957
Lelando1234,C:/Users/tiaan/My Drive/Tiaan/Personal/Documents & Other/Github/CompanyIntranet/install.sh,file,coding,CompanyIntranet,main,Bash,true,Wakatime,Windows,Tiaan-Lenovo,codex-wakapi-history-import/1.0,2025-12-31 13:11:00.000,2026-05-04 03:43:07.957
Lelando1234,C:/Users/tiaan/My Drive/Tiaan/Personal/Documents & Other/Github/CompanyIntranet/install.sh,file,coding,CompanyIntranet,main,Bash,true,Wakatime,Windows,Tiaan-Lenovo,codex-wakapi-history-import/1.0,2025-12-31 13:13:00.000,2026-05-04 03:43:07.957
Lelando1234,C:/Users/tiaan/My Drive/Tiaan/Personal/Documents & Other/Github/CompanyIntranet/install.sh,file,coding,CompanyIntranet,main,Bash,true,Wakatime,Windows,Tiaan-Lenovo,codex-wakapi-history-import/1.0,2025-12-31 13:15:00.000,2026-05-04 03:43:07.957
Lelando1234,C:/Users/tiaan/My Drive/Tiaan/Personal/Documents & Other/Github/CompanyIntranet/install.sh,file,coding,CompanyIntranet,main,Bash,true,Wakatime,Windows,Tiaan-Lenovo,codex-wakapi-history-import/1.0,2025-12-31 13:17:00.000,2026-05-04 03:43:07.957
Lelando1234,C:/Users/tiaan/My Drive/Tiaan/Personal/Documents & Other/Github/CompanyIntranet/install.sh,file,coding,CompanyIntranet,main,Bash,true,Wakatime,Windows,Tiaan-Lenovo,codex-wakapi-history-import/1.0,2025-12-31 13:19:00.000,2026-05-04 03:43:07.957
Lelando1234,C:/Users/tiaan/My Drive/Tiaan/Personal/Documents & Other/Github/CompanyIntranet/install.sh,file,coding,CompanyIntranet,main,Bash,true,Wakatime,Windows,Tiaan-Lenovo,codex-wakapi-history-import/1.0,2025-12-31 13:21:00.000,2026-05-04 03:43:07.957
Lelando1234,C:/Users/tiaan/My Drive/Tiaan/Personal/Documents & Other/Github/CompanyIntranet/install.sh,file,coding,CompanyIntranet,main,Bash,true,Wakatime,Windows,Tiaan-Lenovo,codex-wakapi-history-import/1.0,2025-12-31 13:23:00.000,2026-05-04 03:43:07.957
Lelando1234,C:/Users/tiaan/My Drive/Tiaan/Personal/Documents & Other/Github/CompanyIntranet/src/App.tsx,file,coding,CompanyIntranet,main,TypeScript,true,Wakatime,Windows,Tiaan-Lenovo,codex-wakapi-history-import/1.0,2025-12-31 13:25:00.000,2026-05-04 03:43:07.957
Lelando1234,C:/Users/tiaan/My Drive/Tiaan/Personal/Documents & Other/Github/CompanyIntranet/src/App.tsx,file,coding,CompanyIntranet,main,TypeScript,true,Wakatime,Windows,Tiaan-Lenovo,codex-wakapi-history-import/1.0,2025-12-31 13:27:00.000,2026-05-04 03:43:07.957
Lelando1234,C:/Users/tiaan/My Drive/Tiaan/Personal/Documents & Other/Github/CompanyIntranet/src/App.tsx,file,coding,CompanyIntranet,main,TypeScript,true,Wakatime,Windows,Tiaan-Lenovo,codex-wakapi-history-import/1.0,2025-12-31 13:29:00.000,2026-05-04 03:43:07.957
Lelando1234,C:/Users/tiaan/My Drive/Tiaan/Personal/Documents & Other/Github/CompanyIntranet/src/App.tsx,file,coding,CompanyIntranet,main,TypeScript,true,Wakatime,Windows,Tiaan-Lenovo,codex-wakapi-history-import/1.0,2025-12-31 13:31:00.000,2026-05-04 03:43:07.957
Lelando1234,C:/Users/tiaan/My Drive/Tiaan/Personal/Documents & Other/Github/CompanyIntranet/src/App.tsx,file,coding,CompanyIntranet,main,TypeScript,true,Wakatime,Windows,Tiaan-Lenovo,codex-wakapi-history-import/1.0,2025-12-31 13:33:00.000,2026-05-04 03:43:07.957
Lelando1234,C:/Users/tiaan/My Drive/Tiaan/Personal/Documents & Other/Github/CompanyIntranet/src/App.tsx,file,coding,CompanyIntranet,main,TypeScript,true,Wakatime,Windows,Tiaan-Lenovo,codex-wakapi-history-import/1.0,2025-12-31 13:35:00.000,2026-05-04 03:43:07.957
Lelando1234,C:/Users/tiaan/My Drive/Tiaan/Personal/Documents & Other/Github/CompanyIntranet/src/App.tsx,file,coding,CompanyIntranet,main,TypeScript,true,Wakatime,Windows,Tiaan-Lenovo,codex-wakapi-history-import/1.0,2025-12-31 13:37:00.000,2026-05-04 03:43:07.957
Lelando1234,C:/Users/tiaan/My Drive/Tiaan/Personal/Documents & Other/Github/CompanyIntranet/src/App.tsx,file,coding,CompanyIntranet,main,TypeScript,true,Wakatime,Windows,Tiaan-Lenovo,codex-wakapi-history-import/1.0,2025-12-31 13:39:00.000,2026-05-04 03:43:07.957
Lelando1234,C:/Users/tiaan/My Drive/Tiaan/Personal/Documents & Other/Github/CompanyIntranet/src/App.tsx,file,coding,CompanyIntranet,main,TypeScript,true,Wakatime,Windows,Tiaan-Lenovo,codex-wakapi-history-import/1.0,2025-12-31 13:41:00.000,2026-05-04 03:43:07.957
Lelando1234,C:/Users/tiaan/My Drive/Tiaan/Personal/Documents & Other/Github/CompanyIntranet/src/App.tsx,file,coding,CompanyIntranet,main,TypeScript,true,Wakatime,Windows,Tiaan-Lenovo,codex-wakapi-history-import/1.0,2025-12-31 13:43:00.000,2026-05-04 03:43:07.957
Lelando1234,C:/Users/tiaan/My Drive/Tiaan/Personal/Documents & Other/Github/CompanyIntranet/src/App.tsx,file,coding,CompanyIntranet,main,TypeScript,true,Wakatime,Windows,Tiaan-Lenovo,codex-wakapi-history-import/1.0,2025-12-31 13:45:00.000,2026-05-04 03:43:07.957
Lelando1234,C:/Users/tiaan/My Drive/Tiaan/Personal/Documents & Other/Github/CompanyIntranet/src/App.tsx,file,coding,CompanyIntranet,main,TypeScript,true,Wakatime,Windows,Tiaan-Lenovo,codex-wakapi-history-import/1.0,2025-12-31 13:47:00.000,2026-05-04 03:43:07.957
Lelando1234,C:/Users/tiaan/My Drive/Tiaan/Personal/Documents & Other/Github/CompanyIntranet/src/components/home.tsx,file,coding,CompanyIntranet,main,TypeScript,true,Wakatime,Windows,Tiaan-Lenovo,codex-wakapi-history-import/1.0,2025-12-31 13:49:00.000,2026-05-04 03:43:07.957
Lelando1234,C:/Users/tiaan/My Drive/Tiaan/Personal/Documents & Other/Github/CompanyIntranet/src/components/home.tsx,file,coding,CompanyIntranet,main,TypeScript,true,Wakatime,Windows,Tiaan-Lenovo,codex-wakapi-history-import/1.0,2025-12-31 13:51:00.000,2026-05-04 03:43:07.957
Lelando1234,C:/Users/tiaan/My Drive/Tiaan/Personal/Documents & Other/Github/CompanyIntranet/src/components/home.tsx,file,coding,CompanyIntranet,main,TypeScript,true,Wakatime,Windows,Tiaan-Lenovo,codex-wakapi-history-import/1.0,2025-12-31 13:53:00.000,2026-05-04 03:43:07.957
Lelando1234,C:/Users/tiaan/My Drive/Tiaan/Personal/Documents & Other/Github/CompanyIntranet/backend/src/routes/articles.js,file,coding,CompanyIntranet,main,JavaScript,true,Wakatime,Windows,Tiaan-Lenovo,codex-wakapi-history-import/1.0,2026-01-06 01:36:18.000,2026-05-04 03:43:07.957
Lelando1234,C:/Users/tiaan/My Drive/Tiaan/Personal/Documents & Other/Github/CompanyIntranet/backend/src/routes/articles.js,file,coding,CompanyIntranet,main,JavaScript,true,Wakatime,Windows,Tiaan-Lenovo,codex-wakapi-history-import/1.0,2026-01-06 01:38:18.000,2026-05-04 03:43:07.957
Lelando1234,C:/Users/tiaan/My Drive/Tiaan/Personal/Documents & Other/Github/CompanyIntranet/backend/src/routes/articles.js,file,coding,CompanyIntranet,main,JavaScript,true,Wakatime,Windows,Tiaan-Lenovo,codex-wakapi-history-import/1.0,2026-01-06 01:40:18.000,2026-05-04 03:43:07.957
Lelando1234,C:/Users/tiaan/My Drive/Tiaan/Personal/Documents & Other/Github/CompanyIntranet/backend/src/routes/articles.js,file,coding,CompanyIntranet,main,JavaScript,true,Wakatime,Windows,Tiaan-Lenovo,codex-wakapi-history-import/1.0,2026-01-06 01:42:18.000,2026-05-04 03:43:07.957
Lelando1234,C:/Users/tiaan/My Drive/Tiaan/Personal/Documents & Other/Github/CompanyIntranet/backend/src/routes/articles.js,file,coding,CompanyIntranet,main,JavaScript,true,Wakatime,Windows,Tiaan-Lenovo,codex-wakapi-history-import/1.0,2026-01-06 01:44:18.000,2026-05-04 03:43:07.957
Lelando1234,C:/Users/tiaan/My Drive/Tiaan/Personal/Documents & Other/Github/CompanyIntranet/backend/src/routes/articles.js,file,coding,CompanyIntranet,main,JavaScript,true,Wakatime,Windows,Tiaan-Lenovo,codex-wakapi-history-import/1.0,2026-01-06 01:46:18.000,2026-05-04 03:43:07.957
Lelando1234,C:/Users/tiaan/My Drive/Tiaan/Personal/Documents & Other/Github/CompanyIntranet/backend/src/routes/articles.js,file,coding,CompanyIntranet,main,JavaScript,true,Wakatime,Windows,Tiaan-Lenovo,codex-wakapi-history-import/1.0,2026-01-06 01:48:18.000,2026-05-04 03:43:07.957
Lelando1234,C:/Users/tiaan/My Drive/Tiaan/Personal/Documents & Other/Github/CompanyIntranet/backend/src/routes/articles.js,file,coding,CompanyIntranet,main,JavaScript,true,Wakatime,Windows,Tiaan-Lenovo,codex-wakapi-history-import/1.0,2026-01-06 01:50:18.000,2026-05-04 03:43:07.957
Lelando1234,C:/Users/tiaan/My Drive/Tiaan/Personal/Documents & Other/Github/CompanyIntranet/backend/src/routes/articles.js,file,coding,CompanyIntranet,main,JavaScript,true,Wakatime,Windows,Tiaan-Lenovo,codex-wakapi-history-import/1.0,2026-01-06 01:52:18.000,2026-05-04 03:43:07.957
Lelando1234,C:/Users/tiaan/My Drive/Tiaan/Personal/Documents & Other/Github/CompanyIntranet/backend/src/routes/articles.js,file,coding,CompanyIntranet,main,JavaScript,true,Wakatime,Windows,Tiaan-Lenovo,codex-wakapi-history-import/1.0,2026-01-06 01:54:18.000,2026-05-04 03:43:07.957
Lelando1234,C:/Users/tiaan/My Drive/Tiaan/Personal/Documents & Other/Github/CompanyIntranet/backend/src/routes/articles.js,file,coding,CompanyIntranet,main,JavaScript,true,Wakatime,Windows,Tiaan-Lenovo,codex-wakapi-history-import/1.0,2026-01-06 01:56:18.000,2026-05-04 03:43:07.957
Lelando1234,C:/Users/tiaan/My Drive/Tiaan/Personal/Documents & Other/Github/CompanyIntranet/backend/src/routes/articles.js,file,coding,CompanyIntranet,main,JavaScript,true,Wakatime,Windows,Tiaan-Lenovo,codex-wakapi-history-import/1.0,2026-01-06 01:58:18.000,2026-05-04 03:43:07.957
Lelando1234,C:/Users/tiaan/My Drive/Tiaan/Personal/Documents & Other/Github/CompanyIntranet/backend/src/routes/articles.js,file,coding,CompanyIntranet,main,JavaScript,true,Wakatime,Windows,Tiaan-Lenovo,codex-wakapi-history-import/1.0,2026-01-06 02:00:18.000,2026-05-04 03:43:07.957
Lelando1234,C:/Users/tiaan/My Drive/Tiaan/Personal/Documents & Other/Github/CompanyIntranet/src/components/SideNavigation.tsx,file,coding,CompanyIntranet,main,TypeScript,true,Wakatime,Windows,Tiaan-Lenovo,codex-wakapi-history-import/1.0,2026-01-06 02:02:18.000,2026-05-04 03:43:07.957
Lelando1234,C:/Users/tiaan/My Drive/Tiaan/Personal/Documents & Other/Github/CompanyIntranet/src/components/SideNavigation.tsx,file,coding,CompanyIntranet,main,TypeScript,true,Wakatime,Windows,Tiaan-Lenovo,codex-wakapi-history-import/1.0,2026-01-06 02:04:18.000,2026-05-04 03:43:07.957
Lelando1234,C:/Users/tiaan/My Drive/Tiaan/Personal/Documents & Other/Github/CompanyIntranet/src/components/SideNavigation.tsx,file,coding,CompanyIntranet,main,TypeScript,true,Wakatime,Windows,Tiaan-Lenovo,codex-wakapi-history-import/1.0,2026-01-06 02:06:18.000,2026-05-04 03:43:07.957
Lelando1234,C:/Users/tiaan/My Drive/Tiaan/Personal/Documents & Other/Github/CompanyIntranet/src/components/SideNavigation.tsx,file,coding,CompanyIntranet,main,TypeScript,true,Wakatime,Windows,Tiaan-Lenovo,codex-wakapi-history-import/1.0,2026-01-06 02:08:18.000,2026-05-04 03:43:07.957
Lelando1234,C:/Users/tiaan/My Drive/Tiaan/Personal/Documents & Other/Github/CompanyIntranet/src/components/SideNavigation.tsx,file,coding,CompanyIntranet,main,TypeScript,true,Wakatime,Windows,Tiaan-Lenovo,codex-wakapi-history-import/1.0,2026-01-06 02:10:18.000,2026-05-04 03:43:07.957
Lelando1234,C:/Users/tiaan/My Drive/Tiaan/Personal/Documents & Other/Github/CompanyIntranet/src/components/SideNavigation.tsx,file,coding,CompanyIntranet,main,TypeScript,true,Wakatime,Windows,Tiaan-Lenovo,codex-wakapi-history-import/1.0,2026-01-06 02:12:18.000,2026-05-04 03:43:07.957
Lelando1234,C:/Users/tiaan/My Drive/Tiaan/Personal/Documents & Other/Github/CompanyIntranet/src/components/SideNavigation.tsx,file,coding,CompanyIntranet,main,TypeScript,true,Wakatime,Windows,Tiaan-Lenovo,codex-wakapi-history-import/1.0,2026-01-06 02:14:18.000,2026-05-04 03:43:07.957
Lelando1234,C:/Users/tiaan/My Drive/Tiaan/Personal/Documents & Other/Github/CompanyIntranet/src/components/SideNavigation.tsx,file,coding,CompanyIntranet,main,TypeScript,true,Wakatime,Windows,Tiaan-Lenovo,codex-wakapi-history-import/1.0,2026-01-06 02:16:18.000,2026-05-04 03:43:07.957
Lelando1234,C:/Users/tiaan/My Drive/Tiaan/Personal/Documents & Other/Github/CompanyIntranet/src/components/SideNavigation.tsx,file,coding,CompanyIntranet,main,TypeScript,true,Wakatime,Windows,Tiaan-Lenovo,codex-wakapi-history-import/1.0,2026-01-06 02:18:18.000,2026-05-04 03:43:07.957
Lelando1234,C:/Users/tiaan/My Drive/Tiaan/Personal/Documents & Other/Github/CompanyIntranet/src/components/SideNavigation.tsx,file,coding,CompanyIntranet,main,TypeScript,true,Wakatime,Windows,Tiaan-Lenovo,codex-wakapi-history-import/1.0,2026-01-06 02:20:18.000,2026-05-04 03:43:07.957
Lelando1234,C:/Users/tiaan/My Drive/Tiaan/Personal/Documents & Other/Github/CompanyIntranet/src/components/SideNavigation.tsx,file,coding,CompanyIntranet,main,TypeScript,true,Wakatime,Windows,Tiaan-Lenovo,codex-wakapi-history-import/1.0,2026-01-06 02:22:18.000,2026-05-04 03:43:07.957
Lelando1234,C:/Users/tiaan/My Drive/Tiaan/Personal/Documents & Other/Github/CompanyIntranet/src/components/SideNavigation.tsx,file,coding,CompanyIntranet,main,TypeScript,true,Wakatime,Windows,Tiaan-Lenovo,codex-wakapi-history-import/1.0,2026-01-06 02:24:18.000,2026-05-04 03:43:07.957
Lelando1234,C:/Users/tiaan/My Drive/Tiaan/Personal/Documents & Other/Github/CompanyIntranet/src/components/home.tsx,file,coding,CompanyIntranet,main,TypeScript,true,Wakatime,Windows,Tiaan-Lenovo,codex-wakapi-history-import/1.0,2026-01-07 12:28:20.000,2026-05-04 03:43:07.957
Lelando1234,C:/Users/tiaan/My Drive/Tiaan/Personal/Documents & Other/Github/CompanyIntranet/src/components/home.tsx,file,coding,CompanyIntranet,main,TypeScript,true,Wakatime,Windows,Tiaan-Lenovo,codex-wakapi-history-import/1.0,2026-01-07 12:30:20.000,2026-05-04 03:43:07.957
Lelando1234,C:/Users/tiaan/My Drive/Tiaan/Personal/Documents & Other/Github/CompanyIntranet/src/components/home.tsx,file,coding,CompanyIntranet,main,TypeScript,true,Wakatime,Windows,Tiaan-Lenovo,codex-wakapi-history-import/1.0,2026-01-07 12:32:20.000,2026-05-04 03:43:07.957
Lelando1234,C:/Users/tiaan/My Drive/Tiaan/Personal/Documents & Other/Github/CompanyIntranet/src/components/home.tsx,file,coding,CompanyIntranet,main,TypeScript,true,Wakatime,Windows,Tiaan-Lenovo,codex-wakapi-history-import/1.0,2026-01-07 12:34:20.000,2026-05-04 03:43:07.957
Lelando1234,C:/Users/tiaan/My Drive/Tiaan/Personal/Documents & Other/Github/CompanyIntranet/src/components/home.tsx,file,coding,CompanyIntranet,main,TypeScript,true,Wakatime,Windows,Tiaan-Lenovo,codex-wakapi-history-import/1.0,2026-01-07 12:36:20.000,2026-05-04 03:43:07.957
Lelando1234,C:/Users/tiaan/My Drive/Tiaan/Personal/Documents & Other/Github/CompanyIntranet/src/components/home.tsx,file,coding,CompanyIntranet,main,TypeScript,true,Wakatime,Windows,Tiaan-Lenovo,codex-wakapi-history-import/1.0,2026-01-07 12:38:20.000,2026-05-04 03:43:07.957
Lelando1234,C:/Users/tiaan/My Drive/Tiaan/Personal/Documents & Other/Github/CompanyIntranet/src/components/home.tsx,file,coding,CompanyIntranet,main,TypeScript,true,Wakatime,Windows,Tiaan-Lenovo,codex-wakapi-history-import/1.0,2026-01-07 12:40:20.000,2026-05-04 03:43:07.957
Lelando1234,C:/Users/tiaan/My Drive/Tiaan/Personal/Documents & Other/Github/CompanyIntranet/src/components/home.tsx,file,coding,CompanyIntranet,main,TypeScript,true,Wakatime,Windows,Tiaan-Lenovo,codex-wakapi-history-import/1.0,2026-01-07 12:42:20.000,2026-05-04 03:43:07.957
Lelando1234,C:/Users/tiaan/My Drive/Tiaan/Personal/Documents & Other/Github/CompanyIntranet/src/components/home.tsx,file,coding,CompanyIntranet,main,TypeScript,true,Wakatime,Windows,Tiaan-Lenovo,codex-wakapi-history-import/1.0,2026-01-07 12:44:20.000,2026-05-04 03:43:07.957
Lelando1234,C:/Users/tiaan/My Drive/Tiaan/Personal/Documents & Other/Github/CompanyIntranet/src/components/home.tsx,file,coding,CompanyIntranet,main,TypeScript,true,Wakatime,Windows,Tiaan-Lenovo,codex-wakapi-history-import/1.0,2026-01-07 12:46:20.000,2026-05-04 03:43:07.957
Lelando1234,C:/Users/tiaan/My Drive/Tiaan/Personal/Documents & Other/Github/CompanyIntranet/src/components/home.tsx,file,coding,CompanyIntranet,main,TypeScript,true,Wakatime,Windows,Tiaan-Lenovo,codex-wakapi-history-import/1.0,2026-01-07 12:48:20.000,2026-05-04 03:43:07.957
Lelando1234,C:/Users/tiaan/My Drive/Tiaan/Personal/Documents & Other/Github/CompanyIntranet/src/components/home.tsx,file,coding,CompanyIntranet,main,TypeScript,true,Wakatime,Windows,Tiaan-Lenovo,codex-wakapi-history-import/1.0,2026-01-07 12:50:20.000,2026-05-04 03:43:07.957
Lelando1234,C:/Users/tiaan/My Drive/Tiaan/Personal/Documents & Other/Github/CompanyIntranet/src/components/home.tsx,file,coding,CompanyIntranet,main,TypeScript,true,Wakatime,Windows,Tiaan-Lenovo,codex-wakapi-history-import/1.0,2026-01-07 12:52:20.000,2026-05-04 03:43:07.957
Lelando1234,C:/Users/tiaan/My Drive/Tiaan/Personal/Documents & Other/Github/CompanyIntranet/backend/src/index.js,file,coding,CompanyIntranet,main,JavaScript,true,Wakatime,Windows,Tiaan-Lenovo,codex-wakapi-history-import/1.0,2026-01-07 12:54:20.000,2026-05-04 03:43:07.957
Lelando1234,C:/Users/tiaan/My Drive/Tiaan/Personal/Documents & Other/Github/CompanyIntranet/backend/src/index.js,file,coding,CompanyIntranet,main,JavaScript,true,Wakatime,Windows,Tiaan-Lenovo,codex-wakapi-history-import/1.0,2026-01-07 12:56:20.000,2026-05-04 03:43:07.957
Lelando1234,C:/Users/tiaan/My Drive/Tiaan/Personal/Documents & Other/Github/CompanyIntranet/backend/src/index.js,file,coding,CompanyIntranet,main,JavaScript,true,Wakatime,Windows,Tiaan-Lenovo,codex-wakapi-history-import/1.0,2026-01-07 12:58:20.000,2026-05-04 03:43:07.957
Lelando1234,C:/Users/tiaan/My Drive/Tiaan/Personal/Documents & Other/Github/CompanyIntranet/backend/src/index.js,file,coding,CompanyIntranet,main,JavaScript,true,Wakatime,Windows,Tiaan-Lenovo,codex-wakapi-history-import/1.0,2026-01-07 13:00:20.000,2026-05-04 03:43:07.957
Lelando1234,C:/Users/tiaan/My Drive/Tiaan/Personal/Documents & Other/Github/CompanyIntranet/backend/src/index.js,file,coding,CompanyIntranet,main,JavaScript,true,Wakatime,Windows,Tiaan-Lenovo,codex-wakapi-history-import/1.0,2026-01-07 13:02:20.000,2026-05-04 03:43:07.957
Lelando1234,C:/Users/tiaan/My Drive/Tiaan/Personal/Documents & Other/Github/CompanyIntranet/backend/src/index.js,file,coding,CompanyIntranet,main,JavaScript,true,Wakatime,Windows,Tiaan-Lenovo,codex-wakapi-history-import/1.0,2026-01-07 13:04:20.000,2026-05-04 03:43:07.957
Lelando1234,C:/Users/tiaan/My Drive/Tiaan/Personal/Documents & Other/Github/CompanyIntranet/backend/src/index.js,file,coding,CompanyIntranet,main,JavaScript,true,Wakatime,Windows,Tiaan-Lenovo,codex-wakapi-history-import/1.0,2026-01-07 13:06:20.000,2026-05-04 03:43:07.957
Lelando1234,C:/Users/tiaan/My Drive/Tiaan/Personal/Documents & Other/Github/CompanyIntranet/backend/src/index.js,file,coding,CompanyIntranet,main,JavaScript,true,Wakatime,Windows,Tiaan-Lenovo,codex-wakapi-history-import/1.0,2026-01-07 13:08:20.000,2026-05-04 03:43:07.957
Lelando1234,C:/Users/tiaan/My Drive/Tiaan/Personal/Documents & Other/Github/CompanyIntranet/src/components/SideNavigation.tsx,file,coding,CompanyIntranet,main,TypeScript,true,Wakatime,Windows,Tiaan-Lenovo,codex-wakapi-history-import/1.0,2026-01-09 01:01:12.000,2026-05-04 03:43:07.957
Lelando1234,C:/Users/tiaan/My Drive/Tiaan/Personal/Documents & Other/Github/CompanyIntranet/src/components/SideNavigation.tsx,file,coding,CompanyIntranet,main,TypeScript,true,Wakatime,Windows,Tiaan-Lenovo,codex-wakapi-history-import/1.0,2026-01-09 01:03:12.000,2026-05-04 03:43:07.957
Lelando1234,C:/Users/tiaan/My Drive/Tiaan/Personal/Documents & Other/Github/CompanyIntranet/src/components/SideNavigation.tsx,file,coding,CompanyIntranet,main,TypeScript,true,Wakatime,Windows,Tiaan-Lenovo,codex-wakapi-history-import/1.0,2026-01-09 01:05:12.000,2026-05-04 03:43:07.957
Lelando1234,C:/Users/tiaan/My Drive/Tiaan/Personal/Documents & Other/Github/CompanyIntranet/src/components/SideNavigation.tsx,file,coding,CompanyIntranet,main,TypeScript,true,Wakatime,Windows,Tiaan-Lenovo,codex-wakapi-history-import/1.0,2026-01-09 01:07:12.000,2026-05-04 03:43:07.957
Lelando1234,C:/Users/tiaan/My Drive/Tiaan/Personal/Documents & Other/Github/CompanyIntranet/src/components/SideNavigation.tsx,file,coding,CompanyIntranet,main,TypeScript,true,Wakatime,Windows,Tiaan-Lenovo,codex-wakapi-history-import/1.0,2026-01-09 01:09:12.000,2026-05-04 03:43:07.957
Lelando1234,C:/Users/tiaan/My Drive/Tiaan/Personal/Documents & Other/Github/CompanyIntranet/src/components/SideNavigation.tsx,file,coding,CompanyIntranet,main,TypeScript,true,Wakatime,Windows,Tiaan-Lenovo,codex-wakapi-history-import/1.0,2026-01-09 01:11:12.000,2026-05-04 03:43:07.957
Lelando1234,C:/Users/tiaan/My Drive/Tiaan/Personal/Documents & Other/Github/CompanyIntranet/src/components/SideNavigation.tsx,file,coding,CompanyIntranet,main,TypeScript,true,Wakatime,Windows,Tiaan-Lenovo,codex-wakapi-history-import/1.0,2026-01-09 01:13:12.000,2026-05-04 03:43:07.957
Lelando1234,C:/Users/tiaan/My Drive/Tiaan/Personal/Documents & Other/Github/CompanyIntranet/src/components/SideNavigation.tsx,file,coding,CompanyIntranet,main,TypeScript,true,Wakatime,Windows,Tiaan-Lenovo,codex-wakapi-history-import/1.0,2026-01-09 01:15:12.000,2026-05-04 03:43:07.957
Lelando1234,C:/Users/tiaan/My Drive/Tiaan/Personal/Documents & Other/Github/CompanyIntranet/src/components/SideNavigation.tsx,file,coding,CompanyIntranet,main,TypeScript,true,Wakatime,Windows,Tiaan-Lenovo,codex-wakapi-history-import/1.0,2026-01-09 01:17:12.000,2026-05-04 03:43:07.957
Lelando1234,C:/Users/tiaan/My Drive/Tiaan/Personal/Documents & Other/Github/CompanyIntranet/src/components/SideNavigation.tsx,file,coding,CompanyIntranet,main,TypeScript,true,Wakatime,Windows,Tiaan-Lenovo,codex-wakapi-history-import/1.0,2026-01-09 01:19:12.000,2026-05-04 03:43:07.957
Lelando1234,C:/Users/tiaan/My Drive/Tiaan/Personal/Documents & Other/Github/CompanyIntranet/src/components/SideNavigation.tsx,file,coding,CompanyIntranet,main,TypeScript,true,Wakatime,Windows,Tiaan-Lenovo,codex-wakapi-history-import/1.0,2026-01-09 01:21:12.000,2026-05-04 03:43:07.957
Lelando1234,C:/Users/tiaan/My Drive/Tiaan/Personal/Documents & Other/Github/CompanyIntranet/src/components/SideNavigation.tsx,file,coding,CompanyIntranet,main,TypeScript,true,Wakatime,Windows,Tiaan-Lenovo,codex-wakapi-history-import/1.0,2026-01-09 01:23:12.000,2026-05-04 03:43:07.957
Lelando1234,C:/Users/tiaan/My Drive/Tiaan/Personal/Documents & Other/Github/CompanyIntranet/src/components/SideNavigation.tsx,file,coding,CompanyIntranet,main,TypeScript,true,Wakatime,Windows,Tiaan-Lenovo,codex-wakapi-history-import/1.0,2026-01-09 01:25:12.000,2026-05-04 03:43:07.957
Lelando1234,C:/Users/tiaan/My Drive/Tiaan/Personal/Documents & Other/Github/CompanyIntranet/src/contexts/AuthContext.tsx,file,coding,CompanyIntranet,main,TypeScript,true,Wakatime,Windows,Tiaan-Lenovo,codex-wakapi-history-import/1.0,2026-01-09 01:27:12.000,2026-05-04 03:43:07.957
Lelando1234,C:/Users/tiaan/My Drive/Tiaan/Personal/Documents & Other/Github/CompanyIntranet/src/contexts/AuthContext.tsx,file,coding,CompanyIntranet,main,TypeScript,true,Wakatime,Windows,Tiaan-Lenovo,codex-wakapi-history-import/1.0,2026-01-09 01:29:12.000,2026-05-04 03:43:07.957
Lelando1234,C:/Users/tiaan/My Drive/Tiaan/Personal/Documents & Other/Github/CompanyIntranet/src/contexts/AuthContext.tsx,file,coding,CompanyIntranet,main,TypeScript,true,Wakatime,Windows,Tiaan-Lenovo,codex-wakapi-history-import/1.0,2026-01-09 01:31:12.000,2026-05-04 03:43:07.957
Lelando1234,C:/Users/tiaan/My Drive/Tiaan/Personal/Documents & Other/Github/CompanyIntranet/src/contexts/AuthContext.tsx,file,coding,CompanyIntranet,main,TypeScript,true,Wakatime,Windows,Tiaan-Lenovo,codex-wakapi-history-import/1.0,2026-01-09 01:33:12.000,2026-05-04 03:43:07.957
Lelando1234,C:/Users/tiaan/My Drive/Tiaan/Personal/Documents & Other/Github/CompanyIntranet/src/contexts/AuthContext.tsx,file,coding,CompanyIntranet,main,TypeScript,true,Wakatime,Windows,Tiaan-Lenovo,codex-wakapi-history-import/1.0,2026-01-09 01:35:12.000,2026-05-04 03:43:07.957
Lelando1234,C:/Users/tiaan/My Drive/Tiaan/Personal/Documents & Other/Github/CompanyIntranet/src/contexts/AuthContext.tsx,file,coding,CompanyIntranet,main,TypeScript,true,Wakatime,Windows,Tiaan-Lenovo,codex-wakapi-history-import/1.0,2026-01-09 01:37:12.000,2026-05-04 03:43:07.957
Lelando1234,C:/Users/tiaan/My Drive/Tiaan/Personal/Documents & Other/Github/CompanyIntranet/src/contexts/AuthContext.tsx,file,coding,CompanyIntranet,main,TypeScript,true,Wakatime,Windows,Tiaan-Lenovo,codex-wakapi-history-import/1.0,2026-01-09 01:39:12.000,2026-05-04 03:43:07.957
Lelando1234,C:/Users/tiaan/My Drive/Tiaan/Personal/Documents & Other/Github/CompanyIntranet/src/contexts/AuthContext.tsx,file,coding,CompanyIntranet,main,TypeScript,true,Wakatime,Windows,Tiaan-Lenovo,codex-wakapi-history-import/1.0,2026-01-09 01:41:12.000,2026-05-04 03:43:07.957
Lelando1234,C:/Users/tiaan/My Drive/Tiaan/Personal/Documents & Other/Github/CompanyIntranet/src/contexts/AuthContext.tsx,file,coding,CompanyIntranet,main,TypeScript,true,Wakatime,Windows,Tiaan-Lenovo,codex-wakapi-history-import/1.0,2026-01-09 01:43:12.000,2026-05-04 03:43:07.957
Lelando1234,C:/Users/tiaan/My Drive/Tiaan/Personal/Documents & Other/Github/CompanyIntranet/src/contexts/AuthContext.tsx,file,coding,CompanyIntranet,main,TypeScript,true,Wakatime,Windows,Tiaan-Lenovo,codex-wakapi-history-import/1.0,2026-01-09 01:45:12.000,2026-05-04 03:43:07.957
Lelando1234,C:/Users/tiaan/My Drive/Tiaan/Personal/Documents & Other/Github/CompanyIntranet/src/contexts/AuthContext.tsx,file,coding,CompanyIntranet,main,TypeScript,true,Wakatime,Windows,Tiaan-Lenovo,codex-wakapi-history-import/1.0,2026-01-09 01:47:12.000,2026-05-04 03:43:07.957
Lelando1234,C:/Users/tiaan/My Drive/Tiaan/Personal/Documents & Other/Github/CompanyIntranet/backend/src/routes/articles.js,file,coding,CompanyIntranet,main,JavaScript,true,Wakatime,Windows,Tiaan-Lenovo,codex-wakapi-history-import/1.0,2026-01-14 12:52:28.000,2026-05-04 03:43:07.957
Lelando1234,C:/Users/tiaan/My Drive/Tiaan/Personal/Documents & Other/Github/CompanyIntranet/backend/src/routes/articles.js,file,coding,CompanyIntranet,main,JavaScript,true,Wakatime,Windows,Tiaan-Lenovo,codex-wakapi-history-import/1.0,2026-01-14 12:54:28.000,2026-05-04 03:43:07.957
Lelando1234,C:/Users/tiaan/My Drive/Tiaan/Personal/Documents & Other/Github/CompanyIntranet/backend/src/routes/articles.js,file,coding,CompanyIntranet,main,JavaScript,true,Wakatime,Windows,Tiaan-Lenovo,codex-wakapi-history-import/1.0,2026-01-14 12:56:28.000,2026-05-04 03:43:07.957
Lelando1234,C:/Users/tiaan/My Drive/Tiaan/Personal/Documents & Other/Github/CompanyIntranet/backend/src/routes/articles.js,file,coding,CompanyIntranet,main,JavaScript,true,Wakatime,Windows,Tiaan-Lenovo,codex-wakapi-history-import/1.0,2026-01-14 12:58:28.000,2026-05-04 03:43:07.957
Lelando1234,C:/Users/tiaan/My Drive/Tiaan/Personal/Documents & Other/Github/CompanyIntranet/backend/src/routes/articles.js,file,coding,CompanyIntranet,main,JavaScript,true,Wakatime,Windows,Tiaan-Lenovo,codex-wakapi-history-import/1.0,2026-01-14 13:00:28.000,2026-05-04 03:43:07.957
Lelando1234,C:/Users/tiaan/My Drive/Tiaan/Personal/Documents & Other/Github/CompanyIntranet/backend/src/routes/articles.js,file,coding,CompanyIntranet,main,JavaScript,true,Wakatime,Windows,Tiaan-Lenovo,codex-wakapi-history-import/1.0,2026-01-14 13:02:28.000,2026-05-04 03:43:07.957
Lelando1234,C:/Users/tiaan/My Drive/Tiaan/Personal/Documents & Other/Github/CompanyIntranet/backend/src/routes/articles.js,file,coding,CompanyIntranet,main,JavaScript,true,Wakatime,Windows,Tiaan-Lenovo,codex-wakapi-history-import/1.0,2026-01-14 13:04:28.000,2026-05-04 03:43:07.957
Lelando1234,C:/Users/tiaan/My Drive/Tiaan/Personal/Documents & Other/Github/CompanyIntranet/backend/src/routes/articles.js,file,coding,CompanyIntranet,main,JavaScript,true,Wakatime,Windows,Tiaan-Lenovo,codex-wakapi-history-import/1.0,2026-01-14 13:06:28.000,2026-05-04 03:43:07.957
Lelando1234,C:/Users/tiaan/My Drive/Tiaan/Personal/Documents & Other/Github/CompanyIntranet/backend/src/routes/articles.js,file,coding,CompanyIntranet,main,JavaScript,true,Wakatime,Windows,Tiaan-Lenovo,codex-wakapi-history-import/1.0,2026-01-14 13:08:28.000,2026-05-04 03:43:07.957
Lelando1234,C:/Users/tiaan/My Drive/Tiaan/Personal/Documents & Other/Github/CompanyIntranet/backend/src/routes/articles.js,file,coding,CompanyIntranet,main,JavaScript,true,Wakatime,Windows,Tiaan-Lenovo,codex-wakapi-history-import/1.0,2026-01-14 13:10:28.000,2026-05-04 03:43:07.957
Lelando1234,C:/Users/tiaan/My Drive/Tiaan/Personal/Documents & Other/Github/CompanyIntranet/backend/src/routes/articles.js,file,coding,CompanyIntranet,main,JavaScript,true,Wakatime,Windows,Tiaan-Lenovo,codex-wakapi-history-import/1.0,2026-01-14 13:12:28.000,2026-05-04 03:43:07.957
Lelando1234,C:/Users/tiaan/My Drive/Tiaan/Personal/Documents & Other/Github/CompanyIntranet/backend/src/routes/articles.js,file,coding,CompanyIntranet,main,JavaScript,true,Wakatime,Windows,Tiaan-Lenovo,codex-wakapi-history-import/1.0,2026-01-14 13:14:28.000,2026-05-04 03:43:07.957
Lelando1234,C:/Users/tiaan/My Drive/Tiaan/Personal/Documents & Other/Github/CompanyIntranet/backend/src/routes/articles.js,file,coding,CompanyIntranet,main,JavaScript,true,Wakatime,Windows,Tiaan-Lenovo,codex-wakapi-history-import/1.0,2026-01-14 13:16:28.000,2026-05-04 03:43:07.957
Lelando1234,C:/Users/tiaan/My Drive/Tiaan/Personal/Documents & Other/Github/CompanyIntranet/src/components/SideNavigation.tsx,file,coding,CompanyIntranet,main,TypeScript,true,Wakatime,Windows,Tiaan-Lenovo,codex-wakapi-history-import/1.0,2026-01-14 13:18:28.000,2026-05-04 03:43:07.957
Lelando1234,C:/Users/tiaan/My Drive/Tiaan/Personal/Documents & Other/Github/CompanyIntranet/src/components/SideNavigation.tsx,file,coding,CompanyIntranet,main,TypeScript,true,Wakatime,Windows,Tiaan-Lenovo,codex-wakapi-history-import/1.0,2026-01-14 13:20:28.000,2026-05-04 03:43:07.957
Lelando1234,C:/Users/tiaan/My Drive/Tiaan/Personal/Documents & Other/Github/CompanyIntranet/src/components/SideNavigation.tsx,file,coding,CompanyIntranet,main,TypeScript,true,Wakatime,Windows,Tiaan-Lenovo,codex-wakapi-history-import/1.0,2026-01-14 13:22:28.000,2026-05-04 03:43:07.957
Lelando1234,C:/Users/tiaan/My Drive/Tiaan/Personal/Documents & Other/Github/CompanyIntranet/src/components/SideNavigation.tsx,file,coding,CompanyIntranet,main,TypeScript,true,Wakatime,Windows,Tiaan-Lenovo,codex-wakapi-history-import/1.0,2026-01-14 13:24:28.000,2026-05-04 03:43:07.957
Lelando1234,C:/Users/tiaan/My Drive/Tiaan/Personal/Documents & Other/Github/CompanyIntranet/src/components/SideNavigation.tsx,file,coding,CompanyIntranet,main,TypeScript,true,Wakatime,Windows,Tiaan-Lenovo,codex-wakapi-history-import/1.0,2026-01-14 13:26:28.000,2026-05-04 03:43:07.957
Lelando1234,C:/Users/tiaan/My Drive/Tiaan/Personal/Documents & Other/Github/CompanyIntranet/src/components/SideNavigation.tsx,file,coding,CompanyIntranet,main,TypeScript,true,Wakatime,Windows,Tiaan-Lenovo,codex-wakapi-history-import/1.0,2026-01-14 13:28:28.000,2026-05-04 03:43:07.957
Lelando1234,C:/Users/tiaan/My Drive/Tiaan/Personal/Documents & Other/Github/CompanyIntranet/src/components/SideNavigation.tsx,file,coding,CompanyIntranet,main,TypeScript,true,Wakatime,Windows,Tiaan-Lenovo,codex-wakapi-history-import/1.0,2026-01-14 13:30:28.000,2026-05-04 03:43:07.957
Lelando1234,C:/Users/tiaan/My Drive/Tiaan/Personal/Documents & Other/Github/CompanyIntranet/src/components/SideNavigation.tsx,file,coding,CompanyIntranet,main,TypeScript,true,Wakatime,Windows,Tiaan-Lenovo,codex-wakapi-history-import/1.0,2026-01-14 13:32:28.000,2026-05-04 03:43:07.957
Lelando1234,C:/Users/tiaan/My Drive/Tiaan/Personal/Documents & Other/Github/CompanyIntranet/src/components/SideNavigation.tsx,file,coding,CompanyIntranet,main,TypeScript,true,Wakatime,Windows,Tiaan-Lenovo,codex-wakapi-history-import/1.0,2026-01-14 13:34:28.000,2026-05-04 03:43:07.957
Lelando1234,C:/Users/tiaan/My Drive/Tiaan/Personal/Documents & Other/Github/CompanyIntranet/src/components/SideNavigation.tsx,file,coding,CompanyIntranet,main,TypeScript,true,Wakatime,Windows,Tiaan-Lenovo,codex-wakapi-history-import/1.0,2026-01-14 13:36:28.000,2026-05-04 03:43:07.957
Lelando1234,C:/Users/tiaan/My Drive/Tiaan/Personal/Documents & Other/Github/CompanyIntranet/src/components/SideNavigation.tsx,file,coding,CompanyIntranet,main,TypeScript,true,Wakatime,Windows,Tiaan-Lenovo,codex-wakapi-history-import/1.0,2026-01-14 13:38:28.000,2026-05-04 03:43:07.957
Lelando1234,C:/Users/tiaan/My Drive/Tiaan/Personal/Documents & Other/Github/CompanyIntranet/src/components/SideNavigation.tsx,file,coding,CompanyIntranet,main,TypeScript,true,Wakatime,Windows,Tiaan-Lenovo,codex-wakapi-history-import/1.0,2026-01-14 13:40:28.000,2026-05-04 03:43:07.957
Lelando1234,C:/Users/tiaan/My Drive/Tiaan/Personal/Documents & Other/Github/CompanyIntranet/src/contexts/AuthContext.tsx,file,coding,CompanyIntranet,main,TypeScript,true,Wakatime,Windows,Tiaan-Lenovo,codex-wakapi-history-import/1.0,2026-01-14 13:42:28.000,2026-05-04 03:43:07.957
Lelando1234,C:/Users/tiaan/My Drive/Tiaan/Personal/Documents & Other/Github/CompanyIntranet/src/contexts/AuthContext.tsx,file,coding,CompanyIntranet,main,TypeScript,true,Wakatime,Windows,Tiaan-Lenovo,codex-wakapi-history-import/1.0,2026-01-14 13:44:28.000,2026-05-04 03:43:07.957
Lelando1234,C:/Users/tiaan/My Drive/Tiaan/Personal/Documents & Other/Github/CompanyIntranet/src/components/home.tsx,file,coding,CompanyIntranet,main,TypeScript,true,Wakatime,Windows,Tiaan-Lenovo,codex-wakapi-history-import/1.0,2026-01-15 13:55:51.000,2026-05-04 03:43:07.957
Lelando1234,C:/Users/tiaan/My Drive/Tiaan/Personal/Documents & Other/Github/CompanyIntranet/src/components/home.tsx,file,coding,CompanyIntranet,main,TypeScript,true,Wakatime,Windows,Tiaan-Lenovo,codex-wakapi-history-import/1.0,2026-01-15 13:57:51.000,2026-05-04 03:43:07.957
Lelando1234,C:/Users/tiaan/My Drive/Tiaan/Personal/Documents & Other/Github/CompanyIntranet/src/components/home.tsx,file,coding,CompanyIntranet,main,TypeScript,true,Wakatime,Windows,Tiaan-Lenovo,codex-wakapi-history-import/1.0,2026-01-15 13:59:51.000,2026-05-04 03:43:07.957
Lelando1234,C:/Users/tiaan/My Drive/Tiaan/Personal/Documents & Other/Github/CompanyIntranet/src/components/home.tsx,file,coding,CompanyIntranet,main,TypeScript,true,Wakatime,Windows,Tiaan-Lenovo,codex-wakapi-history-import/1.0,2026-01-15 14:01:51.000,2026-05-04 03:43:07.957
Lelando1234,C:/Users/tiaan/My Drive/Tiaan/Personal/Documents & Other/Github/CompanyIntranet/src/components/home.tsx,file,coding,CompanyIntranet,main,TypeScript,true,Wakatime,Windows,Tiaan-Lenovo,codex-wakapi-history-import/1.0,2026-01-15 14:03:51.000,2026-05-04 03:43:07.957
Lelando1234,C:/Users/tiaan/My Drive/Tiaan/Personal/Documents & Other/Github/CompanyIntranet/src/components/home.tsx,file,coding,CompanyIntranet,main,TypeScript,true,Wakatime,Windows,Tiaan-Lenovo,codex-wakapi-history-import/1.0,2026-01-15 14:05:51.000,2026-05-04 03:43:07.957
Lelando1234,C:/Users/tiaan/My Drive/Tiaan/Personal/Documents & Other/Github/CompanyIntranet/src/components/home.tsx,file,coding,CompanyIntranet,main,TypeScript,true,Wakatime,Windows,Tiaan-Lenovo,codex-wakapi-history-import/1.0,2026-01-15 14:07:51.000,2026-05-04 03:43:07.957
Lelando1234,C:/Users/tiaan/My Drive/Tiaan/Personal/Documents & Other/Github/CompanyIntranet/src/components/home.tsx,file,coding,CompanyIntranet,main,TypeScript,true,Wakatime,Windows,Tiaan-Lenovo,codex-wakapi-history-import/1.0,2026-01-15 14:09:51.000,2026-05-04 03:43:07.957
Lelando1234,C:/Users/tiaan/My Drive/Tiaan/Personal/Documents & Other/Github/CompanyIntranet/src/components/home.tsx,file,coding,CompanyIntranet,main,TypeScript,true,Wakatime,Windows,Tiaan-Lenovo,codex-wakapi-history-import/1.0,2026-01-15 14:11:51.000,2026-05-04 03:43:07.957
Lelando1234,C:/Users/tiaan/My Drive/Tiaan/Personal/Documents & Other/Github/CompanyIntranet/src/components/home.tsx,file,coding,CompanyIntranet,main,TypeScript,true,Wakatime,Windows,Tiaan-Lenovo,codex-wakapi-history-import/1.0,2026-01-15 14:13:51.000,2026-05-04 03:43:07.957
Lelando1234,C:/Users/tiaan/My Drive/Tiaan/Personal/Documents & Other/Github/CompanyIntranet/src/components/home.tsx,file,coding,CompanyIntranet,main,TypeScript,true,Wakatime,Windows,Tiaan-Lenovo,codex-wakapi-history-import/1.0,2026-01-15 14:15:51.000,2026-05-04 03:43:07.957
Lelando1234,C:/Users/tiaan/My Drive/Tiaan/Personal/Documents & Other/Github/CompanyIntranet/src/components/home.tsx,file,coding,CompanyIntranet,main,TypeScript,true,Wakatime,Windows,Tiaan-Lenovo,codex-wakapi-history-import/1.0,2026-01-15 14:17:51.000,2026-05-04 03:43:07.957
Lelando1234,C:/Users/tiaan/My Drive/Tiaan/Personal/Documents & Other/Github/CompanyIntranet/src/components/home.tsx,file,coding,CompanyIntranet,main,TypeScript,true,Wakatime,Windows,Tiaan-Lenovo,codex-wakapi-history-import/1.0,2026-01-15 14:19:51.000,2026-05-04 03:43:07.957
Lelando1234,C:/Users/tiaan/My Drive/Tiaan/Personal/Documents & Other/Github/CompanyIntranet/src/index.css,file,coding,CompanyIntranet,main,CSS,true,Wakatime,Windows,Tiaan-Lenovo,codex-wakapi-history-import/1.0,2026-01-15 14:21:51.000,2026-05-04 03:43:07.957
Lelando1234,C:/Users/tiaan/My Drive/Tiaan/Personal/Documents & Other/Github/CompanyIntranet/src/index.css,file,coding,CompanyIntranet,main,CSS,true,Wakatime,Windows,Tiaan-Lenovo,codex-wakapi-history-import/1.0,2026-01-15 14:23:51.000,2026-05-04 03:43:07.957
Lelando1234,C:/Users/tiaan/My Drive/Tiaan/Personal/Documents & Other/Github/CompanyIntranet/src/index.css,file,coding,CompanyIntranet,main,CSS,true,Wakatime,Windows,Tiaan-Lenovo,codex-wakapi-history-import/1.0,2026-01-15 14:25:51.000,2026-05-04 03:43:07.957
Lelando1234,C:/Users/tiaan/My Drive/Tiaan/Personal/Documents & Other/Github/CompanyIntranet/src/components/SideNavigation.tsx,file,coding,CompanyIntranet,main,TypeScript,true,Wakatime,Windows,Tiaan-Lenovo,codex-wakapi-history-import/1.0,2026-01-19 02:06:30.000,2026-05-04 03:43:07.957
Lelando1234,C:/Users/tiaan/My Drive/Tiaan/Personal/Documents & Other/Github/CompanyIntranet/src/components/SideNavigation.tsx,file,coding,CompanyIntranet,main,TypeScript,true,Wakatime,Windows,Tiaan-Lenovo,codex-wakapi-history-import/1.0,2026-01-19 02:08:30.000,2026-05-04 03:43:07.957
Lelando1234,C:/Users/tiaan/My Drive/Tiaan/Personal/Documents & Other/Github/CompanyIntranet/src/components/SideNavigation.tsx,file,coding,CompanyIntranet,main,TypeScript,true,Wakatime,Windows,Tiaan-Lenovo,codex-wakapi-history-import/1.0,2026-01-19 02:10:30.000,2026-05-04 03:43:07.957
Lelando1234,C:/Users/tiaan/My Drive/Tiaan/Personal/Documents & Other/Github/CompanyIntranet/src/components/SideNavigation.tsx,file,coding,CompanyIntranet,main,TypeScript,true,Wakatime,Windows,Tiaan-Lenovo,codex-wakapi-history-import/1.0,2026-01-19 02:12:30.000,2026-05-04 03:43:07.957
Lelando1234,C:/Users/tiaan/My Drive/Tiaan/Personal/Documents & Other/Github/CompanyIntranet/src/components/SideNavigation.tsx,file,coding,CompanyIntranet,main,TypeScript,true,Wakatime,Windows,Tiaan-Lenovo,codex-wakapi-history-import/1.0,2026-01-19 02:14:30.000,2026-05-04 03:43:07.957
Lelando1234,C:/Users/tiaan/My Drive/Tiaan/Personal/Documents & Other/Github/CompanyIntranet/src/components/SideNavigation.tsx,file,coding,CompanyIntranet,main,TypeScript,true,Wakatime,Windows,Tiaan-Lenovo,codex-wakapi-history-import/1.0,2026-01-19 02:16:30.000,2026-05-04 03:43:07.957
Lelando1234,C:/Users/tiaan/My Drive/Tiaan/Personal/Documents & Other/Github/CompanyIntranet/src/components/SideNavigation.tsx,file,coding,CompanyIntranet,main,TypeScript,true,Wakatime,Windows,Tiaan-Lenovo,codex-wakapi-history-import/1.0,2026-01-19 02:18:30.000,2026-05-04 03:43:07.957
Lelando1234,C:/Users/tiaan/My Drive/Tiaan/Personal/Documents & Other/Github/CompanyIntranet/src/components/SideNavigation.tsx,file,coding,CompanyIntranet,main,TypeScript,true,Wakatime,Windows,Tiaan-Lenovo,codex-wakapi-history-import/1.0,2026-01-19 02:20:30.000,2026-05-04 03:43:07.957
Lelando1234,C:/Users/tiaan/My Drive/Tiaan/Personal/Documents & Other/Github/CompanyIntranet/src/components/SideNavigation.tsx,file,coding,CompanyIntranet,main,TypeScript,true,Wakatime,Windows,Tiaan-Lenovo,codex-wakapi-history-import/1.0,2026-01-19 02:22:30.000,2026-05-04 03:43:07.957
Lelando1234,C:/Users/tiaan/My Drive/Tiaan/Personal/Documents & Other/Github/CompanyIntranet/src/components/SideNavigation.tsx,file,coding,CompanyIntranet,main,TypeScript,true,Wakatime,Windows,Tiaan-Lenovo,codex-wakapi-history-import/1.0,2026-01-19 02:24:30.000,2026-05-04 03:43:07.957
Lelando1234,C:/Users/tiaan/My Drive/Tiaan/Personal/Documents & Other/Github/CompanyIntranet/src/components/SideNavigation.tsx,file,coding,CompanyIntranet,main,TypeScript,true,Wakatime,Windows,Tiaan-Lenovo,codex-wakapi-history-import/1.0,2026-01-19 02:26:30.000,2026-05-04 03:43:07.957
Lelando1234,C:/Users/tiaan/My Drive/Tiaan/Personal/Documents & Other/Github/CompanyIntranet/src/components/SideNavigation.tsx,file,coding,CompanyIntranet,main,TypeScript,true,Wakatime,Windows,Tiaan-Lenovo,codex-wakapi-history-import/1.0,2026-01-19 02:28:30.000,2026-05-04 03:43:07.957
Lelando1234,C:/Users/tiaan/My Drive/Tiaan/Personal/Documents & Other/Github/CompanyIntranet/src/components/SideNavigation.tsx,file,coding,CompanyIntranet,main,TypeScript,true,Wakatime,Windows,Tiaan-Lenovo,codex-wakapi-history-import/1.0,2026-01-19 02:30:30.000,2026-05-04 03:43:07.957
Lelando1234,C:/Users/tiaan/My Drive/Tiaan/Personal/Documents & Other/Github/CompanyIntranet/src/contexts/AuthContext.tsx,file,coding,CompanyIntranet,main,TypeScript,true,Wakatime,Windows,Tiaan-Lenovo,codex-wakapi-history-import/1.0,2026-01-19 02:32:30.000,2026-05-04 03:43:07.957
Lelando1234,C:/Users/tiaan/My Drive/Tiaan/Personal/Documents & Other/Github/CompanyIntranet/src/contexts/AuthContext.tsx,file,coding,CompanyIntranet,main,TypeScript,true,Wakatime,Windows,Tiaan-Lenovo,codex-wakapi-history-import/1.0,2026-01-19 02:34:30.000,2026-05-04 03:43:07.957
Lelando1234,C:/Users/tiaan/My Drive/Tiaan/Personal/Documents & Other/Github/CompanyIntranet/src/contexts/AuthContext.tsx,file,coding,CompanyIntranet,main,TypeScript,true,Wakatime,Windows,Tiaan-Lenovo,codex-wakapi-history-import/1.0,2026-01-19 02:36:30.000,2026-05-04 03:43:07.957
Lelando1234,C:/Users/tiaan/My Drive/Tiaan/Personal/Documents & Other/Github/CompanyIntranet/src/contexts/AuthContext.tsx,file,coding,CompanyIntranet,main,TypeScript,true,Wakatime,Windows,Tiaan-Lenovo,codex-wakapi-history-import/1.0,2026-01-19 02:38:30.000,2026-05-04 03:43:07.957
Lelando1234,C:/Users/tiaan/My Drive/Tiaan/Personal/Documents & Other/Github/CompanyIntranet/src/contexts/AuthContext.tsx,file,coding,CompanyIntranet,main,TypeScript,true,Wakatime,Windows,Tiaan-Lenovo,codex-wakapi-history-import/1.0,2026-01-19 02:40:30.000,2026-05-04 03:43:07.957
Lelando1234,C:/Users/tiaan/My Drive/Tiaan/Personal/Documents & Other/Github/CompanyIntranet/src/contexts/AuthContext.tsx,file,coding,CompanyIntranet,main,TypeScript,true,Wakatime,Windows,Tiaan-Lenovo,codex-wakapi-history-import/1.0,2026-01-19 02:42:30.000,2026-05-04 03:43:07.957
Lelando1234,C:/Users/tiaan/My Drive/Tiaan/Personal/Documents & Other/Github/CompanyIntranet/src/contexts/AuthContext.tsx,file,coding,CompanyIntranet,main,TypeScript,true,Wakatime,Windows,Tiaan-Lenovo,codex-wakapi-history-import/1.0,2026-01-19 02:44:30.000,2026-05-04 03:43:07.957
Lelando1234,C:/Users/tiaan/My Drive/Tiaan/Personal/Documents & Other/Github/CompanyIntranet/src/contexts/AuthContext.tsx,file,coding,CompanyIntranet,main,TypeScript,true,Wakatime,Windows,Tiaan-Lenovo,codex-wakapi-history-import/1.0,2026-01-19 02:46:30.000,2026-05-04 03:43:07.957
Lelando1234,C:/Users/tiaan/My Drive/Tiaan/Personal/Documents & Other/Github/CompanyIntranet/src/components/ThemeCustomizer.tsx,file,coding,CompanyIntranet,main,TypeScript,true,Wakatime,Windows,Tiaan-Lenovo,codex-wakapi-history-import/1.0,2026-01-21 13:17:08.000,2026-05-04 03:43:07.957
Lelando1234,C:/Users/tiaan/My Drive/Tiaan/Personal/Documents & Other/Github/CompanyIntranet/src/components/ThemeCustomizer.tsx,file,coding,CompanyIntranet,main,TypeScript,true,Wakatime,Windows,Tiaan-Lenovo,codex-wakapi-history-import/1.0,2026-01-21 13:19:08.000,2026-05-04 03:43:07.957
Lelando1234,C:/Users/tiaan/My Drive/Tiaan/Personal/Documents & Other/Github/CompanyIntranet/src/components/ThemeCustomizer.tsx,file,coding,CompanyIntranet,main,TypeScript,true,Wakatime,Windows,Tiaan-Lenovo,codex-wakapi-history-import/1.0,2026-01-21 13:21:08.000,2026-05-04 03:43:07.957
Lelando1234,C:/Users/tiaan/My Drive/Tiaan/Personal/Documents & Other/Github/CompanyIntranet/src/components/ThemeCustomizer.tsx,file,coding,CompanyIntranet,main,TypeScript,true,Wakatime,Windows,Tiaan-Lenovo,codex-wakapi-history-import/1.0,2026-01-21 13:23:08.000,2026-05-04 03:43:07.957
Lelando1234,C:/Users/tiaan/My Drive/Tiaan/Personal/Documents & Other/Github/CompanyIntranet/src/components/ThemeCustomizer.tsx,file,coding,CompanyIntranet,main,TypeScript,true,Wakatime,Windows,Tiaan-Lenovo,codex-wakapi-history-import/1.0,2026-01-21 13:25:08.000,2026-05-04 03:43:07.957
Lelando1234,C:/Users/tiaan/My Drive/Tiaan/Personal/Documents & Other/Github/CompanyIntranet/src/components/ThemeCustomizer.tsx,file,coding,CompanyIntranet,main,TypeScript,true,Wakatime,Windows,Tiaan-Lenovo,codex-wakapi-history-import/1.0,2026-01-21 13:27:08.000,2026-05-04 03:43:07.957
Lelando1234,C:/Users/tiaan/My Drive/Tiaan/Personal/Documents & Other/Github/CompanyIntranet/src/components/ThemeCustomizer.tsx,file,coding,CompanyIntranet,main,TypeScript,true,Wakatime,Windows,Tiaan-Lenovo,codex-wakapi-history-import/1.0,2026-01-21 13:29:08.000,2026-05-04 03:43:07.957
Lelando1234,C:/Users/tiaan/My Drive/Tiaan/Personal/Documents & Other/Github/CompanyIntranet/src/components/ThemeCustomizer.tsx,file,coding,CompanyIntranet,main,TypeScript,true,Wakatime,Windows,Tiaan-Lenovo,codex-wakapi-history-import/1.0,2026-01-21 13:31:08.000,2026-05-04 03:43:07.957
Lelando1234,C:/Users/tiaan/My Drive/Tiaan/Personal/Documents & Other/Github/CompanyIntranet/src/components/ThemeCustomizer.tsx,file,coding,CompanyIntranet,main,TypeScript,true,Wakatime,Windows,Tiaan-Lenovo,codex-wakapi-history-import/1.0,2026-01-21 13:33:08.000,2026-05-04 03:43:07.957
Lelando1234,C:/Users/tiaan/My Drive/Tiaan/Personal/Documents & Other/Github/CompanyIntranet/src/components/ThemeCustomizer.tsx,file,coding,CompanyIntranet,main,TypeScript,true,Wakatime,Windows,Tiaan-Lenovo,codex-wakapi-history-import/1.0,2026-01-21 13:35:08.000,2026-05-04 03:43:07.957
Lelando1234,C:/Users/tiaan/My Drive/Tiaan/Personal/Documents & Other/Github/CompanyIntranet/src/components/ThemeCustomizer.tsx,file,coding,CompanyIntranet,main,TypeScript,true,Wakatime,Windows,Tiaan-Lenovo,codex-wakapi-history-import/1.0,2026-01-21 13:37:08.000,2026-05-04 03:43:07.957
Lelando1234,C:/Users/tiaan/My Drive/Tiaan/Personal/Documents & Other/Github/CompanyIntranet/src/components/ThemeCustomizer.tsx,file,coding,CompanyIntranet,main,TypeScript,true,Wakatime,Windows,Tiaan-Lenovo,codex-wakapi-history-import/1.0,2026-01-21 13:39:08.000,2026-05-04 03:43:07.957
Lelando1234,C:/Users/tiaan/My Drive/Tiaan/Personal/Documents & Other/Github/CompanyIntranet/src/components/ThemeCustomizer.tsx,file,coding,CompanyIntranet,main,TypeScript,true,Wakatime,Windows,Tiaan-Lenovo,codex-wakapi-history-import/1.0,2026-01-21 13:41:08.000,2026-05-04 03:43:07.957
Lelando1234,C:/Users/tiaan/My Drive/Tiaan/Personal/Documents & Other/Github/CompanyIntranet/backend/src/routes/settings.js,file,coding,CompanyIntranet,main,JavaScript,true,Wakatime,Windows,Tiaan-Lenovo,codex-wakapi-history-import/1.0,2026-01-21 13:43:08.000,2026-05-04 03:43:07.957
Lelando1234,C:/Users/tiaan/My Drive/Tiaan/Personal/Documents & Other/Github/CompanyIntranet/backend/src/routes/settings.js,file,coding,CompanyIntranet,main,JavaScript,true,Wakatime,Windows,Tiaan-Lenovo,codex-wakapi-history-import/1.0,2026-01-21 13:45:08.000,2026-05-04 03:43:07.957
Lelando1234,C:/Users/tiaan/My Drive/Tiaan/Personal/Documents & Other/Github/CompanyIntranet/backend/src/routes/settings.js,file,coding,CompanyIntranet,main,JavaScript,true,Wakatime,Windows,Tiaan-Lenovo,codex-wakapi-history-import/1.0,2026-01-21 13:47:08.000,2026-05-04 03:43:07.957
Lelando1234,C:/Users/tiaan/My Drive/Tiaan/Personal/Documents & Other/Github/CompanyIntranet/backend/src/routes/settings.js,file,coding,CompanyIntranet,main,JavaScript,true,Wakatime,Windows,Tiaan-Lenovo,codex-wakapi-history-import/1.0,2026-01-21 13:49:08.000,2026-05-04 03:43:07.957
Lelando1234,C:/Users/tiaan/My Drive/Tiaan/Personal/Documents & Other/Github/CompanyIntranet/backend/src/routes/settings.js,file,coding,CompanyIntranet,main,JavaScript,true,Wakatime,Windows,Tiaan-Lenovo,codex-wakapi-history-import/1.0,2026-01-21 13:51:08.000,2026-05-04 03:43:07.957
Lelando1234,C:/Users/tiaan/My Drive/Tiaan/Personal/Documents & Other/Github/CompanyIntranet/backend/src/routes/settings.js,file,coding,CompanyIntranet,main,JavaScript,true,Wakatime,Windows,Tiaan-Lenovo,codex-wakapi-history-import/1.0,2026-01-21 13:53:08.000,2026-05-04 03:43:07.957
Lelando1234,C:/Users/tiaan/My Drive/Tiaan/Personal/Documents & Other/Github/CompanyIntranet/backend/src/routes/settings.js,file,coding,CompanyIntranet,main,JavaScript,true,Wakatime,Windows,Tiaan-Lenovo,codex-wakapi-history-import/1.0,2026-01-21 13:55:08.000,2026-05-04 03:43:07.957
Lelando1234,C:/Users/tiaan/My Drive/Tiaan/Personal/Documents & Other/Github/CompanyIntranet/backend/src/routes/settings.js,file,coding,CompanyIntranet,main,JavaScript,true,Wakatime,Windows,Tiaan-Lenovo,codex-wakapi-history-import/1.0,2026-01-21 13:57:08.000,2026-05-04 03:43:07.957
Lelando1234,C:/Users/tiaan/My Drive/Tiaan/Personal/Documents & Other/Github/CompanyIntranet/backend/src/routes/settings.js,file,coding,CompanyIntranet,main,JavaScript,true,Wakatime,Windows,Tiaan-Lenovo,codex-wakapi-history-import/1.0,2026-01-21 13:59:08.000,2026-05-04 03:43:07.957
Lelando1234,C:/Users/tiaan/My Drive/Tiaan/Personal/Documents & Other/Github/CompanyIntranet/backend/src/routes/settings.js,file,coding,CompanyIntranet,main,JavaScript,true,Wakatime,Windows,Tiaan-Lenovo,codex-wakapi-history-import/1.0,2026-01-21 14:01:08.000,2026-05-04 03:43:07.957
Lelando1234,C:/Users/tiaan/My Drive/Tiaan/Personal/Documents & Other/Github/CompanyIntranet/backend/src/routes/settings.js,file,coding,CompanyIntranet,main,JavaScript,true,Wakatime,Windows,Tiaan-Lenovo,codex-wakapi-history-import/1.0,2026-01-21 14:03:08.000,2026-05-04 03:43:07.957
Lelando1234,C:/Users/tiaan/My Drive/Tiaan/Personal/Documents & Other/Github/CompanyIntranet/backend/src/routes/settings.js,file,coding,CompanyIntranet,main,JavaScript,true,Wakatime,Windows,Tiaan-Lenovo,codex-wakapi-history-import/1.0,2026-01-21 14:05:08.000,2026-05-04 03:43:07.957
Lelando1234,C:/Users/tiaan/My Drive/Tiaan/Personal/Documents & Other/Github/CompanyIntranet/package.json,file,coding,CompanyIntranet,main,JSON,true,Wakatime,Windows,Tiaan-Lenovo,codex-wakapi-history-import/1.0,2026-01-21 14:07:08.000,2026-05-04 03:43:07.957
Lelando1234,C:/Users/tiaan/My Drive/Tiaan/Personal/Documents & Other/Github/CompanyIntranet/package.json,file,coding,CompanyIntranet,main,JSON,true,Wakatime,Windows,Tiaan-Lenovo,codex-wakapi-history-import/1.0,2026-01-21 14:09:08.000,2026-05-04 03:43:07.957
Lelando1234,C:/Users/tiaan/My Drive/Tiaan/Personal/Documents & Other/Github/CompanyIntranet/package.json,file,coding,CompanyIntranet,main,JSON,true,Wakatime,Windows,Tiaan-Lenovo,codex-wakapi-history-import/1.0,2026-01-22 01:59:15.000,2026-05-04 03:43:07.957
Lelando1234,C:/Users/tiaan/My Drive/Tiaan/Personal/Documents & Other/Github/CompanyIntranet/package.json,file,coding,CompanyIntranet,main,JSON,true,Wakatime,Windows,Tiaan-Lenovo,codex-wakapi-history-import/1.0,2026-01-22 02:01:15.000,2026-05-04 03:43:07.957
Lelando1234,C:/Users/tiaan/My Drive/Tiaan/Personal/Documents & Other/Github/CompanyIntranet/package.json,file,coding,CompanyIntranet,main,JSON,true,Wakatime,Windows,Tiaan-Lenovo,codex-wakapi-history-import/1.0,2026-01-22 02:03:15.000,2026-05-04 03:43:07.957
Lelando1234,C:/Users/tiaan/My Drive/Tiaan/Personal/Documents & Other/Github/CompanyIntranet/package.json,file,coding,CompanyIntranet,main,JSON,true,Wakatime,Windows,Tiaan-Lenovo,codex-wakapi-history-import/1.0,2026-01-22 02:05:15.000,2026-05-04 03:43:07.957
Lelando1234,C:/Users/tiaan/My Drive/Tiaan/Personal/Documents & Other/Github/CompanyIntranet/package.json,file,coding,CompanyIntranet,main,JSON,true,Wakatime,Windows,Tiaan-Lenovo,codex-wakapi-history-import/1.0,2026-01-22 02:07:15.000,2026-05-04 03:43:07.957
Lelando1234,C:/Users/tiaan/My Drive/Tiaan/Personal/Documents & Other/Github/CompanyIntranet/package.json,file,coding,CompanyIntranet,main,JSON,true,Wakatime,Windows,Tiaan-Lenovo,codex-wakapi-history-import/1.0,2026-01-22 02:09:15.000,2026-05-04 03:43:07.957
Lelando1234,C:/Users/tiaan/My Drive/Tiaan/Personal/Documents & Other/Github/CompanyIntranet/package.json,file,coding,CompanyIntranet,main,JSON,true,Wakatime,Windows,Tiaan-Lenovo,codex-wakapi-history-import/1.0,2026-01-22 02:11:15.000,2026-05-04 03:43:07.957
Lelando1234,C:/Users/tiaan/My Drive/Tiaan/Personal/Documents & Other/Github/CompanyIntranet/package.json,file,coding,CompanyIntranet,main,JSON,true,Wakatime,Windows,Tiaan-Lenovo,codex-wakapi-history-import/1.0,2026-01-22 02:13:15.000,2026-05-04 03:43:07.957
Lelando1234,C:/Users/tiaan/My Drive/Tiaan/Personal/Documents & Other/Github/CompanyIntranet/package.json,file,coding,CompanyIntranet,main,JSON,true,Wakatime,Windows,Tiaan-Lenovo,codex-wakapi-history-import/1.0,2026-01-22 02:15:15.000,2026-05-04 03:43:07.957
Lelando1234,C:/Users/tiaan/My Drive/Tiaan/Personal/Documents & Other/Github/CompanyIntranet/package.json,file,coding,CompanyIntranet,main,JSON,true,Wakatime,Windows,Tiaan-Lenovo,codex-wakapi-history-import/1.0,2026-01-22 02:17:15.000,2026-05-04 03:43:07.957
Lelando1234,C:/Users/tiaan/My Drive/Tiaan/Personal/Documents & Other/Github/CompanyIntranet/package.json,file,coding,CompanyIntranet,main,JSON,true,Wakatime,Windows,Tiaan-Lenovo,codex-wakapi-history-import/1.0,2026-01-22 02:19:15.000,2026-05-04 03:43:07.957
Lelando1234,C:/Users/tiaan/My Drive/Tiaan/Personal/Documents & Other/Github/CompanyIntranet/package.json,file,coding,CompanyIntranet,main,JSON,true,Wakatime,Windows,Tiaan-Lenovo,codex-wakapi-history-import/1.0,2026-01-22 02:21:15.000,2026-05-04 03:43:07.957
Lelando1234,C:/Users/tiaan/My Drive/Tiaan/Personal/Documents & Other/Github/CompanyIntranet/package.json,file,coding,CompanyIntranet,main,JSON,true,Wakatime,Windows,Tiaan-Lenovo,codex-wakapi-history-import/1.0,2026-01-22 02:23:15.000,2026-05-04 03:43:07.957
Lelando1234,C:/Users/tiaan/My Drive/Tiaan/Personal/Documents & Other/Github/CompanyIntranet/backend/src/database/migrate.js,file,coding,CompanyIntranet,main,JavaScript,true,Wakatime,Windows,Tiaan-Lenovo,codex-wakapi-history-import/1.0,2026-01-22 02:25:15.000,2026-05-04 03:43:07.957
Lelando1234,C:/Users/tiaan/My Drive/Tiaan/Personal/Documents & Other/Github/CompanyIntranet/backend/src/database/migrate.js,file,coding,CompanyIntranet,main,JavaScript,true,Wakatime,Windows,Tiaan-Lenovo,codex-wakapi-history-import/1.0,2026-01-22 02:27:15.000,2026-05-04 03:43:07.957
Lelando1234,C:/Users/tiaan/My Drive/Tiaan/Personal/Documents & Other/Github/CompanyIntranet/backend/src/database/migrate.js,file,coding,CompanyIntranet,main,JavaScript,true,Wakatime,Windows,Tiaan-Lenovo,codex-wakapi-history-import/1.0,2026-01-22 02:29:15.000,2026-05-04 03:43:07.957
Lelando1234,C:/Users/tiaan/My Drive/Tiaan/Personal/Documents & Other/Github/CompanyIntranet/backend/src/database/migrate.js,file,coding,CompanyIntranet,main,JavaScript,true,Wakatime,Windows,Tiaan-Lenovo,codex-wakapi-history-import/1.0,2026-01-22 02:31:15.000,2026-05-04 03:43:07.957
Lelando1234,C:/Users/tiaan/My Drive/Tiaan/Personal/Documents & Other/Github/CompanyIntranet/src/contexts/AuthContext.tsx,file,coding,CompanyIntranet,main,TypeScript,true,Wakatime,Windows,Tiaan-Lenovo,codex-wakapi-history-import/1.0,2026-01-26 02:02:36.000,2026-05-04 03:43:07.957
Lelando1234,C:/Users/tiaan/My Drive/Tiaan/Personal/Documents & Other/Github/CompanyIntranet/src/contexts/AuthContext.tsx,file,coding,CompanyIntranet,main,TypeScript,true,Wakatime,Windows,Tiaan-Lenovo,codex-wakapi-history-import/1.0,2026-01-26 02:04:36.000,2026-05-04 03:43:07.957
Lelando1234,C:/Users/tiaan/My Drive/Tiaan/Personal/Documents & Other/Github/CompanyIntranet/src/contexts/AuthContext.tsx,file,coding,CompanyIntranet,main,TypeScript,true,Wakatime,Windows,Tiaan-Lenovo,codex-wakapi-history-import/1.0,2026-01-26 02:06:36.000,2026-05-04 03:43:07.957
Lelando1234,C:/Users/tiaan/My Drive/Tiaan/Personal/Documents & Other/Github/CompanyIntranet/src/contexts/AuthContext.tsx,file,coding,CompanyIntranet,main,TypeScript,true,Wakatime,Windows,Tiaan-Lenovo,codex-wakapi-history-import/1.0,2026-01-26 02:08:36.000,2026-05-04 03:43:07.957
Lelando1234,C:/Users/tiaan/My Drive/Tiaan/Personal/Documents & Other/Github/CompanyIntranet/src/contexts/AuthContext.tsx,file,coding,CompanyIntranet,main,TypeScript,true,Wakatime,Windows,Tiaan-Lenovo,codex-wakapi-history-import/1.0,2026-01-26 02:10:36.000,2026-05-04 03:43:07.957
Lelando1234,C:/Users/tiaan/My Drive/Tiaan/Personal/Documents & Other/Github/CompanyIntranet/src/contexts/AuthContext.tsx,file,coding,CompanyIntranet,main,TypeScript,true,Wakatime,Windows,Tiaan-Lenovo,codex-wakapi-history-import/1.0,2026-01-26 02:12:36.000,2026-05-04 03:43:07.957
Lelando1234,C:/Users/tiaan/My Drive/Tiaan/Personal/Documents & Other/Github/CompanyIntranet/src/contexts/AuthContext.tsx,file,coding,CompanyIntranet,main,TypeScript,true,Wakatime,Windows,Tiaan-Lenovo,codex-wakapi-history-import/1.0,2026-01-26 02:14:36.000,2026-05-04 03:43:07.957
Lelando1234,C:/Users/tiaan/My Drive/Tiaan/Personal/Documents & Other/Github/CompanyIntranet/src/contexts/AuthContext.tsx,file,coding,CompanyIntranet,main,TypeScript,true,Wakatime,Windows,Tiaan-Lenovo,codex-wakapi-history-import/1.0,2026-01-26 02:16:36.000,2026-05-04 03:43:07.957
Lelando1234,C:/Users/tiaan/My Drive/Tiaan/Personal/Documents & Other/Github/CompanyIntranet/src/contexts/AuthContext.tsx,file,coding,CompanyIntranet,main,TypeScript,true,Wakatime,Windows,Tiaan-Lenovo,codex-wakapi-history-import/1.0,2026-01-26 02:18:36.000,2026-05-04 03:43:07.957
Lelando1234,C:/Users/tiaan/My Drive/Tiaan/Personal/Documents & Other/Github/CompanyIntranet/src/contexts/AuthContext.tsx,file,coding,CompanyIntranet,main,TypeScript,true,Wakatime,Windows,Tiaan-Lenovo,codex-wakapi-history-import/1.0,2026-01-26 02:20:36.000,2026-05-04 03:43:07.957
Lelando1234,C:/Users/tiaan/My Drive/Tiaan/Personal/Documents & Other/Github/CompanyIntranet/src/contexts/AuthContext.tsx,file,coding,CompanyIntranet,main,TypeScript,true,Wakatime,Windows,Tiaan-Lenovo,codex-wakapi-history-import/1.0,2026-01-26 02:22:36.000,2026-05-04 03:43:07.957
Lelando1234,C:/Users/tiaan/My Drive/Tiaan/Personal/Documents & Other/Github/CompanyIntranet/src/contexts/AuthContext.tsx,file,coding,CompanyIntranet,main,TypeScript,true,Wakatime,Windows,Tiaan-Lenovo,codex-wakapi-history-import/1.0,2026-01-26 02:24:36.000,2026-05-04 03:43:07.957
Lelando1234,C:/Users/tiaan/My Drive/Tiaan/Personal/Documents & Other/Github/CompanyIntranet/src/contexts/AuthContext.tsx,file,coding,CompanyIntranet,main,TypeScript,true,Wakatime,Windows,Tiaan-Lenovo,codex-wakapi-history-import/1.0,2026-01-26 02:26:36.000,2026-05-04 03:43:07.957
Lelando1234,C:/Users/tiaan/My Drive/Tiaan/Personal/Documents & Other/Github/CompanyIntranet/src/components/ThemeCustomizer.tsx,file,coding,CompanyIntranet,main,TypeScript,true,Wakatime,Windows,Tiaan-Lenovo,codex-wakapi-history-import/1.0,2026-01-26 02:28:36.000,2026-05-04 03:43:07.957
Lelando1234,C:/Users/tiaan/My Drive/Tiaan/Personal/Documents & Other/Github/CompanyIntranet/src/components/ThemeCustomizer.tsx,file,coding,CompanyIntranet,main,TypeScript,true,Wakatime,Windows,Tiaan-Lenovo,codex-wakapi-history-import/1.0,2026-01-26 02:30:36.000,2026-05-04 03:43:07.957
Lelando1234,C:/Users/tiaan/My Drive/Tiaan/Personal/Documents & Other/Github/CompanyIntranet/src/components/ThemeCustomizer.tsx,file,coding,CompanyIntranet,main,TypeScript,true,Wakatime,Windows,Tiaan-Lenovo,codex-wakapi-history-import/1.0,2026-01-26 02:32:36.000,2026-05-04 03:43:07.957
Lelando1234,C:/Users/tiaan/My Drive/Tiaan/Personal/Documents & Other/Github/CompanyIntranet/src/components/ThemeCustomizer.tsx,file,coding,CompanyIntranet,main,TypeScript,true,Wakatime,Windows,Tiaan-Lenovo,codex-wakapi-history-import/1.0,2026-01-26 02:34:36.000,2026-05-04 03:43:07.957
Lelando1234,C:/Users/tiaan/My Drive/Tiaan/Personal/Documents & Other/Github/CompanyIntranet/src/components/ThemeCustomizer.tsx,file,coding,CompanyIntranet,main,TypeScript,true,Wakatime,Windows,Tiaan-Lenovo,codex-wakapi-history-import/1.0,2026-01-26 02:36:36.000,2026-05-04 03:43:07.957
Lelando1234,C:/Users/tiaan/My Drive/Tiaan/Personal/Documents & Other/Github/CompanyIntranet/src/components/ThemeCustomizer.tsx,file,coding,CompanyIntranet,main,TypeScript,true,Wakatime,Windows,Tiaan-Lenovo,codex-wakapi-history-import/1.0,2026-01-26 02:38:36.000,2026-05-04 03:43:07.957
Lelando1234,C:/Users/tiaan/My Drive/Tiaan/Personal/Documents & Other/Github/CompanyIntranet/src/components/ThemeCustomizer.tsx,file,coding,CompanyIntranet,main,TypeScript,true,Wakatime,Windows,Tiaan-Lenovo,codex-wakapi-history-import/1.0,2026-01-26 02:40:36.000,2026-05-04 03:43:07.957
Lelando1234,C:/Users/tiaan/My Drive/Tiaan/Personal/Documents & Other/Github/CompanyIntranet/src/components/ThemeCustomizer.tsx,file,coding,CompanyIntranet,main,TypeScript,true,Wakatime,Windows,Tiaan-Lenovo,codex-wakapi-history-import/1.0,2026-01-26 02:42:36.000,2026-05-04 03:43:07.957
Lelando1234,C:/Users/tiaan/My Drive/Tiaan/Personal/Documents & Other/Github/CompanyIntranet/backend/src/database/migrate.js,file,coding,CompanyIntranet,main,JavaScript,true,Wakatime,Windows,Tiaan-Lenovo,codex-wakapi-history-import/1.0,2026-01-29 12:34:04.000,2026-05-04 03:43:07.957
Lelando1234,C:/Users/tiaan/My Drive/Tiaan/Personal/Documents & Other/Github/CompanyIntranet/backend/src/database/migrate.js,file,coding,CompanyIntranet,main,JavaScript,true,Wakatime,Windows,Tiaan-Lenovo,codex-wakapi-history-import/1.0,2026-01-29 12:36:04.000,2026-05-04 03:43:07.957
Lelando1234,C:/Users/tiaan/My Drive/Tiaan/Personal/Documents & Other/Github/CompanyIntranet/backend/src/database/migrate.js,file,coding,CompanyIntranet,main,JavaScript,true,Wakatime,Windows,Tiaan-Lenovo,codex-wakapi-history-import/1.0,2026-01-29 12:38:04.000,2026-05-04 03:43:07.957
Lelando1234,C:/Users/tiaan/My Drive/Tiaan/Personal/Documents & Other/Github/CompanyIntranet/backend/src/database/migrate.js,file,coding,CompanyIntranet,main,JavaScript,true,Wakatime,Windows,Tiaan-Lenovo,codex-wakapi-history-import/1.0,2026-01-29 12:40:04.000,2026-05-04 03:43:07.957
Lelando1234,C:/Users/tiaan/My Drive/Tiaan/Personal/Documents & Other/Github/CompanyIntranet/backend/src/database/migrate.js,file,coding,CompanyIntranet,main,JavaScript,true,Wakatime,Windows,Tiaan-Lenovo,codex-wakapi-history-import/1.0,2026-01-29 12:42:04.000,2026-05-04 03:43:07.957
Lelando1234,C:/Users/tiaan/My Drive/Tiaan/Personal/Documents & Other/Github/CompanyIntranet/backend/src/database/migrate.js,file,coding,CompanyIntranet,main,JavaScript,true,Wakatime,Windows,Tiaan-Lenovo,codex-wakapi-history-import/1.0,2026-01-29 12:44:04.000,2026-05-04 03:43:07.957
Lelando1234,C:/Users/tiaan/My Drive/Tiaan/Personal/Documents & Other/Github/CompanyIntranet/backend/src/database/migrate.js,file,coding,CompanyIntranet,main,JavaScript,true,Wakatime,Windows,Tiaan-Lenovo,codex-wakapi-history-import/1.0,2026-01-29 12:46:04.000,2026-05-04 03:43:07.957
Lelando1234,C:/Users/tiaan/My Drive/Tiaan/Personal/Documents & Other/Github/CompanyIntranet/backend/src/database/migrate.js,file,coding,CompanyIntranet,main,JavaScript,true,Wakatime,Windows,Tiaan-Lenovo,codex-wakapi-history-import/1.0,2026-01-29 12:48:04.000,2026-05-04 03:43:07.957
Lelando1234,C:/Users/tiaan/My Drive/Tiaan/Personal/Documents & Other/Github/CompanyIntranet/backend/src/database/migrate.js,file,coding,CompanyIntranet,main,JavaScript,true,Wakatime,Windows,Tiaan-Lenovo,codex-wakapi-history-import/1.0,2026-01-29 12:50:04.000,2026-05-04 03:43:07.957
Lelando1234,C:/Users/tiaan/My Drive/Tiaan/Personal/Documents & Other/Github/CompanyIntranet/backend/src/database/migrate.js,file,coding,CompanyIntranet,main,JavaScript,true,Wakatime,Windows,Tiaan-Lenovo,codex-wakapi-history-import/1.0,2026-01-29 12:52:04.000,2026-05-04 03:43:07.957
Lelando1234,C:/Users/tiaan/My Drive/Tiaan/Personal/Documents & Other/Github/CompanyIntranet/backend/src/database/migrate.js,file,coding,CompanyIntranet,main,JavaScript,true,Wakatime,Windows,Tiaan-Lenovo,codex-wakapi-history-import/1.0,2026-01-29 12:54:04.000,2026-05-04 03:43:07.957
Lelando1234,C:/Users/tiaan/My Drive/Tiaan/Personal/Documents & Other/Github/CompanyIntranet/backend/src/database/migrate.js,file,coding,CompanyIntranet,main,JavaScript,true,Wakatime,Windows,Tiaan-Lenovo,codex-wakapi-history-import/1.0,2026-01-29 12:56:04.000,2026-05-04 03:43:07.957
Lelando1234,C:/Users/tiaan/My Drive/Tiaan/Personal/Documents & Other/Github/CompanyIntranet/backend/src/database/migrate.js,file,coding,CompanyIntranet,main,JavaScript,true,Wakatime,Windows,Tiaan-Lenovo,codex-wakapi-history-import/1.0,2026-01-29 12:58:04.000,2026-05-04 03:43:07.957
Lelando1234,C:/Users/tiaan/My Drive/Tiaan/Personal/Documents & Other/Github/CompanyIntranet/backend/src/database/schema.sql,file,coding,CompanyIntranet,main,SQL,true,Wakatime,Windows,Tiaan-Lenovo,codex-wakapi-history-import/1.0,2026-01-29 13:00:04.000,2026-05-04 03:43:07.957
Lelando1234,C:/Users/tiaan/My Drive/Tiaan/Personal/Documents & Other/Github/CompanyIntranet/backend/src/database/schema.sql,file,coding,CompanyIntranet,main,SQL,true,Wakatime,Windows,Tiaan-Lenovo,codex-wakapi-history-import/1.0,2026-01-29 13:02:04.000,2026-05-04 03:43:07.957
Lelando1234,C:/Users/tiaan/My Drive/Tiaan/Personal/Documents & Other/Github/CompanyIntranet/backend/src/database/schema.sql,file,coding,CompanyIntranet,main,SQL,true,Wakatime,Windows,Tiaan-Lenovo,codex-wakapi-history-import/1.0,2026-01-29 13:04:04.000,2026-05-04 03:43:07.957
Lelando1234,C:/Users/tiaan/My Drive/Tiaan/Personal/Documents & Other/Github/CompanyIntranet/backend/src/database/schema.sql,file,coding,CompanyIntranet,main,SQL,true,Wakatime,Windows,Tiaan-Lenovo,codex-wakapi-history-import/1.0,2026-01-29 13:06:04.000,2026-05-04 03:43:07.957
Lelando1234,C:/Users/tiaan/My Drive/Tiaan/Personal/Documents & Other/Github/CompanyIntranet/backend/src/database/schema.sql,file,coding,CompanyIntranet,main,SQL,true,Wakatime,Windows,Tiaan-Lenovo,codex-wakapi-history-import/1.0,2026-01-29 13:08:04.000,2026-05-04 03:43:07.957
Lelando1234,C:/Users/tiaan/My Drive/Tiaan/Personal/Documents & Other/Github/CompanyIntranet/backend/src/database/schema.sql,file,coding,CompanyIntranet,main,SQL,true,Wakatime,Windows,Tiaan-Lenovo,codex-wakapi-history-import/1.0,2026-01-29 13:10:04.000,2026-05-04 03:43:07.957
Lelando1234,C:/Users/tiaan/My Drive/Tiaan/Personal/Documents & Other/Github/CompanyIntranet/backend/src/database/schema.sql,file,coding,CompanyIntranet,main,SQL,true,Wakatime,Windows,Tiaan-Lenovo,codex-wakapi-history-import/1.0,2026-01-29 13:12:04.000,2026-05-04 03:43:07.957
Lelando1234,C:/Users/tiaan/My Drive/Tiaan/Personal/Documents & Other/Github/CompanyIntranet/backend/src/database/schema.sql,file,coding,CompanyIntranet,main,SQL,true,Wakatime,Windows,Tiaan-Lenovo,codex-wakapi-history-import/1.0,2026-01-29 13:14:04.000,2026-05-04 03:43:07.957
Lelando1234,C:/Users/tiaan/My Drive/Tiaan/Personal/Documents & Other/Github/CompanyIntranet/backend/src/database/schema.sql,file,coding,CompanyIntranet,main,SQL,true,Wakatime,Windows,Tiaan-Lenovo,codex-wakapi-history-import/1.0,2026-01-29 13:16:04.000,2026-05-04 03:43:07.957
Lelando1234,C:/Users/tiaan/My Drive/Tiaan/Personal/Documents & Other/Github/CompanyIntranet/backend/src/database/schema.sql,file,coding,CompanyIntranet,main,SQL,true,Wakatime,Windows,Tiaan-Lenovo,codex-wakapi-history-import/1.0,2026-01-29 13:18:04.000,2026-05-04 03:43:07.957
Lelando1234,C:/Users/tiaan/My Drive/Tiaan/Personal/Documents & Other/Github/CompanyIntranet/backend/src/database/schema.sql,file,coding,CompanyIntranet,main,SQL,true,Wakatime,Windows,Tiaan-Lenovo,codex-wakapi-history-import/1.0,2026-01-29 13:20:04.000,2026-05-04 03:43:07.957
Lelando1234,C:/Users/tiaan/My Drive/Tiaan/Personal/Documents & Other/Github/CompanyIntranet/backend/src/database/schema.sql,file,coding,CompanyIntranet,main,SQL,true,Wakatime,Windows,Tiaan-Lenovo,codex-wakapi-history-import/1.0,2026-01-29 13:22:04.000,2026-05-04 03:43:07.957
Lelando1234,C:/Users/tiaan/My Drive/Tiaan/Personal/Documents & Other/Github/CompanyIntranet/install.sh,file,coding,CompanyIntranet,main,Bash,true,Wakatime,Windows,Tiaan-Lenovo,codex-wakapi-history-import/1.0,2026-01-29 13:24:04.000,2026-05-04 03:43:07.957
Lelando1234,C:/Users/tiaan/My Drive/Tiaan/Personal/Documents & Other/Github/CompanyIntranet/install.sh,file,coding,CompanyIntranet,main,Bash,true,Wakatime,Windows,Tiaan-Lenovo,codex-wakapi-history-import/1.0,2026-01-29 13:26:04.000,2026-05-04 03:43:07.957
Lelando1234,C:/Users/tiaan/My Drive/Tiaan/Personal/Documents & Other/Github/CompanyIntranet/install.sh,file,coding,CompanyIntranet,main,Bash,true,Wakatime,Windows,Tiaan-Lenovo,codex-wakapi-history-import/1.0,2026-01-29 13:28:04.000,2026-05-04 03:43:07.957
Lelando1234,C:/Users/tiaan/My Drive/Tiaan/Personal/Documents & Other/Github/CompanyIntranet/install.sh,file,coding,CompanyIntranet,main,Bash,true,Wakatime,Windows,Tiaan-Lenovo,codex-wakapi-history-import/1.0,2026-01-29 13:30:04.000,2026-05-04 03:43:07.957
Lelando1234,C:/Users/tiaan/My Drive/Tiaan/Personal/Documents & Other/Github/CompanyIntranet/install.sh,file,coding,CompanyIntranet,main,Bash,true,Wakatime,Windows,Tiaan-Lenovo,codex-wakapi-history-import/1.0,2026-01-29 13:32:04.000,2026-05-04 03:43:07.957
Lelando1234,C:/Users/tiaan/My Drive/Tiaan/Personal/Documents & Other/Github/CompanyIntranet/install.sh,file,coding,CompanyIntranet,main,Bash,true,Wakatime,Windows,Tiaan-Lenovo,codex-wakapi-history-import/1.0,2026-01-29 13:34:04.000,2026-05-04 03:43:07.957
Lelando1234,C:/Users/tiaan/My Drive/Tiaan/Personal/Documents & Other/Github/CompanyIntranet/install.sh,file,coding,CompanyIntranet,main,Bash,true,Wakatime,Windows,Tiaan-Lenovo,codex-wakapi-history-import/1.0,2026-01-29 13:36:04.000,2026-05-04 03:43:07.957
Lelando1234,C:/Users/tiaan/My Drive/Tiaan/Personal/Documents & Other/Github/CompanyIntranet/install.sh,file,coding,CompanyIntranet,main,Bash,true,Wakatime,Windows,Tiaan-Lenovo,codex-wakapi-history-import/1.0,2026-01-29 13:38:04.000,2026-05-04 03:43:07.957
Lelando1234,C:/Users/tiaan/My Drive/Tiaan/Personal/Documents & Other/Github/CompanyIntranet/src/pages/AdminPanel.tsx,file,coding,CompanyIntranet,main,TypeScript,true,Wakatime,Windows,Tiaan-Lenovo,codex-wakapi-history-import/1.0,2026-02-02 01:47:24.000,2026-05-04 03:43:07.957
Lelando1234,C:/Users/tiaan/My Drive/Tiaan/Personal/Documents & Other/Github/CompanyIntranet/src/pages/AdminPanel.tsx,file,coding,CompanyIntranet,main,TypeScript,true,Wakatime,Windows,Tiaan-Lenovo,codex-wakapi-history-import/1.0,2026-02-02 01:49:24.000,2026-05-04 03:43:07.957
Lelando1234,C:/Users/tiaan/My Drive/Tiaan/Personal/Documents & Other/Github/CompanyIntranet/src/pages/AdminPanel.tsx,file,coding,CompanyIntranet,main,TypeScript,true,Wakatime,Windows,Tiaan-Lenovo,codex-wakapi-history-import/1.0,2026-02-02 01:51:24.000,2026-05-04 03:43:07.957
Lelando1234,C:/Users/tiaan/My Drive/Tiaan/Personal/Documents & Other/Github/CompanyIntranet/src/pages/AdminPanel.tsx,file,coding,CompanyIntranet,main,TypeScript,true,Wakatime,Windows,Tiaan-Lenovo,codex-wakapi-history-import/1.0,2026-02-02 01:53:24.000,2026-05-04 03:43:07.957
Lelando1234,C:/Users/tiaan/My Drive/Tiaan/Personal/Documents & Other/Github/CompanyIntranet/src/pages/AdminPanel.tsx,file,coding,CompanyIntranet,main,TypeScript,true,Wakatime,Windows,Tiaan-Lenovo,codex-wakapi-history-import/1.0,2026-02-02 01:55:24.000,2026-05-04 03:43:07.957
Lelando1234,C:/Users/tiaan/My Drive/Tiaan/Personal/Documents & Other/Github/CompanyIntranet/src/pages/AdminPanel.tsx,file,coding,CompanyIntranet,main,TypeScript,true,Wakatime,Windows,Tiaan-Lenovo,codex-wakapi-history-import/1.0,2026-02-02 01:57:24.000,2026-05-04 03:43:07.957
Lelando1234,C:/Users/tiaan/My Drive/Tiaan/Personal/Documents & Other/Github/CompanyIntranet/src/pages/AdminPanel.tsx,file,coding,CompanyIntranet,main,TypeScript,true,Wakatime,Windows,Tiaan-Lenovo,codex-wakapi-history-import/1.0,2026-02-02 01:59:24.000,2026-05-04 03:43:07.957
Lelando1234,C:/Users/tiaan/My Drive/Tiaan/Personal/Documents & Other/Github/CompanyIntranet/src/pages/AdminPanel.tsx,file,coding,CompanyIntranet,main,TypeScript,true,Wakatime,Windows,Tiaan-Lenovo,codex-wakapi-history-import/1.0,2026-02-02 02:01:24.000,2026-05-04 03:43:07.957
Lelando1234,C:/Users/tiaan/My Drive/Tiaan/Personal/Documents & Other/Github/CompanyIntranet/src/pages/AdminPanel.tsx,file,coding,CompanyIntranet,main,TypeScript,true,Wakatime,Windows,Tiaan-Lenovo,codex-wakapi-history-import/1.0,2026-02-02 02:03:24.000,2026-05-04 03:43:07.957
Lelando1234,C:/Users/tiaan/My Drive/Tiaan/Personal/Documents & Other/Github/CompanyIntranet/src/pages/AdminPanel.tsx,file,coding,CompanyIntranet,main,TypeScript,true,Wakatime,Windows,Tiaan-Lenovo,codex-wakapi-history-import/1.0,2026-02-02 02:05:24.000,2026-05-04 03:43:07.957
Lelando1234,C:/Users/tiaan/My Drive/Tiaan/Personal/Documents & Other/Github/CompanyIntranet/src/pages/AdminPanel.tsx,file,coding,CompanyIntranet,main,TypeScript,true,Wakatime,Windows,Tiaan-Lenovo,codex-wakapi-history-import/1.0,2026-02-02 02:07:24.000,2026-05-04 03:43:07.957
Lelando1234,C:/Users/tiaan/My Drive/Tiaan/Personal/Documents & Other/Github/CompanyIntranet/src/pages/AdminPanel.tsx,file,coding,CompanyIntranet,main,TypeScript,true,Wakatime,Windows,Tiaan-Lenovo,codex-wakapi-history-import/1.0,2026-02-02 02:09:24.000,2026-05-04 03:43:07.957
Lelando1234,C:/Users/tiaan/My Drive/Tiaan/Personal/Documents & Other/Github/CompanyIntranet/src/pages/AdminPanel.tsx,file,coding,CompanyIntranet,main,TypeScript,true,Wakatime,Windows,Tiaan-Lenovo,codex-wakapi-history-import/1.0,2026-02-02 02:11:24.000,2026-05-04 03:43:07.957
Lelando1234,C:/Users/tiaan/My Drive/Tiaan/Personal/Documents & Other/Github/CompanyIntranet/src/lib/api.ts,file,coding,CompanyIntranet,main,TypeScript,true,Wakatime,Windows,Tiaan-Lenovo,codex-wakapi-history-import/1.0,2026-02-02 02:13:24.000,2026-05-04 03:43:07.957
Lelando1234,C:/Users/tiaan/My Drive/Tiaan/Personal/Documents & Other/Github/CompanyIntranet/src/lib/api.ts,file,coding,CompanyIntranet,main,TypeScript,true,Wakatime,Windows,Tiaan-Lenovo,codex-wakapi-history-import/1.0,2026-02-02 02:15:24.000,2026-05-04 03:43:07.957
Lelando1234,C:/Users/tiaan/My Drive/Tiaan/Personal/Documents & Other/Github/CompanyIntranet/src/lib/api.ts,file,coding,CompanyIntranet,main,TypeScript,true,Wakatime,Windows,Tiaan-Lenovo,codex-wakapi-history-import/1.0,2026-02-02 02:17:24.000,2026-05-04 03:43:07.957
Lelando1234,C:/Users/tiaan/My Drive/Tiaan/Personal/Documents & Other/Github/CompanyIntranet/src/lib/api.ts,file,coding,CompanyIntranet,main,TypeScript,true,Wakatime,Windows,Tiaan-Lenovo,codex-wakapi-history-import/1.0,2026-02-02 13:43:12.000,2026-05-04 03:43:07.957
Lelando1234,C:/Users/tiaan/My Drive/Tiaan/Personal/Documents & Other/Github/CompanyIntranet/src/lib/api.ts,file,coding,CompanyIntranet,main,TypeScript,true,Wakatime,Windows,Tiaan-Lenovo,codex-wakapi-history-import/1.0,2026-02-02 13:45:12.000,2026-05-04 03:43:07.957
Lelando1234,C:/Users/tiaan/My Drive/Tiaan/Personal/Documents & Other/Github/CompanyIntranet/src/lib/api.ts,file,coding,CompanyIntranet,main,TypeScript,true,Wakatime,Windows,Tiaan-Lenovo,codex-wakapi-history-import/1.0,2026-02-02 13:47:12.000,2026-05-04 03:43:07.957
Lelando1234,C:/Users/tiaan/My Drive/Tiaan/Personal/Documents & Other/Github/CompanyIntranet/src/lib/api.ts,file,coding,CompanyIntranet,main,TypeScript,true,Wakatime,Windows,Tiaan-Lenovo,codex-wakapi-history-import/1.0,2026-02-02 13:49:12.000,2026-05-04 03:43:07.957
Lelando1234,C:/Users/tiaan/My Drive/Tiaan/Personal/Documents & Other/Github/CompanyIntranet/src/lib/api.ts,file,coding,CompanyIntranet,main,TypeScript,true,Wakatime,Windows,Tiaan-Lenovo,codex-wakapi-history-import/1.0,2026-02-02 13:51:12.000,2026-05-04 03:43:07.957
Lelando1234,C:/Users/tiaan/My Drive/Tiaan/Personal/Documents & Other/Github/CompanyIntranet/src/lib/api.ts,file,coding,CompanyIntranet,main,TypeScript,true,Wakatime,Windows,Tiaan-Lenovo,codex-wakapi-history-import/1.0,2026-02-02 13:53:12.000,2026-05-04 03:43:07.957
Lelando1234,C:/Users/tiaan/My Drive/Tiaan/Personal/Documents & Other/Github/CompanyIntranet/src/lib/api.ts,file,coding,CompanyIntranet,main,TypeScript,true,Wakatime,Windows,Tiaan-Lenovo,codex-wakapi-history-import/1.0,2026-02-02 13:55:12.000,2026-05-04 03:43:07.957
Lelando1234,C:/Users/tiaan/My Drive/Tiaan/Personal/Documents & Other/Github/CompanyIntranet/src/lib/api.ts,file,coding,CompanyIntranet,main,TypeScript,true,Wakatime,Windows,Tiaan-Lenovo,codex-wakapi-history-import/1.0,2026-02-02 13:57:12.000,2026-05-04 03:43:07.957
Lelando1234,C:/Users/tiaan/My Drive/Tiaan/Personal/Documents & Other/Github/CompanyIntranet/src/lib/api.ts,file,coding,CompanyIntranet,main,TypeScript,true,Wakatime,Windows,Tiaan-Lenovo,codex-wakapi-history-import/1.0,2026-02-02 13:59:12.000,2026-05-04 03:43:07.957
Lelando1234,C:/Users/tiaan/My Drive/Tiaan/Personal/Documents & Other/Github/CompanyIntranet/src/lib/api.ts,file,coding,CompanyIntranet,main,TypeScript,true,Wakatime,Windows,Tiaan-Lenovo,codex-wakapi-history-import/1.0,2026-02-02 14:01:12.000,2026-05-04 03:43:07.957
Lelando1234,C:/Users/tiaan/My Drive/Tiaan/Personal/Documents & Other/Github/CompanyIntranet/src/lib/api.ts,file,coding,CompanyIntranet,main,TypeScript,true,Wakatime,Windows,Tiaan-Lenovo,codex-wakapi-history-import/1.0,2026-02-02 14:03:12.000,2026-05-04 03:43:07.957
Lelando1234,C:/Users/tiaan/My Drive/Tiaan/Personal/Documents & Other/Github/CompanyIntranet/src/lib/api.ts,file,coding,CompanyIntranet,main,TypeScript,true,Wakatime,Windows,Tiaan-Lenovo,codex-wakapi-history-import/1.0,2026-02-02 14:05:12.000,2026-05-04 03:43:07.957
Lelando1234,C:/Users/tiaan/My Drive/Tiaan/Personal/Documents & Other/Github/CompanyIntranet/src/lib/api.ts,file,coding,CompanyIntranet,main,TypeScript,true,Wakatime,Windows,Tiaan-Lenovo,codex-wakapi-history-import/1.0,2026-02-02 14:07:12.000,2026-05-04 03:43:07.957
Lelando1234,C:/Users/tiaan/My Drive/Tiaan/Personal/Documents & Other/Github/CompanyIntranet/src/pages/Dashboard.tsx,file,coding,CompanyIntranet,main,TypeScript,true,Wakatime,Windows,Tiaan-Lenovo,codex-wakapi-history-import/1.0,2026-02-02 14:09:12.000,2026-05-04 03:43:07.957
Lelando1234,C:/Users/tiaan/My Drive/Tiaan/Personal/Documents & Other/Github/CompanyIntranet/src/pages/Dashboard.tsx,file,coding,CompanyIntranet,main,TypeScript,true,Wakatime,Windows,Tiaan-Lenovo,codex-wakapi-history-import/1.0,2026-02-02 14:11:12.000,2026-05-04 03:43:07.957
Lelando1234,C:/Users/tiaan/My Drive/Tiaan/Personal/Documents & Other/Github/CompanyIntranet/src/pages/Dashboard.tsx,file,coding,CompanyIntranet,main,TypeScript,true,Wakatime,Windows,Tiaan-Lenovo,codex-wakapi-history-import/1.0,2026-02-02 14:13:12.000,2026-05-04 03:43:07.957
Lelando1234,C:/Users/tiaan/My Drive/Tiaan/Personal/Documents & Other/Github/CompanyIntranet/src/pages/Dashboard.tsx,file,coding,CompanyIntranet,main,TypeScript,true,Wakatime,Windows,Tiaan-Lenovo,codex-wakapi-history-import/1.0,2026-02-02 14:15:12.000,2026-05-04 03:43:07.957
Lelando1234,C:/Users/tiaan/My Drive/Tiaan/Personal/Documents & Other/Github/CompanyIntranet/src/pages/Dashboard.tsx,file,coding,CompanyIntranet,main,TypeScript,true,Wakatime,Windows,Tiaan-Lenovo,codex-wakapi-history-import/1.0,2026-02-02 14:17:12.000,2026-05-04 03:43:07.957
Lelando1234,C:/Users/tiaan/My Drive/Tiaan/Personal/Documents & Other/Github/CompanyIntranet/src/pages/Dashboard.tsx,file,coding,CompanyIntranet,main,TypeScript,true,Wakatime,Windows,Tiaan-Lenovo,codex-wakapi-history-import/1.0,2026-02-02 14:19:12.000,2026-05-04 03:43:07.957
Lelando1234,C:/Users/tiaan/My Drive/Tiaan/Personal/Documents & Other/Github/CompanyIntranet/src/pages/Dashboard.tsx,file,coding,CompanyIntranet,main,TypeScript,true,Wakatime,Windows,Tiaan-Lenovo,codex-wakapi-history-import/1.0,2026-02-02 14:21:12.000,2026-05-04 03:43:07.957
Lelando1234,C:/Users/tiaan/My Drive/Tiaan/Personal/Documents & Other/Github/CompanyIntranet/src/pages/Dashboard.tsx,file,coding,CompanyIntranet,main,TypeScript,true,Wakatime,Windows,Tiaan-Lenovo,codex-wakapi-history-import/1.0,2026-02-02 14:23:12.000,2026-05-04 03:43:07.957
Lelando1234,C:/Users/tiaan/My Drive/Tiaan/Personal/Documents & Other/Github/CompanyIntranet/README.md,file,coding,CompanyIntranet,main,Markdown,true,Wakatime,Windows,Tiaan-Lenovo,codex-wakapi-history-import/1.0,2026-02-05 01:01:30.000,2026-05-04 03:43:07.957
Lelando1234,C:/Users/tiaan/My Drive/Tiaan/Personal/Documents & Other/Github/CompanyIntranet/README.md,file,coding,CompanyIntranet,main,Markdown,true,Wakatime,Windows,Tiaan-Lenovo,codex-wakapi-history-import/1.0,2026-02-05 01:03:30.000,2026-05-04 03:43:07.957
Lelando1234,C:/Users/tiaan/My Drive/Tiaan/Personal/Documents & Other/Github/CompanyIntranet/README.md,file,coding,CompanyIntranet,main,Markdown,true,Wakatime,Windows,Tiaan-Lenovo,codex-wakapi-history-import/1.0,2026-02-05 01:05:30.000,2026-05-04 03:43:07.957
Lelando1234,C:/Users/tiaan/My Drive/Tiaan/Personal/Documents & Other/Github/CompanyIntranet/README.md,file,coding,CompanyIntranet,main,Markdown,true,Wakatime,Windows,Tiaan-Lenovo,codex-wakapi-history-import/1.0,2026-02-05 01:07:30.000,2026-05-04 03:43:07.957
Lelando1234,C:/Users/tiaan/My Drive/Tiaan/Personal/Documents & Other/Github/CompanyIntranet/README.md,file,coding,CompanyIntranet,main,Markdown,true,Wakatime,Windows,Tiaan-Lenovo,codex-wakapi-history-import/1.0,2026-02-05 01:09:30.000,2026-05-04 03:43:07.957
Lelando1234,C:/Users/tiaan/My Drive/Tiaan/Personal/Documents & Other/Github/CompanyIntranet/README.md,file,coding,CompanyIntranet,main,Markdown,true,Wakatime,Windows,Tiaan-Lenovo,codex-wakapi-history-import/1.0,2026-02-05 01:11:30.000,2026-05-04 03:43:07.957
Lelando1234,C:/Users/tiaan/My Drive/Tiaan/Personal/Documents & Other/Github/CompanyIntranet/README.md,file,coding,CompanyIntranet,main,Markdown,true,Wakatime,Windows,Tiaan-Lenovo,codex-wakapi-history-import/1.0,2026-02-05 01:13:30.000,2026-05-04 03:43:07.957
Lelando1234,C:/Users/tiaan/My Drive/Tiaan/Personal/Documents & Other/Github/CompanyIntranet/README.md,file,coding,CompanyIntranet,main,Markdown,true,Wakatime,Windows,Tiaan-Lenovo,codex-wakapi-history-import/1.0,2026-02-05 01:15:30.000,2026-05-04 03:43:07.957
Lelando1234,C:/Users/tiaan/My Drive/Tiaan/Personal/Documents & Other/Github/CompanyIntranet/README.md,file,coding,CompanyIntranet,main,Markdown,true,Wakatime,Windows,Tiaan-Lenovo,codex-wakapi-history-import/1.0,2026-02-05 01:17:30.000,2026-05-04 03:43:07.957
Lelando1234,C:/Users/tiaan/My Drive/Tiaan/Personal/Documents & Other/Github/CompanyIntranet/README.md,file,coding,CompanyIntranet,main,Markdown,true,Wakatime,Windows,Tiaan-Lenovo,codex-wakapi-history-import/1.0,2026-02-05 01:19:30.000,2026-05-04 03:43:07.957
Lelando1234,C:/Users/tiaan/My Drive/Tiaan/Personal/Documents & Other/Github/CompanyIntranet/README.md,file,coding,CompanyIntranet,main,Markdown,true,Wakatime,Windows,Tiaan-Lenovo,codex-wakapi-history-import/1.0,2026-02-05 01:21:30.000,2026-05-04 03:43:07.957
Lelando1234,C:/Users/tiaan/My Drive/Tiaan/Personal/Documents & Other/Github/CompanyIntranet/README.md,file,coding,CompanyIntranet,main,Markdown,true,Wakatime,Windows,Tiaan-Lenovo,codex-wakapi-history-import/1.0,2026-02-05 01:23:30.000,2026-05-04 03:43:07.957
Lelando1234,C:/Users/tiaan/My Drive/Tiaan/Personal/Documents & Other/Github/CompanyIntranet/README.md,file,coding,CompanyIntranet,main,Markdown,true,Wakatime,Windows,Tiaan-Lenovo,codex-wakapi-history-import/1.0,2026-02-05 01:25:30.000,2026-05-04 03:43:07.957
Lelando1234,C:/Users/tiaan/My Drive/Tiaan/Personal/Documents & Other/Github/CompanyIntranet/backend/.env.example,file,coding,CompanyIntranet,main,Text,true,Wakatime,Windows,Tiaan-Lenovo,codex-wakapi-history-import/1.0,2026-02-05 01:27:30.000,2026-05-04 03:43:07.957
Lelando1234,C:/Users/tiaan/My Drive/Tiaan/Personal/Documents & Other/Github/CompanyIntranet/backend/.env.example,file,coding,CompanyIntranet,main,Text,true,Wakatime,Windows,Tiaan-Lenovo,codex-wakapi-history-import/1.0,2026-02-05 01:29:30.000,2026-05-04 03:43:07.957
Lelando1234,C:/Users/tiaan/My Drive/Tiaan/Personal/Documents & Other/Github/CompanyIntranet/backend/.env.example,file,coding,CompanyIntranet,main,Text,true,Wakatime,Windows,Tiaan-Lenovo,codex-wakapi-history-import/1.0,2026-02-05 01:31:30.000,2026-05-04 03:43:07.957
Lelando1234,C:/Users/tiaan/My Drive/Tiaan/Personal/Documents & Other/Github/CompanyIntranet/backend/.env.example,file,coding,CompanyIntranet,main,Text,true,Wakatime,Windows,Tiaan-Lenovo,codex-wakapi-history-import/1.0,2026-02-05 01:33:30.000,2026-05-04 03:43:07.957
Lelando1234,C:/Users/tiaan/My Drive/Tiaan/Personal/Documents & Other/Github/CompanyIntranet/backend/.env.example,file,coding,CompanyIntranet,main,Text,true,Wakatime,Windows,Tiaan-Lenovo,codex-wakapi-history-import/1.0,2026-02-05 01:35:30.000,2026-05-04 03:43:07.957
Lelando1234,C:/Users/tiaan/My Drive/Tiaan/Personal/Documents & Other/Github/CompanyIntranet/backend/.env.example,file,coding,CompanyIntranet,main,Text,true,Wakatime,Windows,Tiaan-Lenovo,codex-wakapi-history-import/1.0,2026-02-05 01:37:30.000,2026-05-04 03:43:07.957
Lelando1234,C:/Users/tiaan/My Drive/Tiaan/Personal/Documents & Other/Github/CompanyIntranet/backend/.env.example,file,coding,CompanyIntranet,main,Text,true,Wakatime,Windows,Tiaan-Lenovo,codex-wakapi-history-import/1.0,2026-02-05 01:39:30.000,2026-05-04 03:43:07.957
Lelando1234,C:/Users/tiaan/My Drive/Tiaan/Personal/Documents & Other/Github/CompanyIntranet/backend/.env.example,file,coding,CompanyIntranet,main,Text,true,Wakatime,Windows,Tiaan-Lenovo,codex-wakapi-history-import/1.0,2026-02-05 01:41:30.000,2026-05-04 03:43:07.957
Lelando1234,C:/Users/tiaan/My Drive/Tiaan/Personal/Documents & Other/Github/CompanyIntranet/backend/.env.example,file,coding,CompanyIntranet,main,Text,true,Wakatime,Windows,Tiaan-Lenovo,codex-wakapi-history-import/1.0,2026-02-05 01:43:30.000,2026-05-04 03:43:07.957
Lelando1234,C:/Users/tiaan/My Drive/Tiaan/Personal/Documents & Other/Github/CompanyIntranet/backend/.env.example,file,coding,CompanyIntranet,main,Text,true,Wakatime,Windows,Tiaan-Lenovo,codex-wakapi-history-import/1.0,2026-02-05 01:45:30.000,2026-05-04 03:43:07.957
Lelando1234,C:/Users/tiaan/My Drive/Tiaan/Personal/Documents & Other/Github/CompanyIntranet/backend/.env.example,file,coding,CompanyIntranet,main,Text,true,Wakatime,Windows,Tiaan-Lenovo,codex-wakapi-history-import/1.0,2026-02-05 01:47:30.000,2026-05-04 03:43:07.957
Lelando1234,C:/Users/tiaan/My Drive/Tiaan/Personal/Documents & Other/Github/CompanyIntranet/backend/.env.example,file,coding,CompanyIntranet,main,Text,true,Wakatime,Windows,Tiaan-Lenovo,codex-wakapi-history-import/1.0,2026-02-05 01:49:30.000,2026-05-04 03:43:07.957
Lelando1234,C:/Users/tiaan/My Drive/Tiaan/Personal/Documents & Other/Github/CompanyIntranet/backend/.gitignore,file,coding,CompanyIntranet,main,Text,true,Wakatime,Windows,Tiaan-Lenovo,codex-wakapi-history-import/1.0,2026-02-05 01:51:30.000,2026-05-04 03:43:07.957
Lelando1234,C:/Users/tiaan/My Drive/Tiaan/Personal/Documents & Other/Github/CompanyIntranet/backend/.gitignore,file,coding,CompanyIntranet,main,Text,true,Wakatime,Windows,Tiaan-Lenovo,codex-wakapi-history-import/1.0,2026-02-05 01:53:30.000,2026-05-04 03:43:07.957
Lelando1234,C:/Users/tiaan/My Drive/Tiaan/Personal/Documents & Other/Github/CompanyIntranet/backend/.gitignore,file,coding,CompanyIntranet,main,Text,true,Wakatime,Windows,Tiaan-Lenovo,codex-wakapi-history-import/1.0,2026-02-05 01:55:30.000,2026-05-04 03:43:07.957
Lelando1234,C:/Users/tiaan/My Drive/Tiaan/Personal/Documents & Other/Github/CompanyIntranet/backend/.gitignore,file,coding,CompanyIntranet,main,Text,true,Wakatime,Windows,Tiaan-Lenovo,codex-wakapi-history-import/1.0,2026-02-05 01:57:30.000,2026-05-04 03:43:07.957
Lelando1234,C:/Users/tiaan/My Drive/Tiaan/Personal/Documents & Other/Github/CompanyIntranet/backend/.gitignore,file,coding,CompanyIntranet,main,Text,true,Wakatime,Windows,Tiaan-Lenovo,codex-wakapi-history-import/1.0,2026-02-05 01:59:30.000,2026-05-04 03:43:07.957
Lelando1234,C:/Users/tiaan/My Drive/Tiaan/Personal/Documents & Other/Github/CompanyIntranet/backend/.gitignore,file,coding,CompanyIntranet,main,Text,true,Wakatime,Windows,Tiaan-Lenovo,codex-wakapi-history-import/1.0,2026-02-05 02:01:30.000,2026-05-04 03:43:07.957
Lelando1234,C:/Users/tiaan/My Drive/Tiaan/Personal/Documents & Other/Github/CompanyIntranet/backend/.gitignore,file,coding,CompanyIntranet,main,Text,true,Wakatime,Windows,Tiaan-Lenovo,codex-wakapi-history-import/1.0,2026-02-05 02:03:30.000,2026-05-04 03:43:07.957
Lelando1234,C:/Users/tiaan/My Drive/Tiaan/Personal/Documents & Other/Github/CompanyIntranet/backend/.gitignore,file,coding,CompanyIntranet,main,Text,true,Wakatime,Windows,Tiaan-Lenovo,codex-wakapi-history-import/1.0,2026-02-05 02:05:30.000,2026-05-04 03:43:07.957
Lelando1234,C:/Users/tiaan/My Drive/Tiaan/Personal/Documents & Other/Github/CompanyIntranet/backend/.gitignore,file,coding,CompanyIntranet,main,Text,true,Wakatime,Windows,Tiaan-Lenovo,codex-wakapi-history-import/1.0,2026-02-05 02:07:30.000,2026-05-04 03:43:07.957
Lelando1234,C:/Users/tiaan/My Drive/Tiaan/Personal/Documents & Other/Github/CompanyIntranet/scripts/company-portal.service,file,coding,CompanyIntranet,main,Text,true,Wakatime,Windows,Tiaan-Lenovo,codex-wakapi-history-import/1.0,2026-02-05 13:03:24.000,2026-05-04 03:43:07.957
Lelando1234,C:/Users/tiaan/My Drive/Tiaan/Personal/Documents & Other/Github/CompanyIntranet/scripts/company-portal.service,file,coding,CompanyIntranet,main,Text,true,Wakatime,Windows,Tiaan-Lenovo,codex-wakapi-history-import/1.0,2026-02-05 13:05:24.000,2026-05-04 03:43:07.957
Lelando1234,C:/Users/tiaan/My Drive/Tiaan/Personal/Documents & Other/Github/CompanyIntranet/scripts/company-portal.service,file,coding,CompanyIntranet,main,Text,true,Wakatime,Windows,Tiaan-Lenovo,codex-wakapi-history-import/1.0,2026-02-05 13:07:24.000,2026-05-04 03:43:07.957
Lelando1234,C:/Users/tiaan/My Drive/Tiaan/Personal/Documents & Other/Github/CompanyIntranet/scripts/company-portal.service,file,coding,CompanyIntranet,main,Text,true,Wakatime,Windows,Tiaan-Lenovo,codex-wakapi-history-import/1.0,2026-02-05 13:09:24.000,2026-05-04 03:43:07.957
Lelando1234,C:/Users/tiaan/My Drive/Tiaan/Personal/Documents & Other/Github/CompanyIntranet/scripts/company-portal.service,file,coding,CompanyIntranet,main,Text,true,Wakatime,Windows,Tiaan-Lenovo,codex-wakapi-history-import/1.0,2026-02-05 13:11:24.000,2026-05-04 03:43:07.957
Lelando1234,C:/Users/tiaan/My Drive/Tiaan/Personal/Documents & Other/Github/CompanyIntranet/scripts/company-portal.service,file,coding,CompanyIntranet,main,Text,true,Wakatime,Windows,Tiaan-Lenovo,codex-wakapi-history-import/1.0,2026-02-05 13:13:24.000,2026-05-04 03:43:07.957
Lelando1234,C:/Users/tiaan/My Drive/Tiaan/Personal/Documents & Other/Github/CompanyIntranet/scripts/company-portal.service,file,coding,CompanyIntranet,main,Text,true,Wakatime,Windows,Tiaan-Lenovo,codex-wakapi-history-import/1.0,2026-02-05 13:15:24.000,2026-05-04 03:43:07.957
Lelando1234,C:/Users/tiaan/My Drive/Tiaan/Personal/Documents & Other/Github/CompanyIntranet/scripts/company-portal.service,file,coding,CompanyIntranet,main,Text,true,Wakatime,Windows,Tiaan-Lenovo,codex-wakapi-history-import/1.0,2026-02-05 13:17:24.000,2026-05-04 03:43:07.957
Lelando1234,C:/Users/tiaan/My Drive/Tiaan/Personal/Documents & Other/Github/CompanyIntranet/scripts/company-portal.service,file,coding,CompanyIntranet,main,Text,true,Wakatime,Windows,Tiaan-Lenovo,codex-wakapi-history-import/1.0,2026-02-05 13:19:24.000,2026-05-04 03:43:07.957
Lelando1234,C:/Users/tiaan/My Drive/Tiaan/Personal/Documents & Other/Github/CompanyIntranet/scripts/company-portal.service,file,coding,CompanyIntranet,main,Text,true,Wakatime,Windows,Tiaan-Lenovo,codex-wakapi-history-import/1.0,2026-02-05 13:21:24.000,2026-05-04 03:43:07.957
Lelando1234,C:/Users/tiaan/My Drive/Tiaan/Personal/Documents & Other/Github/CompanyIntranet/scripts/company-portal.service,file,coding,CompanyIntranet,main,Text,true,Wakatime,Windows,Tiaan-Lenovo,codex-wakapi-history-import/1.0,2026-02-05 13:23:24.000,2026-05-04 03:43:07.957
Lelando1234,C:/Users/tiaan/My Drive/Tiaan/Personal/Documents & Other/Github/CompanyIntranet/scripts/company-portal.service,file,coding,CompanyIntranet,main,Text,true,Wakatime,Windows,Tiaan-Lenovo,codex-wakapi-history-import/1.0,2026-02-05 13:25:24.000,2026-05-04 03:43:07.957
Lelando1234,C:/Users/tiaan/My Drive/Tiaan/Personal/Documents & Other/Github/CompanyIntranet/scripts/company-portal.service,file,coding,CompanyIntranet,main,Text,true,Wakatime,Windows,Tiaan-Lenovo,codex-wakapi-history-import/1.0,2026-02-05 13:27:24.000,2026-05-04 03:43:07.957
Lelando1234,C:/Users/tiaan/My Drive/Tiaan/Personal/Documents & Other/Github/CompanyIntranet/install.sh,file,coding,CompanyIntranet,main,Bash,true,Wakatime,Windows,Tiaan-Lenovo,codex-wakapi-history-import/1.0,2026-02-05 13:29:24.000,2026-05-04 03:43:07.957
Lelando1234,C:/Users/tiaan/My Drive/Tiaan/Personal/Documents & Other/Github/CompanyIntranet/install.sh,file,coding,CompanyIntranet,main,Bash,true,Wakatime,Windows,Tiaan-Lenovo,codex-wakapi-history-import/1.0,2026-02-05 13:31:24.000,2026-05-04 03:43:07.957
Lelando1234,C:/Users/tiaan/My Drive/Tiaan/Personal/Documents & Other/Github/CompanyIntranet/install.sh,file,coding,CompanyIntranet,main,Bash,true,Wakatime,Windows,Tiaan-Lenovo,codex-wakapi-history-import/1.0,2026-02-05 13:33:24.000,2026-05-04 03:43:07.957
Lelando1234,C:/Users/tiaan/My Drive/Tiaan/Personal/Documents & Other/Github/CompanyIntranet/install.sh,file,coding,CompanyIntranet,main,Bash,true,Wakatime,Windows,Tiaan-Lenovo,codex-wakapi-history-import/1.0,2026-02-05 13:35:24.000,2026-05-04 03:43:07.957
Lelando1234,C:/Users/tiaan/My Drive/Tiaan/Personal/Documents & Other/Github/CompanyIntranet/install.sh,file,coding,CompanyIntranet,main,Bash,true,Wakatime,Windows,Tiaan-Lenovo,codex-wakapi-history-import/1.0,2026-02-05 13:37:24.000,2026-05-04 03:43:07.957
Lelando1234,C:/Users/tiaan/My Drive/Tiaan/Personal/Documents & Other/Github/CompanyIntranet/install.sh,file,coding,CompanyIntranet,main,Bash,true,Wakatime,Windows,Tiaan-Lenovo,codex-wakapi-history-import/1.0,2026-02-05 13:39:24.000,2026-05-04 03:43:07.957
Lelando1234,C:/Users/tiaan/My Drive/Tiaan/Personal/Documents & Other/Github/CompanyIntranet/install.sh,file,coding,CompanyIntranet,main,Bash,true,Wakatime,Windows,Tiaan-Lenovo,codex-wakapi-history-import/1.0,2026-02-05 13:41:24.000,2026-05-04 03:43:07.957
Lelando1234,C:/Users/tiaan/My Drive/Tiaan/Personal/Documents & Other/Github/CompanyIntranet/install.sh,file,coding,CompanyIntranet,main,Bash,true,Wakatime,Windows,Tiaan-Lenovo,codex-wakapi-history-import/1.0,2026-02-05 13:43:24.000,2026-05-04 03:43:07.957
Lelando1234,C:/Users/tiaan/My Drive/Tiaan/Personal/Documents & Other/Github/CompanyIntranet/install.sh,file,coding,CompanyIntranet,main,Bash,true,Wakatime,Windows,Tiaan-Lenovo,codex-wakapi-history-import/1.0,2026-02-05 13:45:24.000,2026-05-04 03:43:07.957
Lelando1234,C:/Users/tiaan/My Drive/Tiaan/Personal/Documents & Other/Github/CompanyIntranet/install.sh,file,coding,CompanyIntranet,main,Bash,true,Wakatime,Windows,Tiaan-Lenovo,codex-wakapi-history-import/1.0,2026-02-05 13:47:24.000,2026-05-04 03:43:07.957
Lelando1234,C:/Users/tiaan/My Drive/Tiaan/Personal/Documents & Other/Github/CompanyIntranet/install.sh,file,coding,CompanyIntranet,main,Bash,true,Wakatime,Windows,Tiaan-Lenovo,codex-wakapi-history-import/1.0,2026-02-05 13:49:24.000,2026-05-04 03:43:07.957
Lelando1234,C:/Users/tiaan/My Drive/Tiaan/Personal/Documents & Other/Github/CompanyIntranet/install.sh,file,coding,CompanyIntranet,main,Bash,true,Wakatime,Windows,Tiaan-Lenovo,codex-wakapi-history-import/1.0,2026-02-05 13:51:24.000,2026-05-04 03:43:07.957
Lelando1234,C:/Users/tiaan/My Drive/Tiaan/Personal/Documents & Other/Github/CompanyIntranet/scripts/company-portal.service,file,coding,CompanyIntranet,main,Text,true,Wakatime,Windows,Tiaan-Lenovo,codex-wakapi-history-import/1.0,2026-02-05 13:53:24.000,2026-05-04 03:43:07.957
Lelando1234,C:/Users/tiaan/My Drive/Tiaan/Personal/Documents & Other/Github/CompanyIntranet/scripts/company-portal.service,file,coding,CompanyIntranet,main,Text,true,Wakatime,Windows,Tiaan-Lenovo,codex-wakapi-history-import/1.0,2026-02-05 13:55:24.000,2026-05-04 03:43:07.957
Lelando1234,C:/Users/tiaan/My Drive/Tiaan/Personal/Documents & Other/Github/CompanyIntranet/scripts/company-portal.service,file,coding,CompanyIntranet,main,Text,true,Wakatime,Windows,Tiaan-Lenovo,codex-wakapi-history-import/1.0,2026-02-05 13:57:24.000,2026-05-04 03:43:07.957
Lelando1234,C:/Users/tiaan/My Drive/Tiaan/Personal/Documents & Other/Github/CompanyIntranet/scripts/company-portal.service,file,coding,CompanyIntranet,main,Text,true,Wakatime,Windows,Tiaan-Lenovo,codex-wakapi-history-import/1.0,2026-02-05 13:59:24.000,2026-05-04 03:43:07.957
Lelando1234,C:/Users/tiaan/My Drive/Tiaan/Personal/Documents & Other/Github/CompanyIntranet/scripts/company-portal.service,file,coding,CompanyIntranet,main,Text,true,Wakatime,Windows,Tiaan-Lenovo,codex-wakapi-history-import/1.0,2026-02-05 14:01:24.000,2026-05-04 03:43:07.957
Lelando1234,C:/Users/tiaan/My Drive/Tiaan/Personal/Documents & Other/Github/CompanyIntranet/scripts/company-portal.service,file,coding,CompanyIntranet,main,Text,true,Wakatime,Windows,Tiaan-Lenovo,codex-wakapi-history-import/1.0,2026-02-05 14:03:24.000,2026-05-04 03:43:07.957
Lelando1234,C:/Users/tiaan/My Drive/Tiaan/Personal/Documents & Other/Github/CompanyIntranet/scripts/company-portal.service,file,coding,CompanyIntranet,main,Text,true,Wakatime,Windows,Tiaan-Lenovo,codex-wakapi-history-import/1.0,2026-02-05 14:05:24.000,2026-05-04 03:43:07.957
Lelando1234,C:/Users/tiaan/My Drive/Tiaan/Personal/Documents & Other/Github/CompanyIntranet/scripts/company-portal.service,file,coding,CompanyIntranet,main,Text,true,Wakatime,Windows,Tiaan-Lenovo,codex-wakapi-history-import/1.0,2026-02-05 14:07:24.000,2026-05-04 03:43:07.957
Lelando1234,C:/Users/tiaan/My Drive/Tiaan/Personal/Documents & Other/Github/CompanyIntranet/scripts/company-portal.service,file,coding,CompanyIntranet,main,Text,true,Wakatime,Windows,Tiaan-Lenovo,codex-wakapi-history-import/1.0,2026-02-05 14:09:24.000,2026-05-04 03:43:07.957
Lelando1234,C:/Users/tiaan/My Drive/Tiaan/Personal/Documents & Other/Github/CompanyIntranet/scripts/company-portal.service,file,coding,CompanyIntranet,main,Text,true,Wakatime,Windows,Tiaan-Lenovo,codex-wakapi-history-import/1.0,2026-02-05 14:11:24.000,2026-05-04 03:43:07.957
Lelando1234,C:/Users/tiaan/My Drive/Tiaan/Personal/Documents & Other/Github/CompanyIntranet/scripts/company-portal.service,file,coding,CompanyIntranet,main,Text,true,Wakatime,Windows,Tiaan-Lenovo,codex-wakapi-history-import/1.0,2026-02-05 14:13:24.000,2026-05-04 03:43:07.957
Lelando1234,C:/Users/tiaan/My Drive/Tiaan/Personal/Documents & Other/Github/CompanyIntranet/scripts/company-portal.service,file,coding,CompanyIntranet,main,Text,true,Wakatime,Windows,Tiaan-Lenovo,codex-wakapi-history-import/1.0,2026-02-05 14:15:24.000,2026-05-04 03:43:07.957
Lelando1234,C:/Users/tiaan/My Drive/Tiaan/Personal/Documents & Other/Github/CompanyIntranet/scripts/company-portal.service,file,coding,CompanyIntranet,main,Text,true,Wakatime,Windows,Tiaan-Lenovo,codex-wakapi-history-import/1.0,2026-02-05 14:17:24.000,2026-05-04 03:43:07.957
Lelando1234,C:/Users/tiaan/My Drive/Tiaan/Personal/Documents & Other/Github/CompanyIntranet/install.sh,file,coding,CompanyIntranet,main,Bash,true,Wakatime,Windows,Tiaan-Lenovo,codex-wakapi-history-import/1.0,2026-02-05 14:19:24.000,2026-05-04 03:43:07.957
Lelando1234,C:/Users/tiaan/My Drive/Tiaan/Personal/Documents & Other/Github/CompanyIntranet/install.sh,file,coding,CompanyIntranet,main,Bash,true,Wakatime,Windows,Tiaan-Lenovo,codex-wakapi-history-import/1.0,2026-02-05 14:21:24.000,2026-05-04 03:43:07.957
Lelando1234,C:/Users/tiaan/My Drive/Tiaan/Personal/Documents & Other/Github/CompanyIntranet/install.sh,file,coding,CompanyIntranet,main,Bash,true,Wakatime,Windows,Tiaan-Lenovo,codex-wakapi-history-import/1.0,2026-02-05 14:23:24.000,2026-05-04 03:43:07.957
Lelando1234,C:/Users/tiaan/My Drive/Tiaan/Personal/Documents & Other/Github/CompanyIntranet/install.sh,file,coding,CompanyIntranet,main,Bash,true,Wakatime,Windows,Tiaan-Lenovo,codex-wakapi-history-import/1.0,2026-02-05 14:25:24.000,2026-05-04 03:43:07.957
Lelando1234,C:/Users/tiaan/My Drive/Tiaan/Personal/Documents & Other/Github/CompanyIntranet/install.sh,file,coding,CompanyIntranet,main,Bash,true,Wakatime,Windows,Tiaan-Lenovo,codex-wakapi-history-import/1.0,2026-02-05 14:27:24.000,2026-05-04 03:43:07.957
Lelando1234,C:/Users/tiaan/My Drive/Tiaan/Personal/Documents & Other/Github/CompanyIntranet/install.sh,file,coding,CompanyIntranet,main,Bash,true,Wakatime,Windows,Tiaan-Lenovo,codex-wakapi-history-import/1.0,2026-02-05 14:29:24.000,2026-05-04 03:43:07.957
Lelando1234,C:/Users/tiaan/My Drive/Tiaan/Personal/Documents & Other/Github/CompanyIntranet/install.sh,file,coding,CompanyIntranet,main,Bash,true,Wakatime,Windows,Tiaan-Lenovo,codex-wakapi-history-import/1.0,2026-02-05 14:31:24.000,2026-05-04 03:43:07.957
Lelando1234,C:/Users/tiaan/My Drive/Tiaan/Personal/Documents & Other/Github/CompanyIntranet/troubleshoot.sh,file,coding,CompanyIntranet,main,Bash,true,Wakatime,Windows,Tiaan-Lenovo,codex-wakapi-history-import/1.0,2026-02-06 01:13:06.000,2026-05-04 03:43:07.957
Lelando1234,C:/Users/tiaan/My Drive/Tiaan/Personal/Documents & Other/Github/CompanyIntranet/troubleshoot.sh,file,coding,CompanyIntranet,main,Bash,true,Wakatime,Windows,Tiaan-Lenovo,codex-wakapi-history-import/1.0,2026-02-06 01:15:06.000,2026-05-04 03:43:07.957
Lelando1234,C:/Users/tiaan/My Drive/Tiaan/Personal/Documents & Other/Github/CompanyIntranet/troubleshoot.sh,file,coding,CompanyIntranet,main,Bash,true,Wakatime,Windows,Tiaan-Lenovo,codex-wakapi-history-import/1.0,2026-02-06 01:17:06.000,2026-05-04 03:43:07.957
Lelando1234,C:/Users/tiaan/My Drive/Tiaan/Personal/Documents & Other/Github/CompanyIntranet/troubleshoot.sh,file,coding,CompanyIntranet,main,Bash,true,Wakatime,Windows,Tiaan-Lenovo,codex-wakapi-history-import/1.0,2026-02-06 01:19:06.000,2026-05-04 03:43:07.957
Lelando1234,C:/Users/tiaan/My Drive/Tiaan/Personal/Documents & Other/Github/CompanyIntranet/troubleshoot.sh,file,coding,CompanyIntranet,main,Bash,true,Wakatime,Windows,Tiaan-Lenovo,codex-wakapi-history-import/1.0,2026-02-06 01:21:06.000,2026-05-04 03:43:07.957
Lelando1234,C:/Users/tiaan/My Drive/Tiaan/Personal/Documents & Other/Github/CompanyIntranet/troubleshoot.sh,file,coding,CompanyIntranet,main,Bash,true,Wakatime,Windows,Tiaan-Lenovo,codex-wakapi-history-import/1.0,2026-02-06 01:23:06.000,2026-05-04 03:43:07.957
Lelando1234,C:/Users/tiaan/My Drive/Tiaan/Personal/Documents & Other/Github/CompanyIntranet/troubleshoot.sh,file,coding,CompanyIntranet,main,Bash,true,Wakatime,Windows,Tiaan-Lenovo,codex-wakapi-history-import/1.0,2026-02-06 01:25:06.000,2026-05-04 03:43:07.957
Lelando1234,C:/Users/tiaan/My Drive/Tiaan/Personal/Documents & Other/Github/CompanyIntranet/troubleshoot.sh,file,coding,CompanyIntranet,main,Bash,true,Wakatime,Windows,Tiaan-Lenovo,codex-wakapi-history-import/1.0,2026-02-06 01:27:06.000,2026-05-04 03:43:07.957
Lelando1234,C:/Users/tiaan/My Drive/Tiaan/Personal/Documents & Other/Github/CompanyIntranet/troubleshoot.sh,file,coding,CompanyIntranet,main,Bash,true,Wakatime,Windows,Tiaan-Lenovo,codex-wakapi-history-import/1.0,2026-02-06 01:29:06.000,2026-05-04 03:43:07.957
Lelando1234,C:/Users/tiaan/My Drive/Tiaan/Personal/Documents & Other/Github/CompanyIntranet/troubleshoot.sh,file,coding,CompanyIntranet,main,Bash,true,Wakatime,Windows,Tiaan-Lenovo,codex-wakapi-history-import/1.0,2026-02-06 01:31:06.000,2026-05-04 03:43:07.957
Lelando1234,C:/Users/tiaan/My Drive/Tiaan/Personal/Documents & Other/Github/CompanyIntranet/troubleshoot.sh,file,coding,CompanyIntranet,main,Bash,true,Wakatime,Windows,Tiaan-Lenovo,codex-wakapi-history-import/1.0,2026-02-06 01:33:06.000,2026-05-04 03:43:07.957
Lelando1234,C:/Users/tiaan/My Drive/Tiaan/Personal/Documents & Other/Github/CompanyIntranet/troubleshoot.sh,file,coding,CompanyIntranet,main,Bash,true,Wakatime,Windows,Tiaan-Lenovo,codex-wakapi-history-import/1.0,2026-02-06 01:35:06.000,2026-05-04 03:43:07.957
Lelando1234,C:/Users/tiaan/My Drive/Tiaan/Personal/Documents & Other/Github/CompanyIntranet/troubleshoot.sh,file,coding,CompanyIntranet,main,Bash,true,Wakatime,Windows,Tiaan-Lenovo,codex-wakapi-history-import/1.0,2026-02-06 01:37:06.000,2026-05-04 03:43:07.957
Lelando1234,C:/Users/tiaan/My Drive/Tiaan/Personal/Documents & Other/Github/CompanyIntranet/install.sh,file,coding,CompanyIntranet,main,Bash,true,Wakatime,Windows,Tiaan-Lenovo,codex-wakapi-history-import/1.0,2026-02-06 01:39:06.000,2026-05-04 03:43:07.957
Lelando1234,C:/Users/tiaan/My Drive/Tiaan/Personal/Documents & Other/Github/CompanyIntranet/install.sh,file,coding,CompanyIntranet,main,Bash,true,Wakatime,Windows,Tiaan-Lenovo,codex-wakapi-history-import/1.0,2026-02-06 01:41:06.000,2026-05-04 03:43:07.957
Lelando1234,C:/Users/tiaan/My Drive/Tiaan/Personal/Documents & Other/Github/CompanyIntranet/install.sh,file,coding,CompanyIntranet,main,Bash,true,Wakatime,Windows,Tiaan-Lenovo,codex-wakapi-history-import/1.0,2026-02-06 01:43:06.000,2026-05-04 03:43:07.957
Lelando1234,C:/Users/tiaan/My Drive/Tiaan/Personal/Documents & Other/Github/CompanyIntranet/install.sh,file,coding,CompanyIntranet,main,Bash,true,Wakatime,Windows,Tiaan-Lenovo,codex-wakapi-history-import/1.0,2026-02-06 01:45:06.000,2026-05-04 03:43:07.957
Lelando1234,C:/Users/tiaan/My Drive/Tiaan/Personal/Documents & Other/Github/CompanyIntranet/install.sh,file,coding,CompanyIntranet,main,Bash,true,Wakatime,Windows,Tiaan-Lenovo,codex-wakapi-history-import/1.0,2026-02-06 01:47:06.000,2026-05-04 03:43:07.957
Lelando1234,C:/Users/tiaan/My Drive/Tiaan/Personal/Documents & Other/Github/CompanyIntranet/install.sh,file,coding,CompanyIntranet,main,Bash,true,Wakatime,Windows,Tiaan-Lenovo,codex-wakapi-history-import/1.0,2026-02-06 01:49:06.000,2026-05-04 03:43:07.957
Lelando1234,C:/Users/tiaan/My Drive/Tiaan/Personal/Documents & Other/Github/CompanyIntranet/install.sh,file,coding,CompanyIntranet,main,Bash,true,Wakatime,Windows,Tiaan-Lenovo,codex-wakapi-history-import/1.0,2026-02-06 01:51:06.000,2026-05-04 03:43:07.957
Lelando1234,C:/Users/tiaan/My Drive/Tiaan/Personal/Documents & Other/Github/CompanyIntranet/install.sh,file,coding,CompanyIntranet,main,Bash,true,Wakatime,Windows,Tiaan-Lenovo,codex-wakapi-history-import/1.0,2026-02-06 01:53:06.000,2026-05-04 03:43:07.957
Lelando1234,C:/Users/tiaan/My Drive/Tiaan/Personal/Documents & Other/Github/CompanyIntranet/install.sh,file,coding,CompanyIntranet,main,Bash,true,Wakatime,Windows,Tiaan-Lenovo,codex-wakapi-history-import/1.0,2026-02-06 01:55:06.000,2026-05-04 03:43:07.957
Lelando1234,C:/Users/tiaan/My Drive/Tiaan/Personal/Documents & Other/Github/CompanyIntranet/install.sh,file,coding,CompanyIntranet,main,Bash,true,Wakatime,Windows,Tiaan-Lenovo,codex-wakapi-history-import/1.0,2026-02-06 01:57:06.000,2026-05-04 03:43:07.957
Lelando1234,C:/Users/tiaan/My Drive/Tiaan/Personal/Documents & Other/Github/CompanyIntranet/install.sh,file,coding,CompanyIntranet,main,Bash,true,Wakatime,Windows,Tiaan-Lenovo,codex-wakapi-history-import/1.0,2026-02-06 01:59:06.000,2026-05-04 03:43:07.957
Lelando1234,C:/Users/tiaan/My Drive/Tiaan/Personal/Documents & Other/Github/CompanyIntranet/install.sh,file,coding,CompanyIntranet,main,Bash,true,Wakatime,Windows,Tiaan-Lenovo,codex-wakapi-history-import/1.0,2026-02-06 02:01:06.000,2026-05-04 03:43:07.957
Lelando1234,C:/Users/tiaan/My Drive/Tiaan/Personal/Documents & Other/Github/CompanyIntranet/backend/src/database/schema.sql,file,coding,CompanyIntranet,main,SQL,true,Wakatime,Windows,Tiaan-Lenovo,codex-wakapi-history-import/1.0,2026-02-06 02:03:06.000,2026-05-04 03:43:07.957
Lelando1234,C:/Users/tiaan/My Drive/Tiaan/Personal/Documents & Other/Github/CompanyIntranet/backend/src/database/schema.sql,file,coding,CompanyIntranet,main,SQL,true,Wakatime,Windows,Tiaan-Lenovo,codex-wakapi-history-import/1.0,2026-02-06 02:05:06.000,2026-05-04 03:43:07.957
Lelando1234,C:/Users/tiaan/My Drive/Tiaan/Personal/Documents & Other/Github/CompanyIntranet/backend/src/database/schema.sql,file,coding,CompanyIntranet,main,SQL,true,Wakatime,Windows,Tiaan-Lenovo,codex-wakapi-history-import/1.0,2026-02-06 02:07:06.000,2026-05-04 03:43:07.957
Lelando1234,C:/Users/tiaan/My Drive/Tiaan/Personal/Documents & Other/Github/CompanyIntranet/backend/src/database/schema.sql,file,coding,CompanyIntranet,main,SQL,true,Wakatime,Windows,Tiaan-Lenovo,codex-wakapi-history-import/1.0,2026-02-06 02:09:06.000,2026-05-04 03:43:07.957
Lelando1234,C:/Users/tiaan/My Drive/Tiaan/Personal/Documents & Other/Github/CompanyIntranet/backend/src/database/schema.sql,file,coding,CompanyIntranet,main,SQL,true,Wakatime,Windows,Tiaan-Lenovo,codex-wakapi-history-import/1.0,2026-02-06 02:11:06.000,2026-05-04 03:43:07.957
Lelando1234,C:/Users/tiaan/My Drive/Tiaan/Personal/Documents & Other/Github/CompanyIntranet/backend/src/database/schema.sql,file,coding,CompanyIntranet,main,SQL,true,Wakatime,Windows,Tiaan-Lenovo,codex-wakapi-history-import/1.0,2026-02-06 02:13:06.000,2026-05-04 03:43:07.957
Lelando1234,C:/Users/tiaan/My Drive/Tiaan/Personal/Documents & Other/Github/CompanyIntranet/backend/src/database/schema.sql,file,coding,CompanyIntranet,main,SQL,true,Wakatime,Windows,Tiaan-Lenovo,codex-wakapi-history-import/1.0,2026-02-06 02:15:06.000,2026-05-04 03:43:07.957
Lelando1234,C:/Users/tiaan/My Drive/Tiaan/Personal/Documents & Other/Github/CompanyIntranet/backend/src/database/schema.sql,file,coding,CompanyIntranet,main,SQL,true,Wakatime,Windows,Tiaan-Lenovo,codex-wakapi-history-import/1.0,2026-02-06 02:17:06.000,2026-05-04 03:43:07.957
Lelando1234,C:/Users/tiaan/My Drive/Tiaan/Personal/Documents & Other/Github/CompanyIntranet/backend/src/database/schema.sql,file,coding,CompanyIntranet,main,SQL,true,Wakatime,Windows,Tiaan-Lenovo,codex-wakapi-history-import/1.0,2026-02-06 02:19:06.000,2026-05-04 03:43:07.957
Lelando1234,C:/Users/tiaan/My Drive/Tiaan/Personal/Documents & Other/Github/CompanyIntranet/backend/src/routes/users.js,file,coding,CompanyIntranet,main,JavaScript,true,Wakatime,Windows,Tiaan-Lenovo,codex-wakapi-history-import/1.0,2026-02-06 13:04:14.000,2026-05-04 03:43:07.957
Lelando1234,C:/Users/tiaan/My Drive/Tiaan/Personal/Documents & Other/Github/CompanyIntranet/backend/src/routes/users.js,file,coding,CompanyIntranet,main,JavaScript,true,Wakatime,Windows,Tiaan-Lenovo,codex-wakapi-history-import/1.0,2026-02-06 13:06:14.000,2026-05-04 03:43:07.957
Lelando1234,C:/Users/tiaan/My Drive/Tiaan/Personal/Documents & Other/Github/CompanyIntranet/backend/src/routes/users.js,file,coding,CompanyIntranet,main,JavaScript,true,Wakatime,Windows,Tiaan-Lenovo,codex-wakapi-history-import/1.0,2026-02-06 13:08:14.000,2026-05-04 03:43:07.957
Lelando1234,C:/Users/tiaan/My Drive/Tiaan/Personal/Documents & Other/Github/CompanyIntranet/backend/src/routes/users.js,file,coding,CompanyIntranet,main,JavaScript,true,Wakatime,Windows,Tiaan-Lenovo,codex-wakapi-history-import/1.0,2026-02-06 13:10:14.000,2026-05-04 03:43:07.957
Lelando1234,C:/Users/tiaan/My Drive/Tiaan/Personal/Documents & Other/Github/CompanyIntranet/backend/src/routes/users.js,file,coding,CompanyIntranet,main,JavaScript,true,Wakatime,Windows,Tiaan-Lenovo,codex-wakapi-history-import/1.0,2026-02-06 13:12:14.000,2026-05-04 03:43:07.957
Lelando1234,C:/Users/tiaan/My Drive/Tiaan/Personal/Documents & Other/Github/CompanyIntranet/backend/src/routes/users.js,file,coding,CompanyIntranet,main,JavaScript,true,Wakatime,Windows,Tiaan-Lenovo,codex-wakapi-history-import/1.0,2026-02-06 13:14:14.000,2026-05-04 03:43:07.957
Lelando1234,C:/Users/tiaan/My Drive/Tiaan/Personal/Documents & Other/Github/CompanyIntranet/backend/src/routes/users.js,file,coding,CompanyIntranet,main,JavaScript,true,Wakatime,Windows,Tiaan-Lenovo,codex-wakapi-history-import/1.0,2026-02-06 13:16:14.000,2026-05-04 03:43:07.957
Lelando1234,C:/Users/tiaan/My Drive/Tiaan/Personal/Documents & Other/Github/CompanyIntranet/backend/src/routes/users.js,file,coding,CompanyIntranet,main,JavaScript,true,Wakatime,Windows,Tiaan-Lenovo,codex-wakapi-history-import/1.0,2026-02-06 13:18:14.000,2026-05-04 03:43:07.957
Lelando1234,C:/Users/tiaan/My Drive/Tiaan/Personal/Documents & Other/Github/CompanyIntranet/backend/src/routes/users.js,file,coding,CompanyIntranet,main,JavaScript,true,Wakatime,Windows,Tiaan-Lenovo,codex-wakapi-history-import/1.0,2026-02-06 13:20:14.000,2026-05-04 03:43:07.957
Lelando1234,C:/Users/tiaan/My Drive/Tiaan/Personal/Documents & Other/Github/CompanyIntranet/backend/src/routes/users.js,file,coding,CompanyIntranet,main,JavaScript,true,Wakatime,Windows,Tiaan-Lenovo,codex-wakapi-history-import/1.0,2026-02-06 13:22:14.000,2026-05-04 03:43:07.957
Lelando1234,C:/Users/tiaan/My Drive/Tiaan/Personal/Documents & Other/Github/CompanyIntranet/backend/src/routes/users.js,file,coding,CompanyIntranet,main,JavaScript,true,Wakatime,Windows,Tiaan-Lenovo,codex-wakapi-history-import/1.0,2026-02-06 13:24:14.000,2026-05-04 03:43:07.957
Lelando1234,C:/Users/tiaan/My Drive/Tiaan/Personal/Documents & Other/Github/CompanyIntranet/backend/src/routes/users.js,file,coding,CompanyIntranet,main,JavaScript,true,Wakatime,Windows,Tiaan-Lenovo,codex-wakapi-history-import/1.0,2026-02-06 13:26:14.000,2026-05-04 03:43:07.957
Lelando1234,C:/Users/tiaan/My Drive/Tiaan/Personal/Documents & Other/Github/CompanyIntranet/backend/src/routes/users.js,file,coding,CompanyIntranet,main,JavaScript,true,Wakatime,Windows,Tiaan-Lenovo,codex-wakapi-history-import/1.0,2026-02-06 13:28:14.000,2026-05-04 03:43:07.957
Lelando1234,C:/Users/tiaan/My Drive/Tiaan/Personal/Documents & Other/Github/CompanyIntranet/install.sh,file,coding,CompanyIntranet,main,Bash,true,Wakatime,Windows,Tiaan-Lenovo,codex-wakapi-history-import/1.0,2026-02-06 13:30:14.000,2026-05-04 03:43:07.957
Lelando1234,C:/Users/tiaan/My Drive/Tiaan/Personal/Documents & Other/Github/CompanyIntranet/install.sh,file,coding,CompanyIntranet,main,Bash,true,Wakatime,Windows,Tiaan-Lenovo,codex-wakapi-history-import/1.0,2026-02-06 13:32:14.000,2026-05-04 03:43:07.957
Lelando1234,C:/Users/tiaan/My Drive/Tiaan/Personal/Documents & Other/Github/CompanyIntranet/install.sh,file,coding,CompanyIntranet,main,Bash,true,Wakatime,Windows,Tiaan-Lenovo,codex-wakapi-history-import/1.0,2026-02-06 13:34:14.000,2026-05-04 03:43:07.957
Lelando1234,C:/Users/tiaan/My Drive/Tiaan/Personal/Documents & Other/Github/CompanyIntranet/install.sh,file,coding,CompanyIntranet,main,Bash,true,Wakatime,Windows,Tiaan-Lenovo,codex-wakapi-history-import/1.0,2026-02-06 13:36:14.000,2026-05-04 03:43:07.957
Lelando1234,C:/Users/tiaan/My Drive/Tiaan/Personal/Documents & Other/Github/CompanyIntranet/install.sh,file,coding,CompanyIntranet,main,Bash,true,Wakatime,Windows,Tiaan-Lenovo,codex-wakapi-history-import/1.0,2026-02-06 13:38:14.000,2026-05-04 03:43:07.957
Lelando1234,C:/Users/tiaan/My Drive/Tiaan/Personal/Documents & Other/Github/CompanyIntranet/install.sh,file,coding,CompanyIntranet,main,Bash,true,Wakatime,Windows,Tiaan-Lenovo,codex-wakapi-history-import/1.0,2026-02-06 13:40:14.000,2026-05-04 03:43:07.957
Lelando1234,C:/Users/tiaan/My Drive/Tiaan/Personal/Documents & Other/Github/CompanyIntranet/install.sh,file,coding,CompanyIntranet,main,Bash,true,Wakatime,Windows,Tiaan-Lenovo,codex-wakapi-history-import/1.0,2026-02-06 13:42:14.000,2026-05-04 03:43:07.957
Lelando1234,C:/Users/tiaan/My Drive/Tiaan/Personal/Documents & Other/Github/CompanyIntranet/install.sh,file,coding,CompanyIntranet,main,Bash,true,Wakatime,Windows,Tiaan-Lenovo,codex-wakapi-history-import/1.0,2026-02-06 13:44:14.000,2026-05-04 03:43:07.957
Lelando1234,C:/Users/tiaan/My Drive/Tiaan/Personal/Documents & Other/Github/CompanyIntranet/install.sh,file,coding,CompanyIntranet,main,Bash,true,Wakatime,Windows,Tiaan-Lenovo,codex-wakapi-history-import/1.0,2026-02-06 13:46:14.000,2026-05-04 03:43:07.957
Lelando1234,C:/Users/tiaan/My Drive/Tiaan/Personal/Documents & Other/Github/CompanyIntranet/install.sh,file,coding,CompanyIntranet,main,Bash,true,Wakatime,Windows,Tiaan-Lenovo,codex-wakapi-history-import/1.0,2026-02-06 13:48:14.000,2026-05-04 03:43:07.957
Lelando1234,C:/Users/tiaan/My Drive/Tiaan/Personal/Documents & Other/Github/CompanyIntranet/install.sh,file,coding,CompanyIntranet,main,Bash,true,Wakatime,Windows,Tiaan-Lenovo,codex-wakapi-history-import/1.0,2026-02-06 13:50:14.000,2026-05-04 03:43:07.957
Lelando1234,C:/Users/tiaan/My Drive/Tiaan/Personal/Documents & Other/Github/CompanyIntranet/install.sh,file,coding,CompanyIntranet,main,Bash,true,Wakatime,Windows,Tiaan-Lenovo,codex-wakapi-history-import/1.0,2026-02-06 13:52:14.000,2026-05-04 03:43:07.957
Lelando1234,C:/Users/tiaan/My Drive/Tiaan/Personal/Documents & Other/Github/CompanyIntranet/backend/src/index.js,file,coding,CompanyIntranet,main,JavaScript,true,Wakatime,Windows,Tiaan-Lenovo,codex-wakapi-history-import/1.0,2026-02-06 13:54:14.000,2026-05-04 03:43:07.957
Lelando1234,C:/Users/tiaan/My Drive/Tiaan/Personal/Documents & Other/Github/CompanyIntranet/backend/src/index.js,file,coding,CompanyIntranet,main,JavaScript,true,Wakatime,Windows,Tiaan-Lenovo,codex-wakapi-history-import/1.0,2026-02-06 13:56:14.000,2026-05-04 03:43:07.957
Lelando1234,C:/Users/tiaan/My Drive/Tiaan/Personal/Documents & Other/Github/CompanyIntranet/backend/src/index.js,file,coding,CompanyIntranet,main,JavaScript,true,Wakatime,Windows,Tiaan-Lenovo,codex-wakapi-history-import/1.0,2026-02-06 13:58:14.000,2026-05-04 03:43:07.957
Lelando1234,C:/Users/tiaan/My Drive/Tiaan/Personal/Documents & Other/Github/CompanyIntranet/backend/src/index.js,file,coding,CompanyIntranet,main,JavaScript,true,Wakatime,Windows,Tiaan-Lenovo,codex-wakapi-history-import/1.0,2026-02-06 14:00:14.000,2026-05-04 03:43:07.957
Lelando1234,C:/Users/tiaan/My Drive/Tiaan/Personal/Documents & Other/Github/CompanyIntranet/backend/src/index.js,file,coding,CompanyIntranet,main,JavaScript,true,Wakatime,Windows,Tiaan-Lenovo,codex-wakapi-history-import/1.0,2026-02-06 14:02:14.000,2026-05-04 03:43:07.957
Lelando1234,C:/Users/tiaan/My Drive/Tiaan/Personal/Documents & Other/Github/CompanyIntranet/backend/src/index.js,file,coding,CompanyIntranet,main,JavaScript,true,Wakatime,Windows,Tiaan-Lenovo,codex-wakapi-history-import/1.0,2026-02-06 14:04:14.000,2026-05-04 03:43:07.957
Lelando1234,C:/Users/tiaan/My Drive/Tiaan/Personal/Documents & Other/Github/CompanyIntranet/backend/src/index.js,file,coding,CompanyIntranet,main,JavaScript,true,Wakatime,Windows,Tiaan-Lenovo,codex-wakapi-history-import/1.0,2026-02-06 14:06:14.000,2026-05-04 03:43:07.957
Lelando1234,C:/Users/tiaan/My Drive/Tiaan/Personal/Documents & Other/Github/CompanyIntranet/backend/src/index.js,file,coding,CompanyIntranet,main,JavaScript,true,Wakatime,Windows,Tiaan-Lenovo,codex-wakapi-history-import/1.0,2026-02-06 14:08:14.000,2026-05-04 03:43:07.957
Lelando1234,C:/Users/tiaan/My Drive/Tiaan/Personal/Documents & Other/Github/CompanyIntranet/backend/src/index.js,file,coding,CompanyIntranet,main,JavaScript,true,Wakatime,Windows,Tiaan-Lenovo,codex-wakapi-history-import/1.0,2026-02-06 14:10:14.000,2026-05-04 03:43:07.957
Lelando1234,C:/Users/tiaan/My Drive/Tiaan/Personal/Documents & Other/Github/CompanyIntranet/backend/src/index.js,file,coding,CompanyIntranet,main,JavaScript,true,Wakatime,Windows,Tiaan-Lenovo,codex-wakapi-history-import/1.0,2026-02-06 14:12:14.000,2026-05-04 03:43:07.957
Lelando1234,C:/Users/tiaan/My Drive/Tiaan/Personal/Documents & Other/Github/CompanyIntranet/backend/src/index.js,file,coding,CompanyIntranet,main,JavaScript,true,Wakatime,Windows,Tiaan-Lenovo,codex-wakapi-history-import/1.0,2026-02-06 14:14:14.000,2026-05-04 03:43:07.957
Lelando1234,C:/Users/tiaan/My Drive/Tiaan/Personal/Documents & Other/Github/CompanyIntranet/backend/src/index.js,file,coding,CompanyIntranet,main,JavaScript,true,Wakatime,Windows,Tiaan-Lenovo,codex-wakapi-history-import/1.0,2026-02-06 14:16:14.000,2026-05-04 03:43:07.957
Lelando1234,C:/Users/tiaan/My Drive/Tiaan/Personal/Documents & Other/Github/CompanyIntranet/backend/src/index.js,file,coding,CompanyIntranet,main,JavaScript,true,Wakatime,Windows,Tiaan-Lenovo,codex-wakapi-history-import/1.0,2026-02-06 14:18:14.000,2026-05-04 03:43:07.957
Lelando1234,C:/Users/tiaan/My Drive/Tiaan/Personal/Documents & Other/Github/CompanyIntranet/backend/src/database/connection.js,file,coding,CompanyIntranet,main,JavaScript,true,Wakatime,Windows,Tiaan-Lenovo,codex-wakapi-history-import/1.0,2026-02-06 14:20:14.000,2026-05-04 03:43:07.957
Lelando1234,C:/Users/tiaan/My Drive/Tiaan/Personal/Documents & Other/Github/CompanyIntranet/backend/src/database/connection.js,file,coding,CompanyIntranet,main,JavaScript,true,Wakatime,Windows,Tiaan-Lenovo,codex-wakapi-history-import/1.0,2026-02-06 14:22:14.000,2026-05-04 03:43:07.957
Lelando1234,C:/Users/tiaan/My Drive/Tiaan/Personal/Documents & Other/Github/CompanyIntranet/backend/src/database/connection.js,file,coding,CompanyIntranet,main,JavaScript,true,Wakatime,Windows,Tiaan-Lenovo,codex-wakapi-history-import/1.0,2026-02-06 14:24:14.000,2026-05-04 03:43:07.957
Lelando1234,C:/Users/tiaan/My Drive/Tiaan/Personal/Documents & Other/Github/CompanyIntranet/backend/src/database/connection.js,file,coding,CompanyIntranet,main,JavaScript,true,Wakatime,Windows,Tiaan-Lenovo,codex-wakapi-history-import/1.0,2026-02-06 14:26:14.000,2026-05-04 03:43:07.957
Lelando1234,C:/Users/tiaan/My Drive/Tiaan/Personal/Documents & Other/Github/CompanyIntranet/backend/src/database/connection.js,file,coding,CompanyIntranet,main,JavaScript,true,Wakatime,Windows,Tiaan-Lenovo,codex-wakapi-history-import/1.0,2026-02-06 14:28:14.000,2026-05-04 03:43:07.957
Lelando1234,C:/Users/tiaan/My Drive/Tiaan/Personal/Documents & Other/Github/CompanyIntranet/backend/src/database/connection.js,file,coding,CompanyIntranet,main,JavaScript,true,Wakatime,Windows,Tiaan-Lenovo,codex-wakapi-history-import/1.0,2026-02-06 14:30:14.000,2026-05-04 03:43:07.957
Lelando1234,C:/Users/tiaan/My Drive/Tiaan/Personal/Documents & Other/Github/CompanyIntranet/backend/src/database/connection.js,file,coding,CompanyIntranet,main,JavaScript,true,Wakatime,Windows,Tiaan-Lenovo,codex-wakapi-history-import/1.0,2026-02-06 14:32:14.000,2026-05-04 03:43:07.957
Lelando1234,C:/Users/tiaan/My Drive/Tiaan/Personal/Documents & Other/Github/CompanyIntranet/src/components/home.tsx,file,coding,CompanyIntranet,main,TypeScript,true,Wakatime,Windows,Tiaan-Lenovo,codex-wakapi-history-import/1.0,2026-02-09 02:23:57.000,2026-05-04 03:43:07.957
Lelando1234,C:/Users/tiaan/My Drive/Tiaan/Personal/Documents & Other/Github/CompanyIntranet/src/components/home.tsx,file,coding,CompanyIntranet,main,TypeScript,true,Wakatime,Windows,Tiaan-Lenovo,codex-wakapi-history-import/1.0,2026-02-09 02:25:57.000,2026-05-04 03:43:07.957
Lelando1234,C:/Users/tiaan/My Drive/Tiaan/Personal/Documents & Other/Github/CompanyIntranet/src/components/home.tsx,file,coding,CompanyIntranet,main,TypeScript,true,Wakatime,Windows,Tiaan-Lenovo,codex-wakapi-history-import/1.0,2026-02-09 02:27:57.000,2026-05-04 03:43:07.957
Lelando1234,C:/Users/tiaan/My Drive/Tiaan/Personal/Documents & Other/Github/CompanyIntranet/src/components/home.tsx,file,coding,CompanyIntranet,main,TypeScript,true,Wakatime,Windows,Tiaan-Lenovo,codex-wakapi-history-import/1.0,2026-02-09 02:29:57.000,2026-05-04 03:43:07.957
Lelando1234,C:/Users/tiaan/My Drive/Tiaan/Personal/Documents & Other/Github/CompanyIntranet/src/components/home.tsx,file,coding,CompanyIntranet,main,TypeScript,true,Wakatime,Windows,Tiaan-Lenovo,codex-wakapi-history-import/1.0,2026-02-09 02:31:57.000,2026-05-04 03:43:07.957
Lelando1234,C:/Users/tiaan/My Drive/Tiaan/Personal/Documents & Other/Github/CompanyIntranet/src/components/home.tsx,file,coding,CompanyIntranet,main,TypeScript,true,Wakatime,Windows,Tiaan-Lenovo,codex-wakapi-history-import/1.0,2026-02-09 02:33:57.000,2026-05-04 03:43:07.957
Lelando1234,C:/Users/tiaan/My Drive/Tiaan/Personal/Documents & Other/Github/CompanyIntranet/src/components/home.tsx,file,coding,CompanyIntranet,main,TypeScript,true,Wakatime,Windows,Tiaan-Lenovo,codex-wakapi-history-import/1.0,2026-02-09 02:35:57.000,2026-05-04 03:43:07.957
Lelando1234,C:/Users/tiaan/My Drive/Tiaan/Personal/Documents & Other/Github/CompanyIntranet/src/components/home.tsx,file,coding,CompanyIntranet,main,TypeScript,true,Wakatime,Windows,Tiaan-Lenovo,codex-wakapi-history-import/1.0,2026-02-09 02:37:57.000,2026-05-04 03:43:07.957
Lelando1234,C:/Users/tiaan/My Drive/Tiaan/Personal/Documents & Other/Github/CompanyIntranet/src/components/home.tsx,file,coding,CompanyIntranet,main,TypeScript,true,Wakatime,Windows,Tiaan-Lenovo,codex-wakapi-history-import/1.0,2026-02-09 02:39:57.000,2026-05-04 03:43:07.957
Lelando1234,C:/Users/tiaan/My Drive/Tiaan/Personal/Documents & Other/Github/CompanyIntranet/src/components/home.tsx,file,coding,CompanyIntranet,main,TypeScript,true,Wakatime,Windows,Tiaan-Lenovo,codex-wakapi-history-import/1.0,2026-02-09 02:41:57.000,2026-05-04 03:43:07.957
Lelando1234,C:/Users/tiaan/My Drive/Tiaan/Personal/Documents & Other/Github/CompanyIntranet/src/components/home.tsx,file,coding,CompanyIntranet,main,TypeScript,true,Wakatime,Windows,Tiaan-Lenovo,codex-wakapi-history-import/1.0,2026-02-09 02:43:57.000,2026-05-04 03:43:07.957
Lelando1234,C:/Users/tiaan/My Drive/Tiaan/Personal/Documents & Other/Github/CompanyIntranet/src/components/home.tsx,file,coding,CompanyIntranet,main,TypeScript,true,Wakatime,Windows,Tiaan-Lenovo,codex-wakapi-history-import/1.0,2026-02-09 02:45:57.000,2026-05-04 03:43:07.957
Lelando1234,C:/Users/tiaan/My Drive/Tiaan/Personal/Documents & Other/Github/CompanyIntranet/src/components/home.tsx,file,coding,CompanyIntranet,main,TypeScript,true,Wakatime,Windows,Tiaan-Lenovo,codex-wakapi-history-import/1.0,2026-02-09 02:47:57.000,2026-05-04 03:43:07.957
Lelando1234,C:/Users/tiaan/My Drive/Tiaan/Personal/Documents & Other/Github/CompanyIntranet/backend/src/index.js,file,coding,CompanyIntranet,main,JavaScript,true,Wakatime,Windows,Tiaan-Lenovo,codex-wakapi-history-import/1.0,2026-02-09 02:49:57.000,2026-05-04 03:43:07.957
Lelando1234,C:/Users/tiaan/My Drive/Tiaan/Personal/Documents & Other/Github/CompanyIntranet/backend/src/index.js,file,coding,CompanyIntranet,main,JavaScript,true,Wakatime,Windows,Tiaan-Lenovo,codex-wakapi-history-import/1.0,2026-02-09 02:51:57.000,2026-05-04 03:43:07.957
Lelando1234,C:/Users/tiaan/My Drive/Tiaan/Personal/Documents & Other/Github/CompanyIntranet/backend/src/index.js,file,coding,CompanyIntranet,main,JavaScript,true,Wakatime,Windows,Tiaan-Lenovo,codex-wakapi-history-import/1.0,2026-02-09 02:53:57.000,2026-05-04 03:43:07.957
Lelando1234,C:/Users/tiaan/My Drive/Tiaan/Personal/Documents & Other/Github/CompanyIntranet/backend/src/index.js,file,coding,CompanyIntranet,main,JavaScript,true,Wakatime,Windows,Tiaan-Lenovo,codex-wakapi-history-import/1.0,2026-02-09 02:55:57.000,2026-05-04 03:43:07.957
Lelando1234,C:/Users/tiaan/My Drive/Tiaan/Personal/Documents & Other/Github/CompanyIntranet/src/contexts/AuthContext.tsx,file,coding,CompanyIntranet,main,TypeScript,true,Wakatime,Windows,Tiaan-Lenovo,codex-wakapi-history-import/1.0,2026-02-11 01:24:36.000,2026-05-04 03:43:07.957
Lelando1234,C:/Users/tiaan/My Drive/Tiaan/Personal/Documents & Other/Github/CompanyIntranet/src/contexts/AuthContext.tsx,file,coding,CompanyIntranet,main,TypeScript,true,Wakatime,Windows,Tiaan-Lenovo,codex-wakapi-history-import/1.0,2026-02-11 01:26:36.000,2026-05-04 03:43:07.957
Lelando1234,C:/Users/tiaan/My Drive/Tiaan/Personal/Documents & Other/Github/CompanyIntranet/src/contexts/AuthContext.tsx,file,coding,CompanyIntranet,main,TypeScript,true,Wakatime,Windows,Tiaan-Lenovo,codex-wakapi-history-import/1.0,2026-02-11 01:28:36.000,2026-05-04 03:43:07.957
Lelando1234,C:/Users/tiaan/My Drive/Tiaan/Personal/Documents & Other/Github/CompanyIntranet/src/contexts/AuthContext.tsx,file,coding,CompanyIntranet,main,TypeScript,true,Wakatime,Windows,Tiaan-Lenovo,codex-wakapi-history-import/1.0,2026-02-11 01:30:36.000,2026-05-04 03:43:07.957
Lelando1234,C:/Users/tiaan/My Drive/Tiaan/Personal/Documents & Other/Github/CompanyIntranet/src/contexts/AuthContext.tsx,file,coding,CompanyIntranet,main,TypeScript,true,Wakatime,Windows,Tiaan-Lenovo,codex-wakapi-history-import/1.0,2026-02-11 01:32:36.000,2026-05-04 03:43:07.957
Lelando1234,C:/Users/tiaan/My Drive/Tiaan/Personal/Documents & Other/Github/CompanyIntranet/src/contexts/AuthContext.tsx,file,coding,CompanyIntranet,main,TypeScript,true,Wakatime,Windows,Tiaan-Lenovo,codex-wakapi-history-import/1.0,2026-02-11 01:34:36.000,2026-05-04 03:43:07.957
Lelando1234,C:/Users/tiaan/My Drive/Tiaan/Personal/Documents & Other/Github/CompanyIntranet/src/contexts/AuthContext.tsx,file,coding,CompanyIntranet,main,TypeScript,true,Wakatime,Windows,Tiaan-Lenovo,codex-wakapi-history-import/1.0,2026-02-11 01:36:36.000,2026-05-04 03:43:07.957
Lelando1234,C:/Users/tiaan/My Drive/Tiaan/Personal/Documents & Other/Github/CompanyIntranet/src/contexts/AuthContext.tsx,file,coding,CompanyIntranet,main,TypeScript,true,Wakatime,Windows,Tiaan-Lenovo,codex-wakapi-history-import/1.0,2026-02-11 01:38:36.000,2026-05-04 03:43:07.957
Lelando1234,C:/Users/tiaan/My Drive/Tiaan/Personal/Documents & Other/Github/CompanyIntranet/src/contexts/AuthContext.tsx,file,coding,CompanyIntranet,main,TypeScript,true,Wakatime,Windows,Tiaan-Lenovo,codex-wakapi-history-import/1.0,2026-02-11 01:40:36.000,2026-05-04 03:43:07.957
Lelando1234,C:/Users/tiaan/My Drive/Tiaan/Personal/Documents & Other/Github/CompanyIntranet/src/contexts/AuthContext.tsx,file,coding,CompanyIntranet,main,TypeScript,true,Wakatime,Windows,Tiaan-Lenovo,codex-wakapi-history-import/1.0,2026-02-11 01:42:36.000,2026-05-04 03:43:07.957
Lelando1234,C:/Users/tiaan/My Drive/Tiaan/Personal/Documents & Other/Github/CompanyIntranet/src/contexts/AuthContext.tsx,file,coding,CompanyIntranet,main,TypeScript,true,Wakatime,Windows,Tiaan-Lenovo,codex-wakapi-history-import/1.0,2026-02-11 01:44:36.000,2026-05-04 03:43:07.957
Lelando1234,C:/Users/tiaan/My Drive/Tiaan/Personal/Documents & Other/Github/CompanyIntranet/src/contexts/AuthContext.tsx,file,coding,CompanyIntranet,main,TypeScript,true,Wakatime,Windows,Tiaan-Lenovo,codex-wakapi-history-import/1.0,2026-02-11 01:46:36.000,2026-05-04 03:43:07.957
Lelando1234,C:/Users/tiaan/My Drive/Tiaan/Personal/Documents & Other/Github/CompanyIntranet/src/contexts/AuthContext.tsx,file,coding,CompanyIntranet,main,TypeScript,true,Wakatime,Windows,Tiaan-Lenovo,codex-wakapi-history-import/1.0,2026-02-11 01:48:36.000,2026-05-04 03:43:07.957
Lelando1234,C:/Users/tiaan/My Drive/Tiaan/Personal/Documents & Other/Github/CompanyIntranet/src/components/ThemeCustomizer.tsx,file,coding,CompanyIntranet,main,TypeScript,true,Wakatime,Windows,Tiaan-Lenovo,codex-wakapi-history-import/1.0,2026-02-11 01:50:36.000,2026-05-04 03:43:07.957
Lelando1234,C:/Users/tiaan/My Drive/Tiaan/Personal/Documents & Other/Github/CompanyIntranet/src/components/ThemeCustomizer.tsx,file,coding,CompanyIntranet,main,TypeScript,true,Wakatime,Windows,Tiaan-Lenovo,codex-wakapi-history-import/1.0,2026-02-11 01:52:36.000,2026-05-04 03:43:07.957
Lelando1234,C:/Users/tiaan/My Drive/Tiaan/Personal/Documents & Other/Github/CompanyIntranet/src/components/ThemeCustomizer.tsx,file,coding,CompanyIntranet,main,TypeScript,true,Wakatime,Windows,Tiaan-Lenovo,codex-wakapi-history-import/1.0,2026-02-11 01:54:36.000,2026-05-04 03:43:07.957
Lelando1234,C:/Users/tiaan/My Drive/Tiaan/Personal/Documents & Other/Github/CompanyIntranet/src/components/ThemeCustomizer.tsx,file,coding,CompanyIntranet,main,TypeScript,true,Wakatime,Windows,Tiaan-Lenovo,codex-wakapi-history-import/1.0,2026-02-11 01:56:36.000,2026-05-04 03:43:07.957
Lelando1234,C:/Users/tiaan/My Drive/Tiaan/Personal/Documents & Other/Github/CompanyIntranet/src/components/ThemeCustomizer.tsx,file,coding,CompanyIntranet,main,TypeScript,true,Wakatime,Windows,Tiaan-Lenovo,codex-wakapi-history-import/1.0,2026-02-11 01:58:36.000,2026-05-04 03:43:07.957
Lelando1234,C:/Users/tiaan/My Drive/Tiaan/Personal/Documents & Other/Github/CompanyIntranet/src/components/ThemeCustomizer.tsx,file,coding,CompanyIntranet,main,TypeScript,true,Wakatime,Windows,Tiaan-Lenovo,codex-wakapi-history-import/1.0,2026-02-11 02:00:36.000,2026-05-04 03:43:07.957
Lelando1234,C:/Users/tiaan/My Drive/Tiaan/Personal/Documents & Other/Github/CompanyIntranet/src/components/ThemeCustomizer.tsx,file,coding,CompanyIntranet,main,TypeScript,true,Wakatime,Windows,Tiaan-Lenovo,codex-wakapi-history-import/1.0,2026-02-11 02:02:36.000,2026-05-04 03:43:07.957
Lelando1234,C:/Users/tiaan/My Drive/Tiaan/Personal/Documents & Other/Github/CompanyIntranet/src/components/ThemeCustomizer.tsx,file,coding,CompanyIntranet,main,TypeScript,true,Wakatime,Windows,Tiaan-Lenovo,codex-wakapi-history-import/1.0,2026-02-11 02:04:36.000,2026-05-04 03:43:07.957
Lelando1234,C:/Users/tiaan/My Drive/Tiaan/Personal/Documents & Other/Github/CompanyIntranet/src/components/ThemeCustomizer.tsx,file,coding,CompanyIntranet,main,TypeScript,true,Wakatime,Windows,Tiaan-Lenovo,codex-wakapi-history-import/1.0,2026-02-11 02:06:36.000,2026-05-04 03:43:07.957
Lelando1234,C:/Users/tiaan/My Drive/Tiaan/Personal/Documents & Other/Github/CompanyIntranet/src/components/ThemeCustomizer.tsx,file,coding,CompanyIntranet,main,TypeScript,true,Wakatime,Windows,Tiaan-Lenovo,codex-wakapi-history-import/1.0,2026-02-11 02:08:36.000,2026-05-04 03:43:07.957
Lelando1234,C:/Users/tiaan/My Drive/Tiaan/Personal/Documents & Other/Github/CompanyIntranet/src/components/ThemeCustomizer.tsx,file,coding,CompanyIntranet,main,TypeScript,true,Wakatime,Windows,Tiaan-Lenovo,codex-wakapi-history-import/1.0,2026-02-11 02:10:36.000,2026-05-04 03:43:07.957
Lelando1234,C:/Users/tiaan/My Drive/Tiaan/Personal/Documents & Other/Github/CompanyIntranet/src/components/ThemeCustomizer.tsx,file,coding,CompanyIntranet,main,TypeScript,true,Wakatime,Windows,Tiaan-Lenovo,codex-wakapi-history-import/1.0,2026-02-11 02:12:36.000,2026-05-04 03:43:07.957
Lelando1234,C:/Users/tiaan/My Drive/Tiaan/Personal/Documents & Other/Github/CompanyIntranet/backend/src/routes/settings.js,file,coding,CompanyIntranet,main,JavaScript,true,Wakatime,Windows,Tiaan-Lenovo,codex-wakapi-history-import/1.0,2026-02-11 02:14:36.000,2026-05-04 03:43:07.957
Lelando1234,C:/Users/tiaan/My Drive/Tiaan/Personal/Documents & Other/Github/CompanyIntranet/backend/src/routes/settings.js,file,coding,CompanyIntranet,main,JavaScript,true,Wakatime,Windows,Tiaan-Lenovo,codex-wakapi-history-import/1.0,2026-02-11 02:16:36.000,2026-05-04 03:43:07.957
Lelando1234,C:/Users/tiaan/My Drive/Tiaan/Personal/Documents & Other/Github/CompanyIntranet/src/components/ThemeCustomizer.tsx,file,coding,CompanyIntranet,main,TypeScript,true,Wakatime,Windows,Tiaan-Lenovo,codex-wakapi-history-import/1.0,2026-02-11 12:53:48.000,2026-05-04 03:43:07.957
Lelando1234,C:/Users/tiaan/My Drive/Tiaan/Personal/Documents & Other/Github/CompanyIntranet/src/components/ThemeCustomizer.tsx,file,coding,CompanyIntranet,main,TypeScript,true,Wakatime,Windows,Tiaan-Lenovo,codex-wakapi-history-import/1.0,2026-02-11 12:55:48.000,2026-05-04 03:43:07.957
Lelando1234,C:/Users/tiaan/My Drive/Tiaan/Personal/Documents & Other/Github/CompanyIntranet/src/components/ThemeCustomizer.tsx,file,coding,CompanyIntranet,main,TypeScript,true,Wakatime,Windows,Tiaan-Lenovo,codex-wakapi-history-import/1.0,2026-02-11 12:57:48.000,2026-05-04 03:43:07.957
Lelando1234,C:/Users/tiaan/My Drive/Tiaan/Personal/Documents & Other/Github/CompanyIntranet/src/components/ThemeCustomizer.tsx,file,coding,CompanyIntranet,main,TypeScript,true,Wakatime,Windows,Tiaan-Lenovo,codex-wakapi-history-import/1.0,2026-02-11 12:59:48.000,2026-05-04 03:43:07.957
Lelando1234,C:/Users/tiaan/My Drive/Tiaan/Personal/Documents & Other/Github/CompanyIntranet/src/components/ThemeCustomizer.tsx,file,coding,CompanyIntranet,main,TypeScript,true,Wakatime,Windows,Tiaan-Lenovo,codex-wakapi-history-import/1.0,2026-02-11 13:01:48.000,2026-05-04 03:43:07.957
Lelando1234,C:/Users/tiaan/My Drive/Tiaan/Personal/Documents & Other/Github/CompanyIntranet/src/components/ThemeCustomizer.tsx,file,coding,CompanyIntranet,main,TypeScript,true,Wakatime,Windows,Tiaan-Lenovo,codex-wakapi-history-import/1.0,2026-02-11 13:03:48.000,2026-05-04 03:43:07.957
Lelando1234,C:/Users/tiaan/My Drive/Tiaan/Personal/Documents & Other/Github/CompanyIntranet/src/components/ThemeCustomizer.tsx,file,coding,CompanyIntranet,main,TypeScript,true,Wakatime,Windows,Tiaan-Lenovo,codex-wakapi-history-import/1.0,2026-02-11 13:05:48.000,2026-05-04 03:43:07.957
Lelando1234,C:/Users/tiaan/My Drive/Tiaan/Personal/Documents & Other/Github/CompanyIntranet/src/components/ThemeCustomizer.tsx,file,coding,CompanyIntranet,main,TypeScript,true,Wakatime,Windows,Tiaan-Lenovo,codex-wakapi-history-import/1.0,2026-02-11 13:07:48.000,2026-05-04 03:43:07.957
Lelando1234,C:/Users/tiaan/My Drive/Tiaan/Personal/Documents & Other/Github/CompanyIntranet/src/components/ThemeCustomizer.tsx,file,coding,CompanyIntranet,main,TypeScript,true,Wakatime,Windows,Tiaan-Lenovo,codex-wakapi-history-import/1.0,2026-02-11 13:09:48.000,2026-05-04 03:43:07.957
Lelando1234,C:/Users/tiaan/My Drive/Tiaan/Personal/Documents & Other/Github/CompanyIntranet/src/components/ThemeCustomizer.tsx,file,coding,CompanyIntranet,main,TypeScript,true,Wakatime,Windows,Tiaan-Lenovo,codex-wakapi-history-import/1.0,2026-02-11 13:11:48.000,2026-05-04 03:43:07.957
Lelando1234,C:/Users/tiaan/My Drive/Tiaan/Personal/Documents & Other/Github/CompanyIntranet/src/components/ThemeCustomizer.tsx,file,coding,CompanyIntranet,main,TypeScript,true,Wakatime,Windows,Tiaan-Lenovo,codex-wakapi-history-import/1.0,2026-02-11 13:13:48.000,2026-05-04 03:43:07.957
Lelando1234,C:/Users/tiaan/My Drive/Tiaan/Personal/Documents & Other/Github/CompanyIntranet/src/components/ThemeCustomizer.tsx,file,coding,CompanyIntranet,main,TypeScript,true,Wakatime,Windows,Tiaan-Lenovo,codex-wakapi-history-import/1.0,2026-02-11 13:15:48.000,2026-05-04 03:43:07.957
Lelando1234,C:/Users/tiaan/My Drive/Tiaan/Personal/Documents & Other/Github/CompanyIntranet/src/components/ThemeCustomizer.tsx,file,coding,CompanyIntranet,main,TypeScript,true,Wakatime,Windows,Tiaan-Lenovo,codex-wakapi-history-import/1.0,2026-02-11 13:17:48.000,2026-05-04 03:43:07.957
Lelando1234,C:/Users/tiaan/My Drive/Tiaan/Personal/Documents & Other/Github/CompanyIntranet/backend/src/routes/settings.js,file,coding,CompanyIntranet,main,JavaScript,true,Wakatime,Windows,Tiaan-Lenovo,codex-wakapi-history-import/1.0,2026-02-11 13:19:48.000,2026-05-04 03:43:07.957
Lelando1234,C:/Users/tiaan/My Drive/Tiaan/Personal/Documents & Other/Github/CompanyIntranet/backend/src/routes/settings.js,file,coding,CompanyIntranet,main,JavaScript,true,Wakatime,Windows,Tiaan-Lenovo,codex-wakapi-history-import/1.0,2026-02-11 13:21:48.000,2026-05-04 03:43:07.957
Lelando1234,C:/Users/tiaan/My Drive/Tiaan/Personal/Documents & Other/Github/CompanyIntranet/backend/src/routes/settings.js,file,coding,CompanyIntranet,main,JavaScript,true,Wakatime,Windows,Tiaan-Lenovo,codex-wakapi-history-import/1.0,2026-02-11 13:23:48.000,2026-05-04 03:43:07.957
Lelando1234,C:/Users/tiaan/My Drive/Tiaan/Personal/Documents & Other/Github/CompanyIntranet/backend/src/routes/settings.js,file,coding,CompanyIntranet,main,JavaScript,true,Wakatime,Windows,Tiaan-Lenovo,codex-wakapi-history-import/1.0,2026-02-11 13:25:48.000,2026-05-04 03:43:07.957
Lelando1234,C:/Users/tiaan/My Drive/Tiaan/Personal/Documents & Other/Github/CompanyIntranet/backend/src/routes/settings.js,file,coding,CompanyIntranet,main,JavaScript,true,Wakatime,Windows,Tiaan-Lenovo,codex-wakapi-history-import/1.0,2026-02-11 13:27:48.000,2026-05-04 03:43:07.957
Lelando1234,C:/Users/tiaan/My Drive/Tiaan/Personal/Documents & Other/Github/CompanyIntranet/backend/src/routes/settings.js,file,coding,CompanyIntranet,main,JavaScript,true,Wakatime,Windows,Tiaan-Lenovo,codex-wakapi-history-import/1.0,2026-02-11 13:29:48.000,2026-05-04 03:43:07.957
Lelando1234,C:/Users/tiaan/My Drive/Tiaan/Personal/Documents & Other/Github/CompanyIntranet/backend/src/routes/settings.js,file,coding,CompanyIntranet,main,JavaScript,true,Wakatime,Windows,Tiaan-Lenovo,codex-wakapi-history-import/1.0,2026-02-11 13:31:48.000,2026-05-04 03:43:07.957
Lelando1234,C:/Users/tiaan/My Drive/Tiaan/Personal/Documents & Other/Github/CompanyIntranet/backend/src/routes/settings.js,file,coding,CompanyIntranet,main,JavaScript,true,Wakatime,Windows,Tiaan-Lenovo,codex-wakapi-history-import/1.0,2026-02-11 13:33:48.000,2026-05-04 03:43:07.957
Lelando1234,C:/Users/tiaan/My Drive/Tiaan/Personal/Documents & Other/Github/CompanyIntranet/backend/src/routes/settings.js,file,coding,CompanyIntranet,main,JavaScript,true,Wakatime,Windows,Tiaan-Lenovo,codex-wakapi-history-import/1.0,2026-02-11 13:35:48.000,2026-05-04 03:43:07.957
Lelando1234,C:/Users/tiaan/My Drive/Tiaan/Personal/Documents & Other/Github/CompanyIntranet/backend/src/routes/settings.js,file,coding,CompanyIntranet,main,JavaScript,true,Wakatime,Windows,Tiaan-Lenovo,codex-wakapi-history-import/1.0,2026-02-11 13:37:48.000,2026-05-04 03:43:07.957
Lelando1234,C:/Users/tiaan/My Drive/Tiaan/Personal/Documents & Other/Github/CompanyIntranet/backend/src/routes/settings.js,file,coding,CompanyIntranet,main,JavaScript,true,Wakatime,Windows,Tiaan-Lenovo,codex-wakapi-history-import/1.0,2026-02-11 13:39:48.000,2026-05-04 03:43:07.957
Lelando1234,C:/Users/tiaan/My Drive/Tiaan/Personal/Documents & Other/Github/CompanyIntranet/backend/src/routes/settings.js,file,coding,CompanyIntranet,main,JavaScript,true,Wakatime,Windows,Tiaan-Lenovo,codex-wakapi-history-import/1.0,2026-02-11 13:41:48.000,2026-05-04 03:43:07.957
Lelando1234,C:/Users/tiaan/My Drive/Tiaan/Personal/Documents & Other/Github/CompanyIntranet/package.json,file,coding,CompanyIntranet,main,JSON,true,Wakatime,Windows,Tiaan-Lenovo,codex-wakapi-history-import/1.0,2026-02-11 13:43:48.000,2026-05-04 03:43:07.957
Lelando1234,C:/Users/tiaan/My Drive/Tiaan/Personal/Documents & Other/Github/CompanyIntranet/package.json,file,coding,CompanyIntranet,main,JSON,true,Wakatime,Windows,Tiaan-Lenovo,codex-wakapi-history-import/1.0,2026-02-11 13:45:48.000,2026-05-04 03:43:07.957
Lelando1234,C:/Users/tiaan/My Drive/Tiaan/Personal/Documents & Other/Github/CompanyIntranet/package.json,file,coding,CompanyIntranet,main,JSON,true,Wakatime,Windows,Tiaan-Lenovo,codex-wakapi-history-import/1.0,2026-02-11 13:47:48.000,2026-05-04 03:43:07.957
Lelando1234,C:/Users/tiaan/My Drive/Tiaan/Personal/Documents & Other/Github/CompanyIntranet/package.json,file,coding,CompanyIntranet,main,JSON,true,Wakatime,Windows,Tiaan-Lenovo,codex-wakapi-history-import/1.0,2026-02-11 13:49:48.000,2026-05-04 03:43:07.957
Lelando1234,C:/Users/tiaan/My Drive/Tiaan/Personal/Documents & Other/Github/CompanyIntranet/package.json,file,coding,CompanyIntranet,main,JSON,true,Wakatime,Windows,Tiaan-Lenovo,codex-wakapi-history-import/1.0,2026-02-11 13:51:48.000,2026-05-04 03:43:07.957
Lelando1234,C:/Users/tiaan/My Drive/Tiaan/Personal/Documents & Other/Github/CompanyIntranet/package.json,file,coding,CompanyIntranet,main,JSON,true,Wakatime,Windows,Tiaan-Lenovo,codex-wakapi-history-import/1.0,2026-02-11 13:53:48.000,2026-05-04 03:43:07.957
Lelando1234,C:/Users/tiaan/My Drive/Tiaan/Personal/Documents & Other/Github/CompanyIntranet/package.json,file,coding,CompanyIntranet,main,JSON,true,Wakatime,Windows,Tiaan-Lenovo,codex-wakapi-history-import/1.0,2026-02-11 13:55:48.000,2026-05-04 03:43:07.957
Lelando1234,C:/Users/tiaan/My Drive/Tiaan/Personal/Documents & Other/Github/CompanyIntranet/package.json,file,coding,CompanyIntranet,main,JSON,true,Wakatime,Windows,Tiaan-Lenovo,codex-wakapi-history-import/1.0,2026-02-11 13:57:48.000,2026-05-04 03:43:07.957
Lelando1234,C:/Users/tiaan/My Drive/Tiaan/Personal/Documents & Other/Github/CompanyIntranet/src/components/home.tsx,file,coding,CompanyIntranet,main,TypeScript,true,Wakatime,Windows,Tiaan-Lenovo,codex-wakapi-history-import/1.0,2026-02-12 01:19:00.000,2026-05-04 03:43:07.957
Lelando1234,C:/Users/tiaan/My Drive/Tiaan/Personal/Documents & Other/Github/CompanyIntranet/src/components/home.tsx,file,coding,CompanyIntranet,main,TypeScript,true,Wakatime,Windows,Tiaan-Lenovo,codex-wakapi-history-import/1.0,2026-02-12 01:21:00.000,2026-05-04 03:43:07.957
Lelando1234,C:/Users/tiaan/My Drive/Tiaan/Personal/Documents & Other/Github/CompanyIntranet/src/components/home.tsx,file,coding,CompanyIntranet,main,TypeScript,true,Wakatime,Windows,Tiaan-Lenovo,codex-wakapi-history-import/1.0,2026-02-12 01:23:00.000,2026-05-04 03:43:07.957
Lelando1234,C:/Users/tiaan/My Drive/Tiaan/Personal/Documents & Other/Github/CompanyIntranet/src/components/home.tsx,file,coding,CompanyIntranet,main,TypeScript,true,Wakatime,Windows,Tiaan-Lenovo,codex-wakapi-history-import/1.0,2026-02-12 01:25:00.000,2026-05-04 03:43:07.957
Lelando1234,C:/Users/tiaan/My Drive/Tiaan/Personal/Documents & Other/Github/CompanyIntranet/src/components/home.tsx,file,coding,CompanyIntranet,main,TypeScript,true,Wakatime,Windows,Tiaan-Lenovo,codex-wakapi-history-import/1.0,2026-02-12 01:27:00.000,2026-05-04 03:43:07.957
Lelando1234,C:/Users/tiaan/My Drive/Tiaan/Personal/Documents & Other/Github/CompanyIntranet/src/components/home.tsx,file,coding,CompanyIntranet,main,TypeScript,true,Wakatime,Windows,Tiaan-Lenovo,codex-wakapi-history-import/1.0,2026-02-12 01:29:00.000,2026-05-04 03:43:07.957
Lelando1234,C:/Users/tiaan/My Drive/Tiaan/Personal/Documents & Other/Github/CompanyIntranet/src/components/home.tsx,file,coding,CompanyIntranet,main,TypeScript,true,Wakatime,Windows,Tiaan-Lenovo,codex-wakapi-history-import/1.0,2026-02-12 01:31:00.000,2026-05-04 03:43:07.957
Lelando1234,C:/Users/tiaan/My Drive/Tiaan/Personal/Documents & Other/Github/CompanyIntranet/src/components/home.tsx,file,coding,CompanyIntranet,main,TypeScript,true,Wakatime,Windows,Tiaan-Lenovo,codex-wakapi-history-import/1.0,2026-02-12 01:33:00.000,2026-05-04 03:43:07.957
Lelando1234,C:/Users/tiaan/My Drive/Tiaan/Personal/Documents & Other/Github/CompanyIntranet/src/components/home.tsx,file,coding,CompanyIntranet,main,TypeScript,true,Wakatime,Windows,Tiaan-Lenovo,codex-wakapi-history-import/1.0,2026-02-12 01:35:00.000,2026-05-04 03:43:07.957
Lelando1234,C:/Users/tiaan/My Drive/Tiaan/Personal/Documents & Other/Github/CompanyIntranet/src/components/home.tsx,file,coding,CompanyIntranet,main,TypeScript,true,Wakatime,Windows,Tiaan-Lenovo,codex-wakapi-history-import/1.0,2026-02-12 01:37:00.000,2026-05-04 03:43:07.957
Lelando1234,C:/Users/tiaan/My Drive/Tiaan/Personal/Documents & Other/Github/CompanyIntranet/src/components/home.tsx,file,coding,CompanyIntranet,main,TypeScript,true,Wakatime,Windows,Tiaan-Lenovo,codex-wakapi-history-import/1.0,2026-02-12 01:39:00.000,2026-05-04 03:43:07.957
Lelando1234,C:/Users/tiaan/My Drive/Tiaan/Personal/Documents & Other/Github/CompanyIntranet/src/components/home.tsx,file,coding,CompanyIntranet,main,TypeScript,true,Wakatime,Windows,Tiaan-Lenovo,codex-wakapi-history-import/1.0,2026-02-12 01:41:00.000,2026-05-04 03:43:07.957
Lelando1234,C:/Users/tiaan/My Drive/Tiaan/Personal/Documents & Other/Github/CompanyIntranet/src/components/home.tsx,file,coding,CompanyIntranet,main,TypeScript,true,Wakatime,Windows,Tiaan-Lenovo,codex-wakapi-history-import/1.0,2026-02-12 01:43:00.000,2026-05-04 03:43:07.957
Lelando1234,C:/Users/tiaan/My Drive/Tiaan/Personal/Documents & Other/Github/CompanyIntranet/src/pages/AdminPanel.tsx,file,coding,CompanyIntranet,main,TypeScript,true,Wakatime,Windows,Tiaan-Lenovo,codex-wakapi-history-import/1.0,2026-02-12 01:45:00.000,2026-05-04 03:43:07.957
Lelando1234,C:/Users/tiaan/My Drive/Tiaan/Personal/Documents & Other/Github/CompanyIntranet/src/pages/AdminPanel.tsx,file,coding,CompanyIntranet,main,TypeScript,true,Wakatime,Windows,Tiaan-Lenovo,codex-wakapi-history-import/1.0,2026-02-12 01:47:00.000,2026-05-04 03:43:07.957
Lelando1234,C:/Users/tiaan/My Drive/Tiaan/Personal/Documents & Other/Github/CompanyIntranet/src/pages/AdminPanel.tsx,file,coding,CompanyIntranet,main,TypeScript,true,Wakatime,Windows,Tiaan-Lenovo,codex-wakapi-history-import/1.0,2026-02-12 01:49:00.000,2026-05-04 03:43:07.957
Lelando1234,C:/Users/tiaan/My Drive/Tiaan/Personal/Documents & Other/Github/CompanyIntranet/src/pages/AdminPanel.tsx,file,coding,CompanyIntranet,main,TypeScript,true,Wakatime,Windows,Tiaan-Lenovo,codex-wakapi-history-import/1.0,2026-02-12 01:51:00.000,2026-05-04 03:43:07.957
Lelando1234,C:/Users/tiaan/My Drive/Tiaan/Personal/Documents & Other/Github/CompanyIntranet/src/pages/AdminPanel.tsx,file,coding,CompanyIntranet,main,TypeScript,true,Wakatime,Windows,Tiaan-Lenovo,codex-wakapi-history-import/1.0,2026-02-12 01:53:00.000,2026-05-04 03:43:07.957
Lelando1234,C:/Users/tiaan/My Drive/Tiaan/Personal/Documents & Other/Github/CompanyIntranet/src/pages/AdminPanel.tsx,file,coding,CompanyIntranet,main,TypeScript,true,Wakatime,Windows,Tiaan-Lenovo,codex-wakapi-history-import/1.0,2026-02-12 01:55:00.000,2026-05-04 03:43:07.957
Lelando1234,C:/Users/tiaan/My Drive/Tiaan/Personal/Documents & Other/Github/CompanyIntranet/src/pages/AdminPanel.tsx,file,coding,CompanyIntranet,main,TypeScript,true,Wakatime,Windows,Tiaan-Lenovo,codex-wakapi-history-import/1.0,2026-02-12 01:57:00.000,2026-05-04 03:43:07.957
Lelando1234,C:/Users/tiaan/My Drive/Tiaan/Personal/Documents & Other/Github/CompanyIntranet/src/pages/AdminPanel.tsx,file,coding,CompanyIntranet,main,TypeScript,true,Wakatime,Windows,Tiaan-Lenovo,codex-wakapi-history-import/1.0,2026-02-12 01:59:00.000,2026-05-04 03:43:07.957
Lelando1234,C:/Users/tiaan/My Drive/Tiaan/Personal/Documents & Other/Github/CompanyIntranet/src/pages/AdminPanel.tsx,file,coding,CompanyIntranet,main,TypeScript,true,Wakatime,Windows,Tiaan-Lenovo,codex-wakapi-history-import/1.0,2026-02-12 02:01:00.000,2026-05-04 03:43:07.957
Lelando1234,C:/Users/tiaan/My Drive/Tiaan/Personal/Documents & Other/Github/CompanyIntranet/src/pages/AdminPanel.tsx,file,coding,CompanyIntranet,main,TypeScript,true,Wakatime,Windows,Tiaan-Lenovo,codex-wakapi-history-import/1.0,2026-02-12 02:03:00.000,2026-05-04 03:43:07.957
Lelando1234,C:/Users/tiaan/My Drive/Tiaan/Personal/Documents & Other/Github/CompanyIntranet/src/pages/AdminPanel.tsx,file,coding,CompanyIntranet,main,TypeScript,true,Wakatime,Windows,Tiaan-Lenovo,codex-wakapi-history-import/1.0,2026-02-12 02:05:00.000,2026-05-04 03:43:07.957
Lelando1234,C:/Users/tiaan/My Drive/Tiaan/Personal/Documents & Other/Github/CompanyIntranet/src/pages/AdminPanel.tsx,file,coding,CompanyIntranet,main,TypeScript,true,Wakatime,Windows,Tiaan-Lenovo,codex-wakapi-history-import/1.0,2026-02-12 02:07:00.000,2026-05-04 03:43:07.957
Lelando1234,C:/Users/tiaan/My Drive/Tiaan/Personal/Documents & Other/Github/CompanyIntranet/src/pages/Dashboard.tsx,file,coding,CompanyIntranet,main,TypeScript,true,Wakatime,Windows,Tiaan-Lenovo,codex-wakapi-history-import/1.0,2026-02-12 02:09:00.000,2026-05-04 03:43:07.957
Lelando1234,C:/Users/tiaan/My Drive/Tiaan/Personal/Documents & Other/Github/CompanyIntranet/src/pages/Dashboard.tsx,file,coding,CompanyIntranet,main,TypeScript,true,Wakatime,Windows,Tiaan-Lenovo,codex-wakapi-history-import/1.0,2026-02-12 02:11:00.000,2026-05-04 03:43:07.957
Lelando1234,C:/Users/tiaan/My Drive/Tiaan/Personal/Documents & Other/Github/CompanyIntranet/src/pages/Dashboard.tsx,file,coding,CompanyIntranet,main,TypeScript,true,Wakatime,Windows,Tiaan-Lenovo,codex-wakapi-history-import/1.0,2026-02-12 02:13:00.000,2026-05-04 03:43:07.957
Lelando1234,C:/Users/tiaan/My Drive/Tiaan/Personal/Documents & Other/Github/CompanyIntranet/src/pages/Dashboard.tsx,file,coding,CompanyIntranet,main,TypeScript,true,Wakatime,Windows,Tiaan-Lenovo,codex-wakapi-history-import/1.0,2026-02-12 02:15:00.000,2026-05-04 03:43:07.957
Lelando1234,C:/Users/tiaan/My Drive/Tiaan/Personal/Documents & Other/Github/CompanyIntranet/src/pages/Dashboard.tsx,file,coding,CompanyIntranet,main,TypeScript,true,Wakatime,Windows,Tiaan-Lenovo,codex-wakapi-history-import/1.0,2026-02-12 02:17:00.000,2026-05-04 03:43:07.957
Lelando1234,C:/Users/tiaan/My Drive/Tiaan/Personal/Documents & Other/Github/CompanyIntranet/src/pages/Dashboard.tsx,file,coding,CompanyIntranet,main,TypeScript,true,Wakatime,Windows,Tiaan-Lenovo,codex-wakapi-history-import/1.0,2026-02-12 02:19:00.000,2026-05-04 03:43:07.957
Lelando1234,C:/Users/tiaan/My Drive/Tiaan/Personal/Documents & Other/Github/CompanyIntranet/src/pages/Dashboard.tsx,file,coding,CompanyIntranet,main,TypeScript,true,Wakatime,Windows,Tiaan-Lenovo,codex-wakapi-history-import/1.0,2026-02-12 02:21:00.000,2026-05-04 03:43:07.957
Lelando1234,C:/Users/tiaan/My Drive/Tiaan/Personal/Documents & Other/Github/CompanyIntranet/src/pages/Dashboard.tsx,file,coding,CompanyIntranet,main,TypeScript,true,Wakatime,Windows,Tiaan-Lenovo,codex-wakapi-history-import/1.0,2026-02-12 02:23:00.000,2026-05-04 03:43:07.957
Lelando1234,C:/Users/tiaan/My Drive/Tiaan/Personal/Documents & Other/Github/CompanyIntranet/src/pages/Dashboard.tsx,file,coding,CompanyIntranet,main,TypeScript,true,Wakatime,Windows,Tiaan-Lenovo,codex-wakapi-history-import/1.0,2026-02-12 02:25:00.000,2026-05-04 03:43:07.957
Lelando1234,C:/Users/tiaan/My Drive/Tiaan/Personal/Documents & Other/Github/CompanyIntranet/src/App.tsx,file,coding,CompanyIntranet,main,TypeScript,true,Wakatime,Windows,Tiaan-Lenovo,codex-wakapi-history-import/1.0,2026-02-12 12:15:28.000,2026-05-04 03:43:07.957
Lelando1234,C:/Users/tiaan/My Drive/Tiaan/Personal/Documents & Other/Github/CompanyIntranet/src/App.tsx,file,coding,CompanyIntranet,main,TypeScript,true,Wakatime,Windows,Tiaan-Lenovo,codex-wakapi-history-import/1.0,2026-02-12 12:17:28.000,2026-05-04 03:43:07.957
Lelando1234,C:/Users/tiaan/My Drive/Tiaan/Personal/Documents & Other/Github/CompanyIntranet/src/App.tsx,file,coding,CompanyIntranet,main,TypeScript,true,Wakatime,Windows,Tiaan-Lenovo,codex-wakapi-history-import/1.0,2026-02-12 12:19:28.000,2026-05-04 03:43:07.957
Lelando1234,C:/Users/tiaan/My Drive/Tiaan/Personal/Documents & Other/Github/CompanyIntranet/src/App.tsx,file,coding,CompanyIntranet,main,TypeScript,true,Wakatime,Windows,Tiaan-Lenovo,codex-wakapi-history-import/1.0,2026-02-12 12:21:28.000,2026-05-04 03:43:07.957
Lelando1234,C:/Users/tiaan/My Drive/Tiaan/Personal/Documents & Other/Github/CompanyIntranet/src/App.tsx,file,coding,CompanyIntranet,main,TypeScript,true,Wakatime,Windows,Tiaan-Lenovo,codex-wakapi-history-import/1.0,2026-02-12 12:23:28.000,2026-05-04 03:43:07.957
Lelando1234,C:/Users/tiaan/My Drive/Tiaan/Personal/Documents & Other/Github/CompanyIntranet/src/App.tsx,file,coding,CompanyIntranet,main,TypeScript,true,Wakatime,Windows,Tiaan-Lenovo,codex-wakapi-history-import/1.0,2026-02-12 12:25:28.000,2026-05-04 03:43:07.957
Lelando1234,C:/Users/tiaan/My Drive/Tiaan/Personal/Documents & Other/Github/CompanyIntranet/src/App.tsx,file,coding,CompanyIntranet,main,TypeScript,true,Wakatime,Windows,Tiaan-Lenovo,codex-wakapi-history-import/1.0,2026-02-12 12:27:28.000,2026-05-04 03:43:07.957
Lelando1234,C:/Users/tiaan/My Drive/Tiaan/Personal/Documents & Other/Github/CompanyIntranet/src/App.tsx,file,coding,CompanyIntranet,main,TypeScript,true,Wakatime,Windows,Tiaan-Lenovo,codex-wakapi-history-import/1.0,2026-02-12 12:29:28.000,2026-05-04 03:43:07.957
Lelando1234,C:/Users/tiaan/My Drive/Tiaan/Personal/Documents & Other/Github/CompanyIntranet/src/App.tsx,file,coding,CompanyIntranet,main,TypeScript,true,Wakatime,Windows,Tiaan-Lenovo,codex-wakapi-history-import/1.0,2026-02-12 12:31:28.000,2026-05-04 03:43:07.957
Lelando1234,C:/Users/tiaan/My Drive/Tiaan/Personal/Documents & Other/Github/CompanyIntranet/src/App.tsx,file,coding,CompanyIntranet,main,TypeScript,true,Wakatime,Windows,Tiaan-Lenovo,codex-wakapi-history-import/1.0,2026-02-12 12:33:28.000,2026-05-04 03:43:07.957
Lelando1234,C:/Users/tiaan/My Drive/Tiaan/Personal/Documents & Other/Github/CompanyIntranet/src/App.tsx,file,coding,CompanyIntranet,main,TypeScript,true,Wakatime,Windows,Tiaan-Lenovo,codex-wakapi-history-import/1.0,2026-02-12 12:35:28.000,2026-05-04 03:43:07.957
Lelando1234,C:/Users/tiaan/My Drive/Tiaan/Personal/Documents & Other/Github/CompanyIntranet/src/App.tsx,file,coding,CompanyIntranet,main,TypeScript,true,Wakatime,Windows,Tiaan-Lenovo,codex-wakapi-history-import/1.0,2026-02-12 12:37:28.000,2026-05-04 03:43:07.957
Lelando1234,C:/Users/tiaan/My Drive/Tiaan/Personal/Documents & Other/Github/CompanyIntranet/src/App.tsx,file,coding,CompanyIntranet,main,TypeScript,true,Wakatime,Windows,Tiaan-Lenovo,codex-wakapi-history-import/1.0,2026-02-12 12:39:28.000,2026-05-04 03:43:07.957
Lelando1234,C:/Users/tiaan/My Drive/Tiaan/Personal/Documents & Other/Github/CompanyIntranet/src/lib/api.ts,file,coding,CompanyIntranet,main,TypeScript,true,Wakatime,Windows,Tiaan-Lenovo,codex-wakapi-history-import/1.0,2026-02-12 12:41:28.000,2026-05-04 03:43:07.957
Lelando1234,C:/Users/tiaan/My Drive/Tiaan/Personal/Documents & Other/Github/CompanyIntranet/src/lib/api.ts,file,coding,CompanyIntranet,main,TypeScript,true,Wakatime,Windows,Tiaan-Lenovo,codex-wakapi-history-import/1.0,2026-02-12 12:43:28.000,2026-05-04 03:43:07.957
Lelando1234,C:/Users/tiaan/My Drive/Tiaan/Personal/Documents & Other/Github/CompanyIntranet/src/lib/api.ts,file,coding,CompanyIntranet,main,TypeScript,true,Wakatime,Windows,Tiaan-Lenovo,codex-wakapi-history-import/1.0,2026-02-12 12:45:28.000,2026-05-04 03:43:07.957
Lelando1234,C:/Users/tiaan/My Drive/Tiaan/Personal/Documents & Other/Github/CompanyIntranet/src/lib/api.ts,file,coding,CompanyIntranet,main,TypeScript,true,Wakatime,Windows,Tiaan-Lenovo,codex-wakapi-history-import/1.0,2026-02-12 12:47:28.000,2026-05-04 03:43:07.957
Lelando1234,C:/Users/tiaan/My Drive/Tiaan/Personal/Documents & Other/Github/CompanyIntranet/src/lib/api.ts,file,coding,CompanyIntranet,main,TypeScript,true,Wakatime,Windows,Tiaan-Lenovo,codex-wakapi-history-import/1.0,2026-02-12 12:49:28.000,2026-05-04 03:43:07.957
Lelando1234,C:/Users/tiaan/My Drive/Tiaan/Personal/Documents & Other/Github/CompanyIntranet/src/lib/api.ts,file,coding,CompanyIntranet,main,TypeScript,true,Wakatime,Windows,Tiaan-Lenovo,codex-wakapi-history-import/1.0,2026-02-12 12:51:28.000,2026-05-04 03:43:07.957
Lelando1234,C:/Users/tiaan/My Drive/Tiaan/Personal/Documents & Other/Github/CompanyIntranet/src/lib/api.ts,file,coding,CompanyIntranet,main,TypeScript,true,Wakatime,Windows,Tiaan-Lenovo,codex-wakapi-history-import/1.0,2026-02-12 12:53:28.000,2026-05-04 03:43:07.957
Lelando1234,C:/Users/tiaan/My Drive/Tiaan/Personal/Documents & Other/Github/CompanyIntranet/src/lib/api.ts,file,coding,CompanyIntranet,main,TypeScript,true,Wakatime,Windows,Tiaan-Lenovo,codex-wakapi-history-import/1.0,2026-02-12 12:55:28.000,2026-05-04 03:43:07.957
Lelando1234,C:/Users/tiaan/My Drive/Tiaan/Personal/Documents & Other/Github/CompanyIntranet/src/lib/api.ts,file,coding,CompanyIntranet,main,TypeScript,true,Wakatime,Windows,Tiaan-Lenovo,codex-wakapi-history-import/1.0,2026-02-12 12:57:28.000,2026-05-04 03:43:07.957
Lelando1234,C:/Users/tiaan/My Drive/Tiaan/Personal/Documents & Other/Github/CompanyIntranet/src/lib/api.ts,file,coding,CompanyIntranet,main,TypeScript,true,Wakatime,Windows,Tiaan-Lenovo,codex-wakapi-history-import/1.0,2026-02-12 12:59:28.000,2026-05-04 03:43:07.957
Lelando1234,C:/Users/tiaan/My Drive/Tiaan/Personal/Documents & Other/Github/CompanyIntranet/src/lib/api.ts,file,coding,CompanyIntranet,main,TypeScript,true,Wakatime,Windows,Tiaan-Lenovo,codex-wakapi-history-import/1.0,2026-02-12 13:01:28.000,2026-05-04 03:43:07.957
Lelando1234,C:/Users/tiaan/My Drive/Tiaan/Personal/Documents & Other/Github/CompanyIntranet/src/lib/api.ts,file,coding,CompanyIntranet,main,TypeScript,true,Wakatime,Windows,Tiaan-Lenovo,codex-wakapi-history-import/1.0,2026-02-12 13:03:28.000,2026-05-04 03:43:07.957
Lelando1234,C:/Users/tiaan/My Drive/Tiaan/Personal/Documents & Other/Github/CompanyIntranet/src/pages/AdminPanel.tsx,file,coding,CompanyIntranet,main,TypeScript,true,Wakatime,Windows,Tiaan-Lenovo,codex-wakapi-history-import/1.0,2026-02-12 13:05:28.000,2026-05-04 03:43:07.957
Lelando1234,C:/Users/tiaan/My Drive/Tiaan/Personal/Documents & Other/Github/CompanyIntranet/src/pages/AdminPanel.tsx,file,coding,CompanyIntranet,main,TypeScript,true,Wakatime,Windows,Tiaan-Lenovo,codex-wakapi-history-import/1.0,2026-02-12 13:07:28.000,2026-05-04 03:43:07.957
Lelando1234,C:/Users/tiaan/My Drive/Tiaan/Personal/Documents & Other/Github/CompanyIntranet/src/pages/AdminPanel.tsx,file,coding,CompanyIntranet,main,TypeScript,true,Wakatime,Windows,Tiaan-Lenovo,codex-wakapi-history-import/1.0,2026-02-12 13:09:28.000,2026-05-04 03:43:07.957
Lelando1234,C:/Users/tiaan/My Drive/Tiaan/Personal/Documents & Other/Github/CompanyIntranet/src/pages/AdminPanel.tsx,file,coding,CompanyIntranet,main,TypeScript,true,Wakatime,Windows,Tiaan-Lenovo,codex-wakapi-history-import/1.0,2026-02-12 13:11:28.000,2026-05-04 03:43:07.957
Lelando1234,C:/Users/tiaan/My Drive/Tiaan/Personal/Documents & Other/Github/CompanyIntranet/src/pages/AdminPanel.tsx,file,coding,CompanyIntranet,main,TypeScript,true,Wakatime,Windows,Tiaan-Lenovo,codex-wakapi-history-import/1.0,2026-02-12 13:13:28.000,2026-05-04 03:43:07.957
Lelando1234,C:/Users/tiaan/My Drive/Tiaan/Personal/Documents & Other/Github/CompanyIntranet/src/pages/AdminPanel.tsx,file,coding,CompanyIntranet,main,TypeScript,true,Wakatime,Windows,Tiaan-Lenovo,codex-wakapi-history-import/1.0,2026-02-12 13:15:28.000,2026-05-04 03:43:07.957
Lelando1234,C:/Users/tiaan/My Drive/Tiaan/Personal/Documents & Other/Github/CompanyIntranet/src/pages/AdminPanel.tsx,file,coding,CompanyIntranet,main,TypeScript,true,Wakatime,Windows,Tiaan-Lenovo,codex-wakapi-history-import/1.0,2026-02-12 13:17:28.000,2026-05-04 03:43:07.957
Lelando1234,C:/Users/tiaan/My Drive/Tiaan/Personal/Documents & Other/Github/CompanyIntranet/src/pages/AdminPanel.tsx,file,coding,CompanyIntranet,main,TypeScript,true,Wakatime,Windows,Tiaan-Lenovo,codex-wakapi-history-import/1.0,2026-02-12 13:19:28.000,2026-05-04 03:43:07.957
Lelando1234,C:/Users/tiaan/My Drive/Tiaan/Personal/Documents & Other/Github/CompanyIntranet/src/pages/AdminPanel.tsx,file,coding,CompanyIntranet,main,TypeScript,true,Wakatime,Windows,Tiaan-Lenovo,codex-wakapi-history-import/1.0,2026-02-12 13:21:28.000,2026-05-04 03:43:07.957
Lelando1234,C:/Users/tiaan/My Drive/Tiaan/Personal/Documents & Other/Github/CompanyIntranet/src/pages/AdminPanel.tsx,file,coding,CompanyIntranet,main,TypeScript,true,Wakatime,Windows,Tiaan-Lenovo,codex-wakapi-history-import/1.0,2026-02-12 13:23:28.000,2026-05-04 03:43:07.957
Lelando1234,C:/Users/tiaan/My Drive/Tiaan/Personal/Documents & Other/Github/CompanyIntranet/src/pages/AdminPanel.tsx,file,coding,CompanyIntranet,main,TypeScript,true,Wakatime,Windows,Tiaan-Lenovo,codex-wakapi-history-import/1.0,2026-02-12 13:25:28.000,2026-05-04 03:43:07.957
Lelando1234,C:/Users/tiaan/My Drive/Tiaan/Personal/Documents & Other/Github/CompanyIntranet/src/pages/AdminPanel.tsx,file,coding,CompanyIntranet,main,TypeScript,true,Wakatime,Windows,Tiaan-Lenovo,codex-wakapi-history-import/1.0,2026-02-12 13:27:28.000,2026-05-04 03:43:07.957
Lelando1234,C:/Users/tiaan/My Drive/Tiaan/Personal/Documents & Other/Github/CompanyIntranet/src/pages/AdminPanel.tsx,file,coding,CompanyIntranet,main,TypeScript,true,Wakatime,Windows,Tiaan-Lenovo,codex-wakapi-history-import/1.0,2026-02-12 13:29:28.000,2026-05-04 03:43:07.957
Lelando1234,C:/Users/tiaan/My Drive/Tiaan/Personal/Documents & Other/Github/CompanyIntranet/src/pages/Dashboard.tsx,file,coding,CompanyIntranet,main,TypeScript,true,Wakatime,Windows,Tiaan-Lenovo,codex-wakapi-history-import/1.0,2026-02-12 13:31:28.000,2026-05-04 03:43:07.957
Lelando1234,C:/Users/tiaan/My Drive/Tiaan/Personal/Documents & Other/Github/CompanyIntranet/src/pages/Dashboard.tsx,file,coding,CompanyIntranet,main,TypeScript,true,Wakatime,Windows,Tiaan-Lenovo,codex-wakapi-history-import/1.0,2026-02-12 13:33:28.000,2026-05-04 03:43:07.957
Lelando1234,C:/Users/tiaan/My Drive/Tiaan/Personal/Documents & Other/Github/CompanyIntranet/src/pages/Dashboard.tsx,file,coding,CompanyIntranet,main,TypeScript,true,Wakatime,Windows,Tiaan-Lenovo,codex-wakapi-history-import/1.0,2026-02-12 13:35:28.000,2026-05-04 03:43:07.957
Lelando1234,C:/Users/tiaan/My Drive/Tiaan/Personal/Documents & Other/Github/CompanyIntranet/src/pages/Dashboard.tsx,file,coding,CompanyIntranet,main,TypeScript,true,Wakatime,Windows,Tiaan-Lenovo,codex-wakapi-history-import/1.0,2026-02-12 13:37:28.000,2026-05-04 03:43:07.957
Lelando1234,C:/Users/tiaan/My Drive/Tiaan/Personal/Documents & Other/Github/CompanyIntranet/src/pages/Dashboard.tsx,file,coding,CompanyIntranet,main,TypeScript,true,Wakatime,Windows,Tiaan-Lenovo,codex-wakapi-history-import/1.0,2026-02-12 13:39:28.000,2026-05-04 03:43:07.957
Lelando1234,C:/Users/tiaan/My Drive/Tiaan/Personal/Documents & Other/Github/CompanyIntranet/src/pages/Dashboard.tsx,file,coding,CompanyIntranet,main,TypeScript,true,Wakatime,Windows,Tiaan-Lenovo,codex-wakapi-history-import/1.0,2026-02-12 13:41:28.000,2026-05-04 03:43:07.957
Lelando1234,C:/Users/tiaan/My Drive/Tiaan/Personal/Documents & Other/Github/CompanyIntranet/src/pages/Dashboard.tsx,file,coding,CompanyIntranet,main,TypeScript,true,Wakatime,Windows,Tiaan-Lenovo,codex-wakapi-history-import/1.0,2026-02-12 13:43:28.000,2026-05-04 03:43:07.957
Lelando1234,C:/Users/tiaan/My Drive/Tiaan/Personal/Documents & Other/Github/CompanyIntranet/src/pages/Dashboard.tsx,file,coding,CompanyIntranet,main,TypeScript,true,Wakatime,Windows,Tiaan-Lenovo,codex-wakapi-history-import/1.0,2026-02-13 01:09:37.000,2026-05-04 03:43:07.957
Lelando1234,C:/Users/tiaan/My Drive/Tiaan/Personal/Documents & Other/Github/CompanyIntranet/src/pages/Dashboard.tsx,file,coding,CompanyIntranet,main,TypeScript,true,Wakatime,Windows,Tiaan-Lenovo,codex-wakapi-history-import/1.0,2026-02-13 01:11:37.000,2026-05-04 03:43:07.957
Lelando1234,C:/Users/tiaan/My Drive/Tiaan/Personal/Documents & Other/Github/CompanyIntranet/src/pages/Dashboard.tsx,file,coding,CompanyIntranet,main,TypeScript,true,Wakatime,Windows,Tiaan-Lenovo,codex-wakapi-history-import/1.0,2026-02-13 01:13:37.000,2026-05-04 03:43:07.957
Lelando1234,C:/Users/tiaan/My Drive/Tiaan/Personal/Documents & Other/Github/CompanyIntranet/src/pages/Dashboard.tsx,file,coding,CompanyIntranet,main,TypeScript,true,Wakatime,Windows,Tiaan-Lenovo,codex-wakapi-history-import/1.0,2026-02-13 01:15:37.000,2026-05-04 03:43:07.957
Lelando1234,C:/Users/tiaan/My Drive/Tiaan/Personal/Documents & Other/Github/CompanyIntranet/src/pages/Dashboard.tsx,file,coding,CompanyIntranet,main,TypeScript,true,Wakatime,Windows,Tiaan-Lenovo,codex-wakapi-history-import/1.0,2026-02-13 01:17:37.000,2026-05-04 03:43:07.957
Lelando1234,C:/Users/tiaan/My Drive/Tiaan/Personal/Documents & Other/Github/CompanyIntranet/src/pages/Dashboard.tsx,file,coding,CompanyIntranet,main,TypeScript,true,Wakatime,Windows,Tiaan-Lenovo,codex-wakapi-history-import/1.0,2026-02-13 01:19:37.000,2026-05-04 03:43:07.957
Lelando1234,C:/Users/tiaan/My Drive/Tiaan/Personal/Documents & Other/Github/CompanyIntranet/src/pages/Dashboard.tsx,file,coding,CompanyIntranet,main,TypeScript,true,Wakatime,Windows,Tiaan-Lenovo,codex-wakapi-history-import/1.0,2026-02-13 01:21:37.000,2026-05-04 03:43:07.957
Lelando1234,C:/Users/tiaan/My Drive/Tiaan/Personal/Documents & Other/Github/CompanyIntranet/src/pages/Dashboard.tsx,file,coding,CompanyIntranet,main,TypeScript,true,Wakatime,Windows,Tiaan-Lenovo,codex-wakapi-history-import/1.0,2026-02-13 01:23:37.000,2026-05-04 03:43:07.957
Lelando1234,C:/Users/tiaan/My Drive/Tiaan/Personal/Documents & Other/Github/CompanyIntranet/src/pages/Dashboard.tsx,file,coding,CompanyIntranet,main,TypeScript,true,Wakatime,Windows,Tiaan-Lenovo,codex-wakapi-history-import/1.0,2026-02-13 01:25:37.000,2026-05-04 03:43:07.957
Lelando1234,C:/Users/tiaan/My Drive/Tiaan/Personal/Documents & Other/Github/CompanyIntranet/src/pages/Dashboard.tsx,file,coding,CompanyIntranet,main,TypeScript,true,Wakatime,Windows,Tiaan-Lenovo,codex-wakapi-history-import/1.0,2026-02-13 01:27:37.000,2026-05-04 03:43:07.957
Lelando1234,C:/Users/tiaan/My Drive/Tiaan/Personal/Documents & Other/Github/CompanyIntranet/src/pages/Dashboard.tsx,file,coding,CompanyIntranet,main,TypeScript,true,Wakatime,Windows,Tiaan-Lenovo,codex-wakapi-history-import/1.0,2026-02-13 01:29:37.000,2026-05-04 03:43:07.957
Lelando1234,C:/Users/tiaan/My Drive/Tiaan/Personal/Documents & Other/Github/CompanyIntranet/src/pages/Dashboard.tsx,file,coding,CompanyIntranet,main,TypeScript,true,Wakatime,Windows,Tiaan-Lenovo,codex-wakapi-history-import/1.0,2026-02-13 01:31:37.000,2026-05-04 03:43:07.957
Lelando1234,C:/Users/tiaan/My Drive/Tiaan/Personal/Documents & Other/Github/CompanyIntranet/src/pages/Dashboard.tsx,file,coding,CompanyIntranet,main,TypeScript,true,Wakatime,Windows,Tiaan-Lenovo,codex-wakapi-history-import/1.0,2026-02-13 01:33:37.000,2026-05-04 03:43:07.957
Lelando1234,C:/Users/tiaan/My Drive/Tiaan/Personal/Documents & Other/Github/CompanyIntranet/backend/src/routes/articles.js,file,coding,CompanyIntranet,main,JavaScript,true,Wakatime,Windows,Tiaan-Lenovo,codex-wakapi-history-import/1.0,2026-02-13 01:35:37.000,2026-05-04 03:43:07.957
Lelando1234,C:/Users/tiaan/My Drive/Tiaan/Personal/Documents & Other/Github/CompanyIntranet/backend/src/routes/articles.js,file,coding,CompanyIntranet,main,JavaScript,true,Wakatime,Windows,Tiaan-Lenovo,codex-wakapi-history-import/1.0,2026-02-13 01:37:37.000,2026-05-04 03:43:07.957
Lelando1234,C:/Users/tiaan/My Drive/Tiaan/Personal/Documents & Other/Github/CompanyIntranet/backend/src/routes/articles.js,file,coding,CompanyIntranet,main,JavaScript,true,Wakatime,Windows,Tiaan-Lenovo,codex-wakapi-history-import/1.0,2026-02-13 01:39:37.000,2026-05-04 03:43:07.957
Lelando1234,C:/Users/tiaan/My Drive/Tiaan/Personal/Documents & Other/Github/CompanyIntranet/backend/src/routes/articles.js,file,coding,CompanyIntranet,main,JavaScript,true,Wakatime,Windows,Tiaan-Lenovo,codex-wakapi-history-import/1.0,2026-02-13 01:41:37.000,2026-05-04 03:43:07.957
Lelando1234,C:/Users/tiaan/My Drive/Tiaan/Personal/Documents & Other/Github/CompanyIntranet/backend/src/routes/articles.js,file,coding,CompanyIntranet,main,JavaScript,true,Wakatime,Windows,Tiaan-Lenovo,codex-wakapi-history-import/1.0,2026-02-13 01:43:37.000,2026-05-04 03:43:07.957
Lelando1234,C:/Users/tiaan/My Drive/Tiaan/Personal/Documents & Other/Github/CompanyIntranet/backend/src/routes/articles.js,file,coding,CompanyIntranet,main,JavaScript,true,Wakatime,Windows,Tiaan-Lenovo,codex-wakapi-history-import/1.0,2026-02-13 01:45:37.000,2026-05-04 03:43:07.957
Lelando1234,C:/Users/tiaan/My Drive/Tiaan/Personal/Documents & Other/Github/CompanyIntranet/backend/src/routes/articles.js,file,coding,CompanyIntranet,main,JavaScript,true,Wakatime,Windows,Tiaan-Lenovo,codex-wakapi-history-import/1.0,2026-02-13 01:47:37.000,2026-05-04 03:43:07.957
Lelando1234,C:/Users/tiaan/My Drive/Tiaan/Personal/Documents & Other/Github/CompanyIntranet/backend/src/routes/articles.js,file,coding,CompanyIntranet,main,JavaScript,true,Wakatime,Windows,Tiaan-Lenovo,codex-wakapi-history-import/1.0,2026-02-13 01:49:37.000,2026-05-04 03:43:07.957
Lelando1234,C:/Users/tiaan/My Drive/Tiaan/Personal/Documents & Other/Github/CompanyIntranet/backend/src/routes/articles.js,file,coding,CompanyIntranet,main,JavaScript,true,Wakatime,Windows,Tiaan-Lenovo,codex-wakapi-history-import/1.0,2026-02-13 01:51:37.000,2026-05-04 03:43:07.957
Lelando1234,C:/Users/tiaan/My Drive/Tiaan/Personal/Documents & Other/Github/CompanyIntranet/backend/src/routes/articles.js,file,coding,CompanyIntranet,main,JavaScript,true,Wakatime,Windows,Tiaan-Lenovo,codex-wakapi-history-import/1.0,2026-02-13 01:53:37.000,2026-05-04 03:43:07.957
Lelando1234,C:/Users/tiaan/My Drive/Tiaan/Personal/Documents & Other/Github/CompanyIntranet/backend/src/routes/articles.js,file,coding,CompanyIntranet,main,JavaScript,true,Wakatime,Windows,Tiaan-Lenovo,codex-wakapi-history-import/1.0,2026-02-13 01:55:37.000,2026-05-04 03:43:07.957
Lelando1234,C:/Users/tiaan/My Drive/Tiaan/Personal/Documents & Other/Github/CompanyIntranet/backend/src/routes/articles.js,file,coding,CompanyIntranet,main,JavaScript,true,Wakatime,Windows,Tiaan-Lenovo,codex-wakapi-history-import/1.0,2026-02-13 01:57:37.000,2026-05-04 03:43:07.957
Lelando1234,C:/Users/tiaan/My Drive/Tiaan/Personal/Documents & Other/Github/CompanyIntranet/src/components/NewsFeed.tsx,file,coding,CompanyIntranet,main,TypeScript,true,Wakatime,Windows,Tiaan-Lenovo,codex-wakapi-history-import/1.0,2026-02-13 01:59:37.000,2026-05-04 03:43:07.957
Lelando1234,C:/Users/tiaan/My Drive/Tiaan/Personal/Documents & Other/Github/CompanyIntranet/src/components/NewsFeed.tsx,file,coding,CompanyIntranet,main,TypeScript,true,Wakatime,Windows,Tiaan-Lenovo,codex-wakapi-history-import/1.0,2026-02-13 02:01:37.000,2026-05-04 03:43:07.957
Lelando1234,C:/Users/tiaan/My Drive/Tiaan/Personal/Documents & Other/Github/CompanyIntranet/src/components/NewsFeed.tsx,file,coding,CompanyIntranet,main,TypeScript,true,Wakatime,Windows,Tiaan-Lenovo,codex-wakapi-history-import/1.0,2026-02-13 02:03:37.000,2026-05-04 03:43:07.957
Lelando1234,C:/Users/tiaan/My Drive/Tiaan/Personal/Documents & Other/Github/CompanyIntranet/src/components/NewsFeed.tsx,file,coding,CompanyIntranet,main,TypeScript,true,Wakatime,Windows,Tiaan-Lenovo,codex-wakapi-history-import/1.0,2026-02-13 02:05:37.000,2026-05-04 03:43:07.957
Lelando1234,C:/Users/tiaan/My Drive/Tiaan/Personal/Documents & Other/Github/CompanyIntranet/backend/src/routes/articles.js,file,coding,CompanyIntranet,main,JavaScript,true,Wakatime,Windows,Tiaan-Lenovo,codex-wakapi-history-import/1.0,2026-02-14 12:01:56.000,2026-05-04 03:43:07.957
Lelando1234,C:/Users/tiaan/My Drive/Tiaan/Personal/Documents & Other/Github/CompanyIntranet/backend/src/routes/articles.js,file,coding,CompanyIntranet,main,JavaScript,true,Wakatime,Windows,Tiaan-Lenovo,codex-wakapi-history-import/1.0,2026-02-14 12:03:56.000,2026-05-04 03:43:07.957
Lelando1234,C:/Users/tiaan/My Drive/Tiaan/Personal/Documents & Other/Github/CompanyIntranet/backend/src/routes/articles.js,file,coding,CompanyIntranet,main,JavaScript,true,Wakatime,Windows,Tiaan-Lenovo,codex-wakapi-history-import/1.0,2026-02-14 12:05:56.000,2026-05-04 03:43:07.957
Lelando1234,C:/Users/tiaan/My Drive/Tiaan/Personal/Documents & Other/Github/CompanyIntranet/backend/src/routes/articles.js,file,coding,CompanyIntranet,main,JavaScript,true,Wakatime,Windows,Tiaan-Lenovo,codex-wakapi-history-import/1.0,2026-02-14 12:07:56.000,2026-05-04 03:43:07.957
Lelando1234,C:/Users/tiaan/My Drive/Tiaan/Personal/Documents & Other/Github/CompanyIntranet/backend/src/routes/articles.js,file,coding,CompanyIntranet,main,JavaScript,true,Wakatime,Windows,Tiaan-Lenovo,codex-wakapi-history-import/1.0,2026-02-14 12:09:56.000,2026-05-04 03:43:07.957
Lelando1234,C:/Users/tiaan/My Drive/Tiaan/Personal/Documents & Other/Github/CompanyIntranet/backend/src/routes/articles.js,file,coding,CompanyIntranet,main,JavaScript,true,Wakatime,Windows,Tiaan-Lenovo,codex-wakapi-history-import/1.0,2026-02-14 12:11:56.000,2026-05-04 03:43:07.957
Lelando1234,C:/Users/tiaan/My Drive/Tiaan/Personal/Documents & Other/Github/CompanyIntranet/backend/src/routes/articles.js,file,coding,CompanyIntranet,main,JavaScript,true,Wakatime,Windows,Tiaan-Lenovo,codex-wakapi-history-import/1.0,2026-02-14 12:13:56.000,2026-05-04 03:43:07.957
Lelando1234,C:/Users/tiaan/My Drive/Tiaan/Personal/Documents & Other/Github/CompanyIntranet/backend/src/routes/articles.js,file,coding,CompanyIntranet,main,JavaScript,true,Wakatime,Windows,Tiaan-Lenovo,codex-wakapi-history-import/1.0,2026-02-14 12:15:56.000,2026-05-04 03:43:07.957
Lelando1234,C:/Users/tiaan/My Drive/Tiaan/Personal/Documents & Other/Github/CompanyIntranet/backend/src/routes/articles.js,file,coding,CompanyIntranet,main,JavaScript,true,Wakatime,Windows,Tiaan-Lenovo,codex-wakapi-history-import/1.0,2026-02-14 12:17:56.000,2026-05-04 03:43:07.957
Lelando1234,C:/Users/tiaan/My Drive/Tiaan/Personal/Documents & Other/Github/CompanyIntranet/backend/src/routes/articles.js,file,coding,CompanyIntranet,main,JavaScript,true,Wakatime,Windows,Tiaan-Lenovo,codex-wakapi-history-import/1.0,2026-02-14 12:19:56.000,2026-05-04 03:43:07.957
Lelando1234,C:/Users/tiaan/My Drive/Tiaan/Personal/Documents & Other/Github/CompanyIntranet/backend/src/routes/articles.js,file,coding,CompanyIntranet,main,JavaScript,true,Wakatime,Windows,Tiaan-Lenovo,codex-wakapi-history-import/1.0,2026-02-14 12:21:56.000,2026-05-04 03:43:07.957
Lelando1234,C:/Users/tiaan/My Drive/Tiaan/Personal/Documents & Other/Github/CompanyIntranet/backend/src/routes/articles.js,file,coding,CompanyIntranet,main,JavaScript,true,Wakatime,Windows,Tiaan-Lenovo,codex-wakapi-history-import/1.0,2026-02-14 12:23:56.000,2026-05-04 03:43:07.957
Lelando1234,C:/Users/tiaan/My Drive/Tiaan/Personal/Documents & Other/Github/CompanyIntranet/backend/src/routes/articles.js,file,coding,CompanyIntranet,main,JavaScript,true,Wakatime,Windows,Tiaan-Lenovo,codex-wakapi-history-import/1.0,2026-02-14 12:25:56.000,2026-05-04 03:43:07.957
Lelando1234,C:/Users/tiaan/My Drive/Tiaan/Personal/Documents & Other/Github/CompanyIntranet/src/lib/api.ts,file,coding,CompanyIntranet,main,TypeScript,true,Wakatime,Windows,Tiaan-Lenovo,codex-wakapi-history-import/1.0,2026-02-14 12:27:56.000,2026-05-04 03:43:07.957
Lelando1234,C:/Users/tiaan/My Drive/Tiaan/Personal/Documents & Other/Github/CompanyIntranet/src/lib/api.ts,file,coding,CompanyIntranet,main,TypeScript,true,Wakatime,Windows,Tiaan-Lenovo,codex-wakapi-history-import/1.0,2026-02-14 12:29:56.000,2026-05-04 03:43:07.957
Lelando1234,C:/Users/tiaan/My Drive/Tiaan/Personal/Documents & Other/Github/CompanyIntranet/src/lib/api.ts,file,coding,CompanyIntranet,main,TypeScript,true,Wakatime,Windows,Tiaan-Lenovo,codex-wakapi-history-import/1.0,2026-02-14 12:31:56.000,2026-05-04 03:43:07.957
Lelando1234,C:/Users/tiaan/My Drive/Tiaan/Personal/Documents & Other/Github/CompanyIntranet/src/lib/api.ts,file,coding,CompanyIntranet,main,TypeScript,true,Wakatime,Windows,Tiaan-Lenovo,codex-wakapi-history-import/1.0,2026-02-14 12:33:56.000,2026-05-04 03:43:07.957
Lelando1234,C:/Users/tiaan/My Drive/Tiaan/Personal/Documents & Other/Github/CompanyIntranet/src/lib/api.ts,file,coding,CompanyIntranet,main,TypeScript,true,Wakatime,Windows,Tiaan-Lenovo,codex-wakapi-history-import/1.0,2026-02-14 12:35:56.000,2026-05-04 03:43:07.957
Lelando1234,C:/Users/tiaan/My Drive/Tiaan/Personal/Documents & Other/Github/CompanyIntranet/src/lib/api.ts,file,coding,CompanyIntranet,main,TypeScript,true,Wakatime,Windows,Tiaan-Lenovo,codex-wakapi-history-import/1.0,2026-02-14 12:37:56.000,2026-05-04 03:43:07.957
Lelando1234,C:/Users/tiaan/My Drive/Tiaan/Personal/Documents & Other/Github/CompanyIntranet/src/lib/api.ts,file,coding,CompanyIntranet,main,TypeScript,true,Wakatime,Windows,Tiaan-Lenovo,codex-wakapi-history-import/1.0,2026-02-14 12:39:56.000,2026-05-04 03:43:07.957
Lelando1234,C:/Users/tiaan/My Drive/Tiaan/Personal/Documents & Other/Github/CompanyIntranet/src/lib/api.ts,file,coding,CompanyIntranet,main,TypeScript,true,Wakatime,Windows,Tiaan-Lenovo,codex-wakapi-history-import/1.0,2026-02-14 12:41:56.000,2026-05-04 03:43:07.957
Lelando1234,C:/Users/tiaan/My Drive/Tiaan/Personal/Documents & Other/Github/CompanyIntranet/src/lib/api.ts,file,coding,CompanyIntranet,main,TypeScript,true,Wakatime,Windows,Tiaan-Lenovo,codex-wakapi-history-import/1.0,2026-02-14 12:43:56.000,2026-05-04 03:43:07.957
Lelando1234,C:/Users/tiaan/My Drive/Tiaan/Personal/Documents & Other/Github/CompanyIntranet/src/lib/api.ts,file,coding,CompanyIntranet,main,TypeScript,true,Wakatime,Windows,Tiaan-Lenovo,codex-wakapi-history-import/1.0,2026-02-14 12:45:56.000,2026-05-04 03:43:07.957
Lelando1234,C:/Users/tiaan/My Drive/Tiaan/Personal/Documents & Other/Github/CompanyIntranet/src/lib/api.ts,file,coding,CompanyIntranet,main,TypeScript,true,Wakatime,Windows,Tiaan-Lenovo,codex-wakapi-history-import/1.0,2026-02-14 12:47:56.000,2026-05-04 03:43:07.957
Lelando1234,C:/Users/tiaan/My Drive/Tiaan/Personal/Documents & Other/Github/CompanyIntranet/src/lib/api.ts,file,coding,CompanyIntranet,main,TypeScript,true,Wakatime,Windows,Tiaan-Lenovo,codex-wakapi-history-import/1.0,2026-02-14 12:49:56.000,2026-05-04 03:43:07.957
Lelando1234,C:/Users/tiaan/My Drive/Tiaan/Personal/Documents & Other/Github/CompanyIntranet/src/pages/UserProfile.tsx,file,coding,CompanyIntranet,main,TypeScript,true,Wakatime,Windows,Tiaan-Lenovo,codex-wakapi-history-import/1.0,2026-02-14 12:51:56.000,2026-05-04 03:43:07.957
Lelando1234,C:/Users/tiaan/My Drive/Tiaan/Personal/Documents & Other/Github/CompanyIntranet/src/pages/UserProfile.tsx,file,coding,CompanyIntranet,main,TypeScript,true,Wakatime,Windows,Tiaan-Lenovo,codex-wakapi-history-import/1.0,2026-02-14 12:53:56.000,2026-05-04 03:43:07.957
Lelando1234,C:/Users/tiaan/My Drive/Tiaan/Personal/Documents & Other/Github/CompanyIntranet/src/pages/UserProfile.tsx,file,coding,CompanyIntranet,main,TypeScript,true,Wakatime,Windows,Tiaan-Lenovo,codex-wakapi-history-import/1.0,2026-02-14 12:55:56.000,2026-05-04 03:43:07.957
Lelando1234,C:/Users/tiaan/My Drive/Tiaan/Personal/Documents & Other/Github/CompanyIntranet/backend/src/database/schema.sql,file,coding,CompanyIntranet,main,SQL,true,Wakatime,Windows,Tiaan-Lenovo,codex-wakapi-history-import/1.0,2026-02-16 02:13:46.000,2026-05-04 03:43:07.957
Lelando1234,C:/Users/tiaan/My Drive/Tiaan/Personal/Documents & Other/Github/CompanyIntranet/backend/src/database/schema.sql,file,coding,CompanyIntranet,main,SQL,true,Wakatime,Windows,Tiaan-Lenovo,codex-wakapi-history-import/1.0,2026-02-16 02:15:46.000,2026-05-04 03:43:07.957
Lelando1234,C:/Users/tiaan/My Drive/Tiaan/Personal/Documents & Other/Github/CompanyIntranet/backend/src/database/schema.sql,file,coding,CompanyIntranet,main,SQL,true,Wakatime,Windows,Tiaan-Lenovo,codex-wakapi-history-import/1.0,2026-02-16 02:17:46.000,2026-05-04 03:43:07.957
Lelando1234,C:/Users/tiaan/My Drive/Tiaan/Personal/Documents & Other/Github/CompanyIntranet/backend/src/database/schema.sql,file,coding,CompanyIntranet,main,SQL,true,Wakatime,Windows,Tiaan-Lenovo,codex-wakapi-history-import/1.0,2026-02-16 02:19:46.000,2026-05-04 03:43:07.957
Lelando1234,C:/Users/tiaan/My Drive/Tiaan/Personal/Documents & Other/Github/CompanyIntranet/backend/src/database/schema.sql,file,coding,CompanyIntranet,main,SQL,true,Wakatime,Windows,Tiaan-Lenovo,codex-wakapi-history-import/1.0,2026-02-16 02:21:46.000,2026-05-04 03:43:07.957
Lelando1234,C:/Users/tiaan/My Drive/Tiaan/Personal/Documents & Other/Github/CompanyIntranet/backend/src/database/schema.sql,file,coding,CompanyIntranet,main,SQL,true,Wakatime,Windows,Tiaan-Lenovo,codex-wakapi-history-import/1.0,2026-02-16 02:23:46.000,2026-05-04 03:43:07.957
Lelando1234,C:/Users/tiaan/My Drive/Tiaan/Personal/Documents & Other/Github/CompanyIntranet/backend/src/database/schema.sql,file,coding,CompanyIntranet,main,SQL,true,Wakatime,Windows,Tiaan-Lenovo,codex-wakapi-history-import/1.0,2026-02-16 02:25:46.000,2026-05-04 03:43:07.957
Lelando1234,C:/Users/tiaan/My Drive/Tiaan/Personal/Documents & Other/Github/CompanyIntranet/backend/src/database/schema.sql,file,coding,CompanyIntranet,main,SQL,true,Wakatime,Windows,Tiaan-Lenovo,codex-wakapi-history-import/1.0,2026-02-16 02:27:46.000,2026-05-04 03:43:07.957
Lelando1234,C:/Users/tiaan/My Drive/Tiaan/Personal/Documents & Other/Github/CompanyIntranet/backend/src/database/schema.sql,file,coding,CompanyIntranet,main,SQL,true,Wakatime,Windows,Tiaan-Lenovo,codex-wakapi-history-import/1.0,2026-02-16 02:29:46.000,2026-05-04 03:43:07.957
Lelando1234,C:/Users/tiaan/My Drive/Tiaan/Personal/Documents & Other/Github/CompanyIntranet/backend/src/database/schema.sql,file,coding,CompanyIntranet,main,SQL,true,Wakatime,Windows,Tiaan-Lenovo,codex-wakapi-history-import/1.0,2026-02-16 02:31:46.000,2026-05-04 03:43:07.957
Lelando1234,C:/Users/tiaan/My Drive/Tiaan/Personal/Documents & Other/Github/CompanyIntranet/backend/src/database/schema.sql,file,coding,CompanyIntranet,main,SQL,true,Wakatime,Windows,Tiaan-Lenovo,codex-wakapi-history-import/1.0,2026-02-16 02:33:46.000,2026-05-04 03:43:07.957
Lelando1234,C:/Users/tiaan/My Drive/Tiaan/Personal/Documents & Other/Github/CompanyIntranet/backend/src/database/schema.sql,file,coding,CompanyIntranet,main,SQL,true,Wakatime,Windows,Tiaan-Lenovo,codex-wakapi-history-import/1.0,2026-02-16 02:35:46.000,2026-05-04 03:43:07.957
Lelando1234,C:/Users/tiaan/My Drive/Tiaan/Personal/Documents & Other/Github/CompanyIntranet/backend/src/database/schema.sql,file,coding,CompanyIntranet,main,SQL,true,Wakatime,Windows,Tiaan-Lenovo,codex-wakapi-history-import/1.0,2026-02-16 02:37:46.000,2026-05-04 03:43:07.957
Lelando1234,C:/Users/tiaan/My Drive/Tiaan/Personal/Documents & Other/Github/CompanyIntranet/backend/src/routes/urlCategories.js,file,coding,CompanyIntranet,main,JavaScript,true,Wakatime,Windows,Tiaan-Lenovo,codex-wakapi-history-import/1.0,2026-02-16 02:39:46.000,2026-05-04 03:43:07.957
Lelando1234,C:/Users/tiaan/My Drive/Tiaan/Personal/Documents & Other/Github/CompanyIntranet/backend/src/routes/urlCategories.js,file,coding,CompanyIntranet,main,JavaScript,true,Wakatime,Windows,Tiaan-Lenovo,codex-wakapi-history-import/1.0,2026-02-16 02:41:46.000,2026-05-04 03:43:07.957
Lelando1234,C:/Users/tiaan/My Drive/Tiaan/Personal/Documents & Other/Github/CompanyIntranet/backend/src/routes/urlCategories.js,file,coding,CompanyIntranet,main,JavaScript,true,Wakatime,Windows,Tiaan-Lenovo,codex-wakapi-history-import/1.0,2026-02-16 02:43:46.000,2026-05-04 03:43:07.957
Lelando1234,C:/Users/tiaan/My Drive/Tiaan/Personal/Documents & Other/Github/CompanyIntranet/backend/src/routes/urlCategories.js,file,coding,CompanyIntranet,main,JavaScript,true,Wakatime,Windows,Tiaan-Lenovo,codex-wakapi-history-import/1.0,2026-02-16 02:45:46.000,2026-05-04 03:43:07.957
Lelando1234,C:/Users/tiaan/My Drive/Tiaan/Personal/Documents & Other/Github/CompanyIntranet/backend/src/routes/urlCategories.js,file,coding,CompanyIntranet,main,JavaScript,true,Wakatime,Windows,Tiaan-Lenovo,codex-wakapi-history-import/1.0,2026-02-16 02:47:46.000,2026-05-04 03:43:07.957
Lelando1234,C:/Users/tiaan/My Drive/Tiaan/Personal/Documents & Other/Github/CompanyIntranet/backend/src/routes/urlCategories.js,file,coding,CompanyIntranet,main,JavaScript,true,Wakatime,Windows,Tiaan-Lenovo,codex-wakapi-history-import/1.0,2026-02-16 02:49:46.000,2026-05-04 03:43:07.957
Lelando1234,C:/Users/tiaan/My Drive/Tiaan/Personal/Documents & Other/Github/CompanyIntranet/backend/src/routes/urlCategories.js,file,coding,CompanyIntranet,main,JavaScript,true,Wakatime,Windows,Tiaan-Lenovo,codex-wakapi-history-import/1.0,2026-02-16 02:51:46.000,2026-05-04 03:43:07.957
Lelando1234,C:/Users/tiaan/My Drive/Tiaan/Personal/Documents & Other/Github/CompanyIntranet/backend/src/routes/urlCategories.js,file,coding,CompanyIntranet,main,JavaScript,true,Wakatime,Windows,Tiaan-Lenovo,codex-wakapi-history-import/1.0,2026-02-16 02:53:46.000,2026-05-04 03:43:07.957
Lelando1234,C:/Users/tiaan/My Drive/Tiaan/Personal/Documents & Other/Github/CompanyIntranet/backend/src/routes/urlCategories.js,file,coding,CompanyIntranet,main,JavaScript,true,Wakatime,Windows,Tiaan-Lenovo,codex-wakapi-history-import/1.0,2026-02-16 02:55:46.000,2026-05-04 03:43:07.957
Lelando1234,C:/Users/tiaan/My Drive/Tiaan/Personal/Documents & Other/Github/CompanyIntranet/backend/src/index.js,file,coding,CompanyIntranet,main,JavaScript,true,Wakatime,Windows,Tiaan-Lenovo,codex-wakapi-history-import/1.0,2026-02-17 01:11:06.000,2026-05-04 03:43:07.957
Lelando1234,C:/Users/tiaan/My Drive/Tiaan/Personal/Documents & Other/Github/CompanyIntranet/backend/src/index.js,file,coding,CompanyIntranet,main,JavaScript,true,Wakatime,Windows,Tiaan-Lenovo,codex-wakapi-history-import/1.0,2026-02-17 01:13:06.000,2026-05-04 03:43:07.957
Lelando1234,C:/Users/tiaan/My Drive/Tiaan/Personal/Documents & Other/Github/CompanyIntranet/backend/src/index.js,file,coding,CompanyIntranet,main,JavaScript,true,Wakatime,Windows,Tiaan-Lenovo,codex-wakapi-history-import/1.0,2026-02-17 01:15:06.000,2026-05-04 03:43:07.957
Lelando1234,C:/Users/tiaan/My Drive/Tiaan/Personal/Documents & Other/Github/CompanyIntranet/backend/src/index.js,file,coding,CompanyIntranet,main,JavaScript,true,Wakatime,Windows,Tiaan-Lenovo,codex-wakapi-history-import/1.0,2026-02-17 01:17:06.000,2026-05-04 03:43:07.957
Lelando1234,C:/Users/tiaan/My Drive/Tiaan/Personal/Documents & Other/Github/CompanyIntranet/backend/src/index.js,file,coding,CompanyIntranet,main,JavaScript,true,Wakatime,Windows,Tiaan-Lenovo,codex-wakapi-history-import/1.0,2026-02-17 01:19:06.000,2026-05-04 03:43:07.957
Lelando1234,C:/Users/tiaan/My Drive/Tiaan/Personal/Documents & Other/Github/CompanyIntranet/backend/src/index.js,file,coding,CompanyIntranet,main,JavaScript,true,Wakatime,Windows,Tiaan-Lenovo,codex-wakapi-history-import/1.0,2026-02-17 01:21:06.000,2026-05-04 03:43:07.957
Lelando1234,C:/Users/tiaan/My Drive/Tiaan/Personal/Documents & Other/Github/CompanyIntranet/backend/src/index.js,file,coding,CompanyIntranet,main,JavaScript,true,Wakatime,Windows,Tiaan-Lenovo,codex-wakapi-history-import/1.0,2026-02-17 01:23:06.000,2026-05-04 03:43:07.957
Lelando1234,C:/Users/tiaan/My Drive/Tiaan/Personal/Documents & Other/Github/CompanyIntranet/backend/src/index.js,file,coding,CompanyIntranet,main,JavaScript,true,Wakatime,Windows,Tiaan-Lenovo,codex-wakapi-history-import/1.0,2026-02-17 01:25:06.000,2026-05-04 03:43:07.957
Lelando1234,C:/Users/tiaan/My Drive/Tiaan/Personal/Documents & Other/Github/CompanyIntranet/backend/src/index.js,file,coding,CompanyIntranet,main,JavaScript,true,Wakatime,Windows,Tiaan-Lenovo,codex-wakapi-history-import/1.0,2026-02-17 01:27:06.000,2026-05-04 03:43:07.957
Lelando1234,C:/Users/tiaan/My Drive/Tiaan/Personal/Documents & Other/Github/CompanyIntranet/backend/src/index.js,file,coding,CompanyIntranet,main,JavaScript,true,Wakatime,Windows,Tiaan-Lenovo,codex-wakapi-history-import/1.0,2026-02-17 01:29:06.000,2026-05-04 03:43:07.957
Lelando1234,C:/Users/tiaan/My Drive/Tiaan/Personal/Documents & Other/Github/CompanyIntranet/backend/src/index.js,file,coding,CompanyIntranet,main,JavaScript,true,Wakatime,Windows,Tiaan-Lenovo,codex-wakapi-history-import/1.0,2026-02-17 01:31:06.000,2026-05-04 03:43:07.957
Lelando1234,C:/Users/tiaan/My Drive/Tiaan/Personal/Documents & Other/Github/CompanyIntranet/backend/src/index.js,file,coding,CompanyIntranet,main,JavaScript,true,Wakatime,Windows,Tiaan-Lenovo,codex-wakapi-history-import/1.0,2026-02-17 01:33:06.000,2026-05-04 03:43:07.957
Lelando1234,C:/Users/tiaan/My Drive/Tiaan/Personal/Documents & Other/Github/CompanyIntranet/backend/src/index.js,file,coding,CompanyIntranet,main,JavaScript,true,Wakatime,Windows,Tiaan-Lenovo,codex-wakapi-history-import/1.0,2026-02-17 01:35:06.000,2026-05-04 03:43:07.957
Lelando1234,C:/Users/tiaan/My Drive/Tiaan/Personal/Documents & Other/Github/CompanyIntranet/backend/src/routes/articles.js,file,coding,CompanyIntranet,main,JavaScript,true,Wakatime,Windows,Tiaan-Lenovo,codex-wakapi-history-import/1.0,2026-02-17 01:37:06.000,2026-05-04 03:43:07.957
Lelando1234,C:/Users/tiaan/My Drive/Tiaan/Personal/Documents & Other/Github/CompanyIntranet/backend/src/routes/articles.js,file,coding,CompanyIntranet,main,JavaScript,true,Wakatime,Windows,Tiaan-Lenovo,codex-wakapi-history-import/1.0,2026-02-17 01:39:06.000,2026-05-04 03:43:07.957
Lelando1234,C:/Users/tiaan/My Drive/Tiaan/Personal/Documents & Other/Github/CompanyIntranet/backend/src/routes/articles.js,file,coding,CompanyIntranet,main,JavaScript,true,Wakatime,Windows,Tiaan-Lenovo,codex-wakapi-history-import/1.0,2026-02-17 01:41:06.000,2026-05-04 03:43:07.957
Lelando1234,C:/Users/tiaan/My Drive/Tiaan/Personal/Documents & Other/Github/CompanyIntranet/backend/src/routes/articles.js,file,coding,CompanyIntranet,main,JavaScript,true,Wakatime,Windows,Tiaan-Lenovo,codex-wakapi-history-import/1.0,2026-02-17 01:43:06.000,2026-05-04 03:43:07.957
Lelando1234,C:/Users/tiaan/My Drive/Tiaan/Personal/Documents & Other/Github/CompanyIntranet/backend/src/routes/articles.js,file,coding,CompanyIntranet,main,JavaScript,true,Wakatime,Windows,Tiaan-Lenovo,codex-wakapi-history-import/1.0,2026-02-17 01:45:06.000,2026-05-04 03:43:07.957
Lelando1234,C:/Users/tiaan/My Drive/Tiaan/Personal/Documents & Other/Github/CompanyIntranet/backend/src/routes/articles.js,file,coding,CompanyIntranet,main,JavaScript,true,Wakatime,Windows,Tiaan-Lenovo,codex-wakapi-history-import/1.0,2026-02-17 01:47:06.000,2026-05-04 03:43:07.957
Lelando1234,C:/Users/tiaan/My Drive/Tiaan/Personal/Documents & Other/Github/CompanyIntranet/backend/src/routes/articles.js,file,coding,CompanyIntranet,main,JavaScript,true,Wakatime,Windows,Tiaan-Lenovo,codex-wakapi-history-import/1.0,2026-02-17 01:49:06.000,2026-05-04 03:43:07.957
Lelando1234,C:/Users/tiaan/My Drive/Tiaan/Personal/Documents & Other/Github/CompanyIntranet/backend/src/routes/articles.js,file,coding,CompanyIntranet,main,JavaScript,true,Wakatime,Windows,Tiaan-Lenovo,codex-wakapi-history-import/1.0,2026-02-17 01:51:06.000,2026-05-04 03:43:07.957
Lelando1234,C:/Users/tiaan/My Drive/Tiaan/Personal/Documents & Other/Github/CompanyIntranet/backend/src/routes/articles.js,file,coding,CompanyIntranet,main,JavaScript,true,Wakatime,Windows,Tiaan-Lenovo,codex-wakapi-history-import/1.0,2026-02-17 01:53:06.000,2026-05-04 03:43:07.957
Lelando1234,C:/Users/tiaan/My Drive/Tiaan/Personal/Documents & Other/Github/CompanyIntranet/backend/src/routes/articles.js,file,coding,CompanyIntranet,main,JavaScript,true,Wakatime,Windows,Tiaan-Lenovo,codex-wakapi-history-import/1.0,2026-02-17 01:55:06.000,2026-05-04 03:43:07.957
Lelando1234,C:/Users/tiaan/My Drive/Tiaan/Personal/Documents & Other/Github/CompanyIntranet/backend/src/routes/articles.js,file,coding,CompanyIntranet,main,JavaScript,true,Wakatime,Windows,Tiaan-Lenovo,codex-wakapi-history-import/1.0,2026-02-17 01:57:06.000,2026-05-04 03:43:07.957
Lelando1234,C:/Users/tiaan/My Drive/Tiaan/Personal/Documents & Other/Github/CompanyIntranet/backend/src/routes/articles.js,file,coding,CompanyIntranet,main,JavaScript,true,Wakatime,Windows,Tiaan-Lenovo,codex-wakapi-history-import/1.0,2026-02-17 01:59:06.000,2026-05-04 03:43:07.957
Lelando1234,C:/Users/tiaan/My Drive/Tiaan/Personal/Documents & Other/Github/CompanyIntranet/src/components/SideNavigation.tsx,file,coding,CompanyIntranet,main,TypeScript,true,Wakatime,Windows,Tiaan-Lenovo,codex-wakapi-history-import/1.0,2026-02-17 02:01:06.000,2026-05-04 03:43:07.957
Lelando1234,C:/Users/tiaan/My Drive/Tiaan/Personal/Documents & Other/Github/CompanyIntranet/src/components/SideNavigation.tsx,file,coding,CompanyIntranet,main,TypeScript,true,Wakatime,Windows,Tiaan-Lenovo,codex-wakapi-history-import/1.0,2026-02-17 02:03:06.000,2026-05-04 03:43:07.957
Lelando1234,C:/Users/tiaan/My Drive/Tiaan/Personal/Documents & Other/Github/CompanyIntranet/src/components/SideNavigation.tsx,file,coding,CompanyIntranet,main,TypeScript,true,Wakatime,Windows,Tiaan-Lenovo,codex-wakapi-history-import/1.0,2026-02-18 01:03:00.000,2026-05-04 03:43:07.957
Lelando1234,C:/Users/tiaan/My Drive/Tiaan/Personal/Documents & Other/Github/CompanyIntranet/src/components/SideNavigation.tsx,file,coding,CompanyIntranet,main,TypeScript,true,Wakatime,Windows,Tiaan-Lenovo,codex-wakapi-history-import/1.0,2026-02-18 01:05:00.000,2026-05-04 03:43:07.957
Lelando1234,C:/Users/tiaan/My Drive/Tiaan/Personal/Documents & Other/Github/CompanyIntranet/src/components/SideNavigation.tsx,file,coding,CompanyIntranet,main,TypeScript,true,Wakatime,Windows,Tiaan-Lenovo,codex-wakapi-history-import/1.0,2026-02-18 01:07:00.000,2026-05-04 03:43:07.957
Lelando1234,C:/Users/tiaan/My Drive/Tiaan/Personal/Documents & Other/Github/CompanyIntranet/src/components/SideNavigation.tsx,file,coding,CompanyIntranet,main,TypeScript,true,Wakatime,Windows,Tiaan-Lenovo,codex-wakapi-history-import/1.0,2026-02-18 01:09:00.000,2026-05-04 03:43:07.957
Lelando1234,C:/Users/tiaan/My Drive/Tiaan/Personal/Documents & Other/Github/CompanyIntranet/src/components/SideNavigation.tsx,file,coding,CompanyIntranet,main,TypeScript,true,Wakatime,Windows,Tiaan-Lenovo,codex-wakapi-history-import/1.0,2026-02-18 01:11:00.000,2026-05-04 03:43:07.957
Lelando1234,C:/Users/tiaan/My Drive/Tiaan/Personal/Documents & Other/Github/CompanyIntranet/src/components/SideNavigation.tsx,file,coding,CompanyIntranet,main,TypeScript,true,Wakatime,Windows,Tiaan-Lenovo,codex-wakapi-history-import/1.0,2026-02-18 01:13:00.000,2026-05-04 03:43:07.957
Lelando1234,C:/Users/tiaan/My Drive/Tiaan/Personal/Documents & Other/Github/CompanyIntranet/src/components/SideNavigation.tsx,file,coding,CompanyIntranet,main,TypeScript,true,Wakatime,Windows,Tiaan-Lenovo,codex-wakapi-history-import/1.0,2026-02-18 01:15:00.000,2026-05-04 03:43:07.957
Lelando1234,C:/Users/tiaan/My Drive/Tiaan/Personal/Documents & Other/Github/CompanyIntranet/src/components/SideNavigation.tsx,file,coding,CompanyIntranet,main,TypeScript,true,Wakatime,Windows,Tiaan-Lenovo,codex-wakapi-history-import/1.0,2026-02-18 01:17:00.000,2026-05-04 03:43:07.957
Lelando1234,C:/Users/tiaan/My Drive/Tiaan/Personal/Documents & Other/Github/CompanyIntranet/src/components/SideNavigation.tsx,file,coding,CompanyIntranet,main,TypeScript,true,Wakatime,Windows,Tiaan-Lenovo,codex-wakapi-history-import/1.0,2026-02-18 01:19:00.000,2026-05-04 03:43:07.957
Lelando1234,C:/Users/tiaan/My Drive/Tiaan/Personal/Documents & Other/Github/CompanyIntranet/src/components/SideNavigation.tsx,file,coding,CompanyIntranet,main,TypeScript,true,Wakatime,Windows,Tiaan-Lenovo,codex-wakapi-history-import/1.0,2026-02-18 01:21:00.000,2026-05-04 03:43:07.957
Lelando1234,C:/Users/tiaan/My Drive/Tiaan/Personal/Documents & Other/Github/CompanyIntranet/src/components/SideNavigation.tsx,file,coding,CompanyIntranet,main,TypeScript,true,Wakatime,Windows,Tiaan-Lenovo,codex-wakapi-history-import/1.0,2026-02-18 01:23:00.000,2026-05-04 03:43:07.957
Lelando1234,C:/Users/tiaan/My Drive/Tiaan/Personal/Documents & Other/Github/CompanyIntranet/src/components/SideNavigation.tsx,file,coding,CompanyIntranet,main,TypeScript,true,Wakatime,Windows,Tiaan-Lenovo,codex-wakapi-history-import/1.0,2026-02-18 01:25:00.000,2026-05-04 03:43:07.957
Lelando1234,C:/Users/tiaan/My Drive/Tiaan/Personal/Documents & Other/Github/CompanyIntranet/src/components/SideNavigation.tsx,file,coding,CompanyIntranet,main,TypeScript,true,Wakatime,Windows,Tiaan-Lenovo,codex-wakapi-history-import/1.0,2026-02-18 01:27:00.000,2026-05-04 03:43:07.957
Lelando1234,C:/Users/tiaan/My Drive/Tiaan/Personal/Documents & Other/Github/CompanyIntranet/src/contexts/AuthContext.tsx,file,coding,CompanyIntranet,main,TypeScript,true,Wakatime,Windows,Tiaan-Lenovo,codex-wakapi-history-import/1.0,2026-02-18 01:29:00.000,2026-05-04 03:43:07.957
Lelando1234,C:/Users/tiaan/My Drive/Tiaan/Personal/Documents & Other/Github/CompanyIntranet/src/contexts/AuthContext.tsx,file,coding,CompanyIntranet,main,TypeScript,true,Wakatime,Windows,Tiaan-Lenovo,codex-wakapi-history-import/1.0,2026-02-18 01:31:00.000,2026-05-04 03:43:07.957
Lelando1234,C:/Users/tiaan/My Drive/Tiaan/Personal/Documents & Other/Github/CompanyIntranet/src/contexts/AuthContext.tsx,file,coding,CompanyIntranet,main,TypeScript,true,Wakatime,Windows,Tiaan-Lenovo,codex-wakapi-history-import/1.0,2026-02-18 01:33:00.000,2026-05-04 03:43:07.957
Lelando1234,C:/Users/tiaan/My Drive/Tiaan/Personal/Documents & Other/Github/CompanyIntranet/src/lib/api.ts,file,coding,CompanyIntranet,main,TypeScript,true,Wakatime,Windows,Tiaan-Lenovo,codex-wakapi-history-import/1.0,2026-02-19 12:12:09.000,2026-05-04 03:43:07.957
Lelando1234,C:/Users/tiaan/My Drive/Tiaan/Personal/Documents & Other/Github/CompanyIntranet/src/lib/api.ts,file,coding,CompanyIntranet,main,TypeScript,true,Wakatime,Windows,Tiaan-Lenovo,codex-wakapi-history-import/1.0,2026-02-19 12:14:09.000,2026-05-04 03:43:07.957
Lelando1234,C:/Users/tiaan/My Drive/Tiaan/Personal/Documents & Other/Github/CompanyIntranet/src/lib/api.ts,file,coding,CompanyIntranet,main,TypeScript,true,Wakatime,Windows,Tiaan-Lenovo,codex-wakapi-history-import/1.0,2026-02-19 12:16:09.000,2026-05-04 03:43:07.957
Lelando1234,C:/Users/tiaan/My Drive/Tiaan/Personal/Documents & Other/Github/CompanyIntranet/src/lib/api.ts,file,coding,CompanyIntranet,main,TypeScript,true,Wakatime,Windows,Tiaan-Lenovo,codex-wakapi-history-import/1.0,2026-02-19 12:18:09.000,2026-05-04 03:43:07.957
Lelando1234,C:/Users/tiaan/My Drive/Tiaan/Personal/Documents & Other/Github/CompanyIntranet/src/lib/api.ts,file,coding,CompanyIntranet,main,TypeScript,true,Wakatime,Windows,Tiaan-Lenovo,codex-wakapi-history-import/1.0,2026-02-19 12:20:09.000,2026-05-04 03:43:07.957
Lelando1234,C:/Users/tiaan/My Drive/Tiaan/Personal/Documents & Other/Github/CompanyIntranet/src/lib/api.ts,file,coding,CompanyIntranet,main,TypeScript,true,Wakatime,Windows,Tiaan-Lenovo,codex-wakapi-history-import/1.0,2026-02-19 12:22:09.000,2026-05-04 03:43:07.957
Lelando1234,C:/Users/tiaan/My Drive/Tiaan/Personal/Documents & Other/Github/CompanyIntranet/src/lib/api.ts,file,coding,CompanyIntranet,main,TypeScript,true,Wakatime,Windows,Tiaan-Lenovo,codex-wakapi-history-import/1.0,2026-02-19 12:24:09.000,2026-05-04 03:43:07.957
Lelando1234,C:/Users/tiaan/My Drive/Tiaan/Personal/Documents & Other/Github/CompanyIntranet/src/lib/api.ts,file,coding,CompanyIntranet,main,TypeScript,true,Wakatime,Windows,Tiaan-Lenovo,codex-wakapi-history-import/1.0,2026-02-19 12:26:09.000,2026-05-04 03:43:07.957
Lelando1234,C:/Users/tiaan/My Drive/Tiaan/Personal/Documents & Other/Github/CompanyIntranet/src/lib/api.ts,file,coding,CompanyIntranet,main,TypeScript,true,Wakatime,Windows,Tiaan-Lenovo,codex-wakapi-history-import/1.0,2026-02-19 12:28:09.000,2026-05-04 03:43:07.957
Lelando1234,C:/Users/tiaan/My Drive/Tiaan/Personal/Documents & Other/Github/CompanyIntranet/src/lib/api.ts,file,coding,CompanyIntranet,main,TypeScript,true,Wakatime,Windows,Tiaan-Lenovo,codex-wakapi-history-import/1.0,2026-02-19 12:30:09.000,2026-05-04 03:43:07.957
Lelando1234,C:/Users/tiaan/My Drive/Tiaan/Personal/Documents & Other/Github/CompanyIntranet/src/lib/api.ts,file,coding,CompanyIntranet,main,TypeScript,true,Wakatime,Windows,Tiaan-Lenovo,codex-wakapi-history-import/1.0,2026-02-19 12:32:09.000,2026-05-04 03:43:07.957
Lelando1234,C:/Users/tiaan/My Drive/Tiaan/Personal/Documents & Other/Github/CompanyIntranet/src/lib/api.ts,file,coding,CompanyIntranet,main,TypeScript,true,Wakatime,Windows,Tiaan-Lenovo,codex-wakapi-history-import/1.0,2026-02-19 12:34:09.000,2026-05-04 03:43:07.957
Lelando1234,C:/Users/tiaan/My Drive/Tiaan/Personal/Documents & Other/Github/CompanyIntranet/src/lib/api.ts,file,coding,CompanyIntranet,main,TypeScript,true,Wakatime,Windows,Tiaan-Lenovo,codex-wakapi-history-import/1.0,2026-02-19 12:36:09.000,2026-05-04 03:43:07.957
Lelando1234,C:/Users/tiaan/My Drive/Tiaan/Personal/Documents & Other/Github/CompanyIntranet/src/pages/AdminPanel.tsx,file,coding,CompanyIntranet,main,TypeScript,true,Wakatime,Windows,Tiaan-Lenovo,codex-wakapi-history-import/1.0,2026-02-19 12:38:09.000,2026-05-04 03:43:07.957
Lelando1234,C:/Users/tiaan/My Drive/Tiaan/Personal/Documents & Other/Github/CompanyIntranet/src/pages/AdminPanel.tsx,file,coding,CompanyIntranet,main,TypeScript,true,Wakatime,Windows,Tiaan-Lenovo,codex-wakapi-history-import/1.0,2026-02-19 12:40:09.000,2026-05-04 03:43:07.957
Lelando1234,C:/Users/tiaan/My Drive/Tiaan/Personal/Documents & Other/Github/CompanyIntranet/src/pages/AdminPanel.tsx,file,coding,CompanyIntranet,main,TypeScript,true,Wakatime,Windows,Tiaan-Lenovo,codex-wakapi-history-import/1.0,2026-02-19 12:42:09.000,2026-05-04 03:43:07.957
Lelando1234,C:/Users/tiaan/My Drive/Tiaan/Personal/Documents & Other/Github/CompanyIntranet/package.json,file,coding,CompanyIntranet,main,JSON,true,Wakatime,Windows,Tiaan-Lenovo,codex-wakapi-history-import/1.0,2026-02-20 01:05:50.000,2026-05-04 03:43:07.957
Lelando1234,C:/Users/tiaan/My Drive/Tiaan/Personal/Documents & Other/Github/CompanyIntranet/package.json,file,coding,CompanyIntranet,main,JSON,true,Wakatime,Windows,Tiaan-Lenovo,codex-wakapi-history-import/1.0,2026-02-20 01:07:50.000,2026-05-04 03:43:07.957
Lelando1234,C:/Users/tiaan/My Drive/Tiaan/Personal/Documents & Other/Github/CompanyIntranet/package.json,file,coding,CompanyIntranet,main,JSON,true,Wakatime,Windows,Tiaan-Lenovo,codex-wakapi-history-import/1.0,2026-02-20 01:09:50.000,2026-05-04 03:43:07.957
Lelando1234,C:/Users/tiaan/My Drive/Tiaan/Personal/Documents & Other/Github/CompanyIntranet/package.json,file,coding,CompanyIntranet,main,JSON,true,Wakatime,Windows,Tiaan-Lenovo,codex-wakapi-history-import/1.0,2026-02-20 01:11:50.000,2026-05-04 03:43:07.957
Lelando1234,C:/Users/tiaan/My Drive/Tiaan/Personal/Documents & Other/Github/CompanyIntranet/package.json,file,coding,CompanyIntranet,main,JSON,true,Wakatime,Windows,Tiaan-Lenovo,codex-wakapi-history-import/1.0,2026-02-20 01:13:50.000,2026-05-04 03:43:07.957
Lelando1234,C:/Users/tiaan/My Drive/Tiaan/Personal/Documents & Other/Github/CompanyIntranet/package.json,file,coding,CompanyIntranet,main,JSON,true,Wakatime,Windows,Tiaan-Lenovo,codex-wakapi-history-import/1.0,2026-02-20 01:15:50.000,2026-05-04 03:43:07.957
Lelando1234,C:/Users/tiaan/My Drive/Tiaan/Personal/Documents & Other/Github/CompanyIntranet/package.json,file,coding,CompanyIntranet,main,JSON,true,Wakatime,Windows,Tiaan-Lenovo,codex-wakapi-history-import/1.0,2026-02-20 01:17:50.000,2026-05-04 03:43:07.957
Lelando1234,C:/Users/tiaan/My Drive/Tiaan/Personal/Documents & Other/Github/CompanyIntranet/package.json,file,coding,CompanyIntranet,main,JSON,true,Wakatime,Windows,Tiaan-Lenovo,codex-wakapi-history-import/1.0,2026-02-20 01:19:50.000,2026-05-04 03:43:07.957
Lelando1234,C:/Users/tiaan/My Drive/Tiaan/Personal/Documents & Other/Github/CompanyIntranet/package.json,file,coding,CompanyIntranet,main,JSON,true,Wakatime,Windows,Tiaan-Lenovo,codex-wakapi-history-import/1.0,2026-02-20 01:21:50.000,2026-05-04 03:43:07.957
Lelando1234,C:/Users/tiaan/My Drive/Tiaan/Personal/Documents & Other/Github/CompanyIntranet/package.json,file,coding,CompanyIntranet,main,JSON,true,Wakatime,Windows,Tiaan-Lenovo,codex-wakapi-history-import/1.0,2026-02-20 01:23:50.000,2026-05-04 03:43:07.957
Lelando1234,C:/Users/tiaan/My Drive/Tiaan/Personal/Documents & Other/Github/CompanyIntranet/package.json,file,coding,CompanyIntranet,main,JSON,true,Wakatime,Windows,Tiaan-Lenovo,codex-wakapi-history-import/1.0,2026-02-20 01:25:50.000,2026-05-04 03:43:07.957
Lelando1234,C:/Users/tiaan/My Drive/Tiaan/Personal/Documents & Other/Github/CompanyIntranet/package.json,file,coding,CompanyIntranet,main,JSON,true,Wakatime,Windows,Tiaan-Lenovo,codex-wakapi-history-import/1.0,2026-02-20 01:27:50.000,2026-05-04 03:43:07.957
Lelando1234,C:/Users/tiaan/My Drive/Tiaan/Personal/Documents & Other/Github/CompanyIntranet/package.json,file,coding,CompanyIntranet,main,JSON,true,Wakatime,Windows,Tiaan-Lenovo,codex-wakapi-history-import/1.0,2026-02-20 01:29:50.000,2026-05-04 03:43:07.957
Lelando1234,C:/Users/tiaan/My Drive/Tiaan/Personal/Documents & Other/Github/CompanyIntranet/src/components/RichTextEditor.tsx,file,coding,CompanyIntranet,main,TypeScript,true,Wakatime,Windows,Tiaan-Lenovo,codex-wakapi-history-import/1.0,2026-02-20 01:31:50.000,2026-05-04 03:43:07.957
Lelando1234,C:/Users/tiaan/My Drive/Tiaan/Personal/Documents & Other/Github/CompanyIntranet/src/components/RichTextEditor.tsx,file,coding,CompanyIntranet,main,TypeScript,true,Wakatime,Windows,Tiaan-Lenovo,codex-wakapi-history-import/1.0,2026-02-20 01:33:50.000,2026-05-04 03:43:07.957
Lelando1234,C:/Users/tiaan/My Drive/Tiaan/Personal/Documents & Other/Github/CompanyIntranet/src/components/RichTextEditor.tsx,file,coding,CompanyIntranet,main,TypeScript,true,Wakatime,Windows,Tiaan-Lenovo,codex-wakapi-history-import/1.0,2026-02-20 01:35:50.000,2026-05-04 03:43:07.957
Lelando1234,C:/Users/tiaan/My Drive/Tiaan/Personal/Documents & Other/Github/CompanyIntranet/src/components/RichTextEditor.tsx,file,coding,CompanyIntranet,main,TypeScript,true,Wakatime,Windows,Tiaan-Lenovo,codex-wakapi-history-import/1.0,2026-02-20 01:37:50.000,2026-05-04 03:43:07.957
Lelando1234,C:/Users/tiaan/My Drive/Tiaan/Personal/Documents & Other/Github/CompanyIntranet/src/components/RichTextEditor.tsx,file,coding,CompanyIntranet,main,TypeScript,true,Wakatime,Windows,Tiaan-Lenovo,codex-wakapi-history-import/1.0,2026-02-20 01:39:50.000,2026-05-04 03:43:07.957
Lelando1234,C:/Users/tiaan/My Drive/Tiaan/Personal/Documents & Other/Github/CompanyIntranet/src/components/RichTextEditor.tsx,file,coding,CompanyIntranet,main,TypeScript,true,Wakatime,Windows,Tiaan-Lenovo,codex-wakapi-history-import/1.0,2026-02-20 01:41:50.000,2026-05-04 03:43:07.957
Lelando1234,C:/Users/tiaan/My Drive/Tiaan/Personal/Documents & Other/Github/CompanyIntranet/src/components/RichTextEditor.tsx,file,coding,CompanyIntranet,main,TypeScript,true,Wakatime,Windows,Tiaan-Lenovo,codex-wakapi-history-import/1.0,2026-02-20 01:43:50.000,2026-05-04 03:43:07.957
Lelando1234,C:/Users/tiaan/My Drive/Tiaan/Personal/Documents & Other/Github/CompanyIntranet/src/components/RichTextEditor.tsx,file,coding,CompanyIntranet,main,TypeScript,true,Wakatime,Windows,Tiaan-Lenovo,codex-wakapi-history-import/1.0,2026-02-20 01:45:50.000,2026-05-04 03:43:07.957
Lelando1234,C:/Users/tiaan/My Drive/Tiaan/Personal/Documents & Other/Github/CompanyIntranet/src/components/RichTextEditor.tsx,file,coding,CompanyIntranet,main,TypeScript,true,Wakatime,Windows,Tiaan-Lenovo,codex-wakapi-history-import/1.0,2026-02-20 01:47:50.000,2026-05-04 03:43:07.957
Lelando1234,C:/Users/tiaan/My Drive/Tiaan/Personal/Documents & Other/Github/CompanyIntranet/src/components/RichTextEditor.tsx,file,coding,CompanyIntranet,main,TypeScript,true,Wakatime,Windows,Tiaan-Lenovo,codex-wakapi-history-import/1.0,2026-02-20 01:49:50.000,2026-05-04 03:43:07.957
Lelando1234,C:/Users/tiaan/My Drive/Tiaan/Personal/Documents & Other/Github/CompanyIntranet/src/components/RichTextEditor.tsx,file,coding,CompanyIntranet,main,TypeScript,true,Wakatime,Windows,Tiaan-Lenovo,codex-wakapi-history-import/1.0,2026-02-20 01:51:50.000,2026-05-04 03:43:07.957
Lelando1234,C:/Users/tiaan/My Drive/Tiaan/Personal/Documents & Other/Github/CompanyIntranet/src/components/RichTextEditor.tsx,file,coding,CompanyIntranet,main,TypeScript,true,Wakatime,Windows,Tiaan-Lenovo,codex-wakapi-history-import/1.0,2026-02-20 01:53:50.000,2026-05-04 03:43:07.957
Lelando1234,C:/Users/tiaan/My Drive/Tiaan/Personal/Documents & Other/Github/CompanyIntranet/backend/src/routes/urlCategories.js,file,coding,CompanyIntranet,main,JavaScript,true,Wakatime,Windows,Tiaan-Lenovo,codex-wakapi-history-import/1.0,2026-02-20 01:55:50.000,2026-05-04 03:43:07.957
Lelando1234,C:/Users/tiaan/My Drive/Tiaan/Personal/Documents & Other/Github/CompanyIntranet/backend/src/routes/urlCategories.js,file,coding,CompanyIntranet,main,JavaScript,true,Wakatime,Windows,Tiaan-Lenovo,codex-wakapi-history-import/1.0,2026-02-20 01:57:50.000,2026-05-04 03:43:07.957
Lelando1234,C:/Users/tiaan/My Drive/Tiaan/Personal/Documents & Other/Github/CompanyIntranet/backend/src/routes/urlCategories.js,file,coding,CompanyIntranet,main,JavaScript,true,Wakatime,Windows,Tiaan-Lenovo,codex-wakapi-history-import/1.0,2026-02-20 01:59:50.000,2026-05-04 03:43:07.957
Lelando1234,C:/Users/tiaan/My Drive/Tiaan/Personal/Documents & Other/Github/CompanyIntranet/backend/src/routes/urlCategories.js,file,coding,CompanyIntranet,main,JavaScript,true,Wakatime,Windows,Tiaan-Lenovo,codex-wakapi-history-import/1.0,2026-02-20 02:01:50.000,2026-05-04 03:43:07.957
Lelando1234,C:/Users/tiaan/My Drive/Tiaan/Personal/Documents & Other/Github/CompanyIntranet/backend/src/routes/urlCategories.js,file,coding,CompanyIntranet,main,JavaScript,true,Wakatime,Windows,Tiaan-Lenovo,codex-wakapi-history-import/1.0,2026-02-20 02:03:50.000,2026-05-04 03:43:07.957
Lelando1234,C:/Users/tiaan/My Drive/Tiaan/Personal/Documents & Other/Github/CompanyIntranet/backend/src/routes/urlCategories.js,file,coding,CompanyIntranet,main,JavaScript,true,Wakatime,Windows,Tiaan-Lenovo,codex-wakapi-history-import/1.0,2026-02-20 02:05:50.000,2026-05-04 03:43:07.957
Lelando1234,C:/Users/tiaan/My Drive/Tiaan/Personal/Documents & Other/Github/CompanyIntranet/backend/src/routes/urlCategories.js,file,coding,CompanyIntranet,main,JavaScript,true,Wakatime,Windows,Tiaan-Lenovo,codex-wakapi-history-import/1.0,2026-02-20 02:07:50.000,2026-05-04 03:43:07.957
Lelando1234,C:/Users/tiaan/My Drive/Tiaan/Personal/Documents & Other/Github/CompanyIntranet/backend/src/routes/urlCategories.js,file,coding,CompanyIntranet,main,JavaScript,true,Wakatime,Windows,Tiaan-Lenovo,codex-wakapi-history-import/1.0,2026-02-20 02:09:50.000,2026-05-04 03:43:07.957
Lelando1234,C:/Users/tiaan/My Drive/Tiaan/Personal/Documents & Other/Github/CompanyIntranet/backend/src/routes/urlCategories.js,file,coding,CompanyIntranet,main,JavaScript,true,Wakatime,Windows,Tiaan-Lenovo,codex-wakapi-history-import/1.0,2026-02-20 02:11:50.000,2026-05-04 03:43:07.957
Lelando1234,C:/Users/tiaan/My Drive/Tiaan/Personal/Documents & Other/Github/CompanyIntranet/backend/src/index.js,file,coding,CompanyIntranet,main,JavaScript,true,Wakatime,Windows,Tiaan-Lenovo,codex-wakapi-history-import/1.0,2026-02-20 12:09:26.000,2026-05-04 03:43:07.957
Lelando1234,C:/Users/tiaan/My Drive/Tiaan/Personal/Documents & Other/Github/CompanyIntranet/backend/src/index.js,file,coding,CompanyIntranet,main,JavaScript,true,Wakatime,Windows,Tiaan-Lenovo,codex-wakapi-history-import/1.0,2026-02-20 12:11:26.000,2026-05-04 03:43:07.957
Lelando1234,C:/Users/tiaan/My Drive/Tiaan/Personal/Documents & Other/Github/CompanyIntranet/backend/src/index.js,file,coding,CompanyIntranet,main,JavaScript,true,Wakatime,Windows,Tiaan-Lenovo,codex-wakapi-history-import/1.0,2026-02-20 12:13:26.000,2026-05-04 03:43:07.957
Lelando1234,C:/Users/tiaan/My Drive/Tiaan/Personal/Documents & Other/Github/CompanyIntranet/backend/src/index.js,file,coding,CompanyIntranet,main,JavaScript,true,Wakatime,Windows,Tiaan-Lenovo,codex-wakapi-history-import/1.0,2026-02-20 12:15:26.000,2026-05-04 03:43:07.957
Lelando1234,C:/Users/tiaan/My Drive/Tiaan/Personal/Documents & Other/Github/CompanyIntranet/backend/src/index.js,file,coding,CompanyIntranet,main,JavaScript,true,Wakatime,Windows,Tiaan-Lenovo,codex-wakapi-history-import/1.0,2026-02-20 12:17:26.000,2026-05-04 03:43:07.957
Lelando1234,C:/Users/tiaan/My Drive/Tiaan/Personal/Documents & Other/Github/CompanyIntranet/backend/src/index.js,file,coding,CompanyIntranet,main,JavaScript,true,Wakatime,Windows,Tiaan-Lenovo,codex-wakapi-history-import/1.0,2026-02-20 12:19:26.000,2026-05-04 03:43:07.957
Lelando1234,C:/Users/tiaan/My Drive/Tiaan/Personal/Documents & Other/Github/CompanyIntranet/backend/src/index.js,file,coding,CompanyIntranet,main,JavaScript,true,Wakatime,Windows,Tiaan-Lenovo,codex-wakapi-history-import/1.0,2026-02-20 12:21:26.000,2026-05-04 03:43:07.957
Lelando1234,C:/Users/tiaan/My Drive/Tiaan/Personal/Documents & Other/Github/CompanyIntranet/backend/src/index.js,file,coding,CompanyIntranet,main,JavaScript,true,Wakatime,Windows,Tiaan-Lenovo,codex-wakapi-history-import/1.0,2026-02-20 12:23:26.000,2026-05-04 03:43:07.957
Lelando1234,C:/Users/tiaan/My Drive/Tiaan/Personal/Documents & Other/Github/CompanyIntranet/backend/src/index.js,file,coding,CompanyIntranet,main,JavaScript,true,Wakatime,Windows,Tiaan-Lenovo,codex-wakapi-history-import/1.0,2026-02-20 12:25:26.000,2026-05-04 03:43:07.957
Lelando1234,C:/Users/tiaan/My Drive/Tiaan/Personal/Documents & Other/Github/CompanyIntranet/backend/src/index.js,file,coding,CompanyIntranet,main,JavaScript,true,Wakatime,Windows,Tiaan-Lenovo,codex-wakapi-history-import/1.0,2026-02-20 12:27:26.000,2026-05-04 03:43:07.957
Lelando1234,C:/Users/tiaan/My Drive/Tiaan/Personal/Documents & Other/Github/CompanyIntranet/backend/src/index.js,file,coding,CompanyIntranet,main,JavaScript,true,Wakatime,Windows,Tiaan-Lenovo,codex-wakapi-history-import/1.0,2026-02-20 12:29:26.000,2026-05-04 03:43:07.957
Lelando1234,C:/Users/tiaan/My Drive/Tiaan/Personal/Documents & Other/Github/CompanyIntranet/backend/src/index.js,file,coding,CompanyIntranet,main,JavaScript,true,Wakatime,Windows,Tiaan-Lenovo,codex-wakapi-history-import/1.0,2026-02-20 12:31:26.000,2026-05-04 03:43:07.957
Lelando1234,C:/Users/tiaan/My Drive/Tiaan/Personal/Documents & Other/Github/CompanyIntranet/backend/src/index.js,file,coding,CompanyIntranet,main,JavaScript,true,Wakatime,Windows,Tiaan-Lenovo,codex-wakapi-history-import/1.0,2026-02-20 12:33:26.000,2026-05-04 03:43:07.957
Lelando1234,C:/Users/tiaan/My Drive/Tiaan/Personal/Documents & Other/Github/CompanyIntranet/backend/src/routes/settings.js,file,coding,CompanyIntranet,main,JavaScript,true,Wakatime,Windows,Tiaan-Lenovo,codex-wakapi-history-import/1.0,2026-02-20 12:35:26.000,2026-05-04 03:43:07.957
Lelando1234,C:/Users/tiaan/My Drive/Tiaan/Personal/Documents & Other/Github/CompanyIntranet/backend/src/routes/settings.js,file,coding,CompanyIntranet,main,JavaScript,true,Wakatime,Windows,Tiaan-Lenovo,codex-wakapi-history-import/1.0,2026-02-20 12:37:26.000,2026-05-04 03:43:07.957
Lelando1234,C:/Users/tiaan/My Drive/Tiaan/Personal/Documents & Other/Github/CompanyIntranet/backend/src/routes/settings.js,file,coding,CompanyIntranet,main,JavaScript,true,Wakatime,Windows,Tiaan-Lenovo,codex-wakapi-history-import/1.0,2026-02-20 12:39:26.000,2026-05-04 03:43:07.957
Lelando1234,C:/Users/tiaan/My Drive/Tiaan/Personal/Documents & Other/Github/CompanyIntranet/backend/src/routes/settings.js,file,coding,CompanyIntranet,main,JavaScript,true,Wakatime,Windows,Tiaan-Lenovo,codex-wakapi-history-import/1.0,2026-02-20 12:41:26.000,2026-05-04 03:43:07.957
Lelando1234,C:/Users/tiaan/My Drive/Tiaan/Personal/Documents & Other/Github/CompanyIntranet/backend/src/routes/settings.js,file,coding,CompanyIntranet,main,JavaScript,true,Wakatime,Windows,Tiaan-Lenovo,codex-wakapi-history-import/1.0,2026-02-20 12:43:26.000,2026-05-04 03:43:07.957
Lelando1234,C:/Users/tiaan/My Drive/Tiaan/Personal/Documents & Other/Github/CompanyIntranet/backend/src/routes/settings.js,file,coding,CompanyIntranet,main,JavaScript,true,Wakatime,Windows,Tiaan-Lenovo,codex-wakapi-history-import/1.0,2026-02-20 12:45:26.000,2026-05-04 03:43:07.957
Lelando1234,C:/Users/tiaan/My Drive/Tiaan/Personal/Documents & Other/Github/CompanyIntranet/backend/src/routes/settings.js,file,coding,CompanyIntranet,main,JavaScript,true,Wakatime,Windows,Tiaan-Lenovo,codex-wakapi-history-import/1.0,2026-02-20 12:47:26.000,2026-05-04 03:43:07.957
Lelando1234,C:/Users/tiaan/My Drive/Tiaan/Personal/Documents & Other/Github/CompanyIntranet/backend/src/routes/settings.js,file,coding,CompanyIntranet,main,JavaScript,true,Wakatime,Windows,Tiaan-Lenovo,codex-wakapi-history-import/1.0,2026-02-20 12:49:26.000,2026-05-04 03:43:07.957
Lelando1234,C:/Users/tiaan/My Drive/Tiaan/Personal/Documents & Other/Github/CompanyIntranet/backend/src/routes/settings.js,file,coding,CompanyIntranet,main,JavaScript,true,Wakatime,Windows,Tiaan-Lenovo,codex-wakapi-history-import/1.0,2026-02-20 12:51:26.000,2026-05-04 03:43:07.957
Lelando1234,C:/Users/tiaan/My Drive/Tiaan/Personal/Documents & Other/Github/CompanyIntranet/backend/src/routes/settings.js,file,coding,CompanyIntranet,main,JavaScript,true,Wakatime,Windows,Tiaan-Lenovo,codex-wakapi-history-import/1.0,2026-02-20 12:53:26.000,2026-05-04 03:43:07.957
Lelando1234,C:/Users/tiaan/My Drive/Tiaan/Personal/Documents & Other/Github/CompanyIntranet/backend/src/routes/settings.js,file,coding,CompanyIntranet,main,JavaScript,true,Wakatime,Windows,Tiaan-Lenovo,codex-wakapi-history-import/1.0,2026-02-20 12:55:26.000,2026-05-04 03:43:07.957
Lelando1234,C:/Users/tiaan/My Drive/Tiaan/Personal/Documents & Other/Github/CompanyIntranet/backend/src/routes/settings.js,file,coding,CompanyIntranet,main,JavaScript,true,Wakatime,Windows,Tiaan-Lenovo,codex-wakapi-history-import/1.0,2026-02-20 12:57:26.000,2026-05-04 03:43:07.957
Lelando1234,C:/Users/tiaan/My Drive/Tiaan/Personal/Documents & Other/Github/CompanyIntranet/src/components/home.tsx,file,coding,CompanyIntranet,main,TypeScript,true,Wakatime,Windows,Tiaan-Lenovo,codex-wakapi-history-import/1.0,2026-02-20 12:59:26.000,2026-05-04 03:43:07.957
Lelando1234,C:/Users/tiaan/My Drive/Tiaan/Personal/Documents & Other/Github/CompanyIntranet/src/components/home.tsx,file,coding,CompanyIntranet,main,TypeScript,true,Wakatime,Windows,Tiaan-Lenovo,codex-wakapi-history-import/1.0,2026-02-20 13:01:26.000,2026-05-04 03:43:07.957
Lelando1234,C:/Users/tiaan/My Drive/Tiaan/Personal/Documents & Other/Github/CompanyIntranet/src/components/home.tsx,file,coding,CompanyIntranet,main,TypeScript,true,Wakatime,Windows,Tiaan-Lenovo,codex-wakapi-history-import/1.0,2026-02-20 13:03:26.000,2026-05-04 03:43:07.957
Lelando1234,C:/Users/tiaan/My Drive/Tiaan/Personal/Documents & Other/Github/CompanyIntranet/src/components/home.tsx,file,coding,CompanyIntranet,main,TypeScript,true,Wakatime,Windows,Tiaan-Lenovo,codex-wakapi-history-import/1.0,2026-02-20 13:05:26.000,2026-05-04 03:43:07.957
Lelando1234,C:/Users/tiaan/My Drive/Tiaan/Personal/Documents & Other/Github/CompanyIntranet/src/components/home.tsx,file,coding,CompanyIntranet,main,TypeScript,true,Wakatime,Windows,Tiaan-Lenovo,codex-wakapi-history-import/1.0,2026-02-20 13:07:26.000,2026-05-04 03:43:07.957
Lelando1234,C:/Users/tiaan/My Drive/Tiaan/Personal/Documents & Other/Github/CompanyIntranet/src/components/home.tsx,file,coding,CompanyIntranet,main,TypeScript,true,Wakatime,Windows,Tiaan-Lenovo,codex-wakapi-history-import/1.0,2026-02-20 13:09:26.000,2026-05-04 03:43:07.957
Lelando1234,C:/Users/tiaan/My Drive/Tiaan/Personal/Documents & Other/Github/CompanyIntranet/src/components/home.tsx,file,coding,CompanyIntranet,main,TypeScript,true,Wakatime,Windows,Tiaan-Lenovo,codex-wakapi-history-import/1.0,2026-02-20 13:11:26.000,2026-05-04 03:43:07.957
Lelando1234,C:/Users/tiaan/My Drive/Tiaan/Personal/Documents & Other/Github/CompanyIntranet/src/components/home.tsx,file,coding,CompanyIntranet,main,TypeScript,true,Wakatime,Windows,Tiaan-Lenovo,codex-wakapi-history-import/1.0,2026-02-20 13:13:26.000,2026-05-04 03:43:07.957
Lelando1234,C:/Users/tiaan/My Drive/Tiaan/Personal/Documents & Other/Github/CompanyIntranet/src/components/home.tsx,file,coding,CompanyIntranet,main,TypeScript,true,Wakatime,Windows,Tiaan-Lenovo,codex-wakapi-history-import/1.0,2026-02-20 13:15:26.000,2026-05-04 03:43:07.957
Lelando1234,C:/Users/tiaan/My Drive/Tiaan/Personal/Documents & Other/Github/CompanyIntranet/src/components/home.tsx,file,coding,CompanyIntranet,main,TypeScript,true,Wakatime,Windows,Tiaan-Lenovo,codex-wakapi-history-import/1.0,2026-02-20 13:17:26.000,2026-05-04 03:43:07.957
Lelando1234,C:/Users/tiaan/My Drive/Tiaan/Personal/Documents & Other/Github/CompanyIntranet/src/components/home.tsx,file,coding,CompanyIntranet,main,TypeScript,true,Wakatime,Windows,Tiaan-Lenovo,codex-wakapi-history-import/1.0,2026-02-20 13:19:26.000,2026-05-04 03:43:07.957
Lelando1234,C:/Users/tiaan/My Drive/Tiaan/Personal/Documents & Other/Github/CompanyIntranet/src/components/home.tsx,file,coding,CompanyIntranet,main,TypeScript,true,Wakatime,Windows,Tiaan-Lenovo,codex-wakapi-history-import/1.0,2026-02-20 13:21:26.000,2026-05-04 03:43:07.957
Lelando1234,C:/Users/tiaan/My Drive/Tiaan/Personal/Documents & Other/Github/CompanyIntranet/src/components/home.tsx,file,coding,CompanyIntranet,main,TypeScript,true,Wakatime,Windows,Tiaan-Lenovo,codex-wakapi-history-import/1.0,2026-02-20 13:23:26.000,2026-05-04 03:43:07.957
Lelando1234,C:/Users/tiaan/My Drive/Tiaan/Personal/Documents & Other/Github/CompanyIntranet/PDF_VIEWER_GUIDE.md,file,coding,CompanyIntranet,main,Markdown,true,Wakatime,Windows,Tiaan-Lenovo,codex-wakapi-history-import/1.0,2026-02-20 13:25:26.000,2026-05-04 03:43:07.957
Lelando1234,C:/Users/tiaan/My Drive/Tiaan/Personal/Documents & Other/Github/CompanyIntranet/PDF_VIEWER_GUIDE.md,file,coding,CompanyIntranet,main,Markdown,true,Wakatime,Windows,Tiaan-Lenovo,codex-wakapi-history-import/1.0,2026-02-20 13:27:26.000,2026-05-04 03:43:07.957
Lelando1234,C:/Users/tiaan/My Drive/Tiaan/Personal/Documents & Other/Github/CompanyIntranet/PDF_VIEWER_GUIDE.md,file,coding,CompanyIntranet,main,Markdown,true,Wakatime,Windows,Tiaan-Lenovo,codex-wakapi-history-import/1.0,2026-02-20 13:29:26.000,2026-05-04 03:43:07.957
Lelando1234,C:/Users/tiaan/My Drive/Tiaan/Personal/Documents & Other/Github/CompanyIntranet/PDF_VIEWER_GUIDE.md,file,coding,CompanyIntranet,main,Markdown,true,Wakatime,Windows,Tiaan-Lenovo,codex-wakapi-history-import/1.0,2026-02-20 13:31:26.000,2026-05-04 03:43:07.957
Lelando1234,C:/Users/tiaan/My Drive/Tiaan/Personal/Documents & Other/Github/CompanyIntranet/PDF_VIEWER_GUIDE.md,file,coding,CompanyIntranet,main,Markdown,true,Wakatime,Windows,Tiaan-Lenovo,codex-wakapi-history-import/1.0,2026-02-20 13:33:26.000,2026-05-04 03:43:07.957
Lelando1234,C:/Users/tiaan/My Drive/Tiaan/Personal/Documents & Other/Github/CompanyIntranet/PDF_VIEWER_GUIDE.md,file,coding,CompanyIntranet,main,Markdown,true,Wakatime,Windows,Tiaan-Lenovo,codex-wakapi-history-import/1.0,2026-02-20 13:35:26.000,2026-05-04 03:43:07.957
Lelando1234,C:/Users/tiaan/My Drive/Tiaan/Personal/Documents & Other/Github/CompanyIntranet/PDF_VIEWER_GUIDE.md,file,coding,CompanyIntranet,main,Markdown,true,Wakatime,Windows,Tiaan-Lenovo,codex-wakapi-history-import/1.0,2026-02-20 13:37:26.000,2026-05-04 03:43:07.957
Lelando1234,C:/Users/tiaan/My Drive/Tiaan/Personal/Documents & Other/Github/CompanyIntranet/LICENSE,file,coding,CompanyIntranet,main,Text,true,Wakatime,Windows,Tiaan-Lenovo,codex-wakapi-history-import/1.0,2026-02-23 13:53:54.000,2026-05-04 03:43:07.957
Lelando1234,C:/Users/tiaan/My Drive/Tiaan/Personal/Documents & Other/Github/CompanyIntranet/LICENSE,file,coding,CompanyIntranet,main,Text,true,Wakatime,Windows,Tiaan-Lenovo,codex-wakapi-history-import/1.0,2026-02-23 13:55:54.000,2026-05-04 03:43:07.957
Lelando1234,C:/Users/tiaan/My Drive/Tiaan/Personal/Documents & Other/Github/CompanyIntranet/LICENSE,file,coding,CompanyIntranet,main,Text,true,Wakatime,Windows,Tiaan-Lenovo,codex-wakapi-history-import/1.0,2026-02-23 13:57:54.000,2026-05-04 03:43:07.957
Lelando1234,C:/Users/tiaan/My Drive/Tiaan/Personal/Documents & Other/Github/CompanyIntranet/LICENSE,file,coding,CompanyIntranet,main,Text,true,Wakatime,Windows,Tiaan-Lenovo,codex-wakapi-history-import/1.0,2026-02-23 13:59:54.000,2026-05-04 03:43:07.957
Lelando1234,C:/Users/tiaan/My Drive/Tiaan/Personal/Documents & Other/Github/CompanyIntranet/LICENSE,file,coding,CompanyIntranet,main,Text,true,Wakatime,Windows,Tiaan-Lenovo,codex-wakapi-history-import/1.0,2026-02-23 14:01:54.000,2026-05-04 03:43:07.957
Lelando1234,C:/Users/tiaan/My Drive/Tiaan/Personal/Documents & Other/Github/CompanyIntranet/LICENSE,file,coding,CompanyIntranet,main,Text,true,Wakatime,Windows,Tiaan-Lenovo,codex-wakapi-history-import/1.0,2026-02-23 14:03:54.000,2026-05-04 03:43:07.957
Lelando1234,C:/Users/tiaan/My Drive/Tiaan/Personal/Documents & Other/Github/CompanyIntranet/LICENSE,file,coding,CompanyIntranet,main,Text,true,Wakatime,Windows,Tiaan-Lenovo,codex-wakapi-history-import/1.0,2026-02-23 14:05:54.000,2026-05-04 03:43:07.957
Lelando1234,C:/Users/tiaan/My Drive/Tiaan/Personal/Documents & Other/Github/CompanyIntranet/LICENSE,file,coding,CompanyIntranet,main,Text,true,Wakatime,Windows,Tiaan-Lenovo,codex-wakapi-history-import/1.0,2026-02-23 14:07:54.000,2026-05-04 03:43:07.957
Lelando1234,C:/Users/tiaan/My Drive/Tiaan/Personal/Documents & Other/Github/CompanyIntranet/LICENSE,file,coding,CompanyIntranet,main,Text,true,Wakatime,Windows,Tiaan-Lenovo,codex-wakapi-history-import/1.0,2026-02-23 14:09:54.000,2026-05-04 03:43:07.957
Lelando1234,C:/Users/tiaan/My Drive/Tiaan/Personal/Documents & Other/Github/CompanyIntranet/LICENSE,file,coding,CompanyIntranet,main,Text,true,Wakatime,Windows,Tiaan-Lenovo,codex-wakapi-history-import/1.0,2026-02-23 14:11:54.000,2026-05-04 03:43:07.957
Lelando1234,C:/Users/tiaan/My Drive/Tiaan/Personal/Documents & Other/Github/CompanyIntranet/LICENSE,file,coding,CompanyIntranet,main,Text,true,Wakatime,Windows,Tiaan-Lenovo,codex-wakapi-history-import/1.0,2026-02-23 14:13:54.000,2026-05-04 03:43:07.957
Lelando1234,C:/Users/tiaan/My Drive/Tiaan/Personal/Documents & Other/Github/CompanyIntranet/LICENSE,file,coding,CompanyIntranet,main,Text,true,Wakatime,Windows,Tiaan-Lenovo,codex-wakapi-history-import/1.0,2026-02-23 14:15:54.000,2026-05-04 03:43:07.957
Lelando1234,C:/Users/tiaan/My Drive/Tiaan/Personal/Documents & Other/Github/CompanyIntranet/LICENSE,file,coding,CompanyIntranet,main,Text,true,Wakatime,Windows,Tiaan-Lenovo,codex-wakapi-history-import/1.0,2026-02-23 14:17:54.000,2026-05-04 03:43:07.957
Lelando1234,C:/Users/tiaan/My Drive/Tiaan/Personal/Documents & Other/Github/CompanyIntranet/LICENSE,file,coding,CompanyIntranet,main,Text,true,Wakatime,Windows,Tiaan-Lenovo,codex-wakapi-history-import/1.0,2026-02-23 14:19:54.000,2026-05-04 03:43:07.957
Lelando1234,C:/Users/tiaan/My Drive/Tiaan/Personal/Documents & Other/Github/CompanyIntranet/LICENSE,file,coding,CompanyIntranet,main,Text,true,Wakatime,Windows,Tiaan-Lenovo,codex-wakapi-history-import/1.0,2026-02-23 14:21:54.000,2026-05-04 03:43:07.957
Lelando1234,C:/Users/tiaan/My Drive/Tiaan/Personal/Documents & Other/Github/CompanyIntranet/LICENSE,file,coding,CompanyIntranet,main,Text,true,Wakatime,Windows,Tiaan-Lenovo,codex-wakapi-history-import/1.0,2026-02-23 14:23:54.000,2026-05-04 03:43:07.957
Lelando1234,C:/Users/tiaan/My Drive/Tiaan/Personal/Documents & Other/Github/CompanyIntranet/src/components/ThemeCustomizer.tsx,file,coding,CompanyIntranet,main,TypeScript,true,Wakatime,Windows,Tiaan-Lenovo,codex-wakapi-history-import/1.0,2026-02-24 13:10:36.000,2026-05-04 03:43:07.957
Lelando1234,C:/Users/tiaan/My Drive/Tiaan/Personal/Documents & Other/Github/CompanyIntranet/src/components/ThemeCustomizer.tsx,file,coding,CompanyIntranet,main,TypeScript,true,Wakatime,Windows,Tiaan-Lenovo,codex-wakapi-history-import/1.0,2026-02-24 13:12:36.000,2026-05-04 03:43:07.957
Lelando1234,C:/Users/tiaan/My Drive/Tiaan/Personal/Documents & Other/Github/CompanyIntranet/src/components/ThemeCustomizer.tsx,file,coding,CompanyIntranet,main,TypeScript,true,Wakatime,Windows,Tiaan-Lenovo,codex-wakapi-history-import/1.0,2026-02-24 13:14:36.000,2026-05-04 03:43:07.957
Lelando1234,C:/Users/tiaan/My Drive/Tiaan/Personal/Documents & Other/Github/CompanyIntranet/src/components/ThemeCustomizer.tsx,file,coding,CompanyIntranet,main,TypeScript,true,Wakatime,Windows,Tiaan-Lenovo,codex-wakapi-history-import/1.0,2026-02-24 13:16:36.000,2026-05-04 03:43:07.957
Lelando1234,C:/Users/tiaan/My Drive/Tiaan/Personal/Documents & Other/Github/CompanyIntranet/src/components/ThemeCustomizer.tsx,file,coding,CompanyIntranet,main,TypeScript,true,Wakatime,Windows,Tiaan-Lenovo,codex-wakapi-history-import/1.0,2026-02-24 13:18:36.000,2026-05-04 03:43:07.957
Lelando1234,C:/Users/tiaan/My Drive/Tiaan/Personal/Documents & Other/Github/CompanyIntranet/src/components/ThemeCustomizer.tsx,file,coding,CompanyIntranet,main,TypeScript,true,Wakatime,Windows,Tiaan-Lenovo,codex-wakapi-history-import/1.0,2026-02-24 13:20:36.000,2026-05-04 03:43:07.957
Lelando1234,C:/Users/tiaan/My Drive/Tiaan/Personal/Documents & Other/Github/CompanyIntranet/src/components/ThemeCustomizer.tsx,file,coding,CompanyIntranet,main,TypeScript,true,Wakatime,Windows,Tiaan-Lenovo,codex-wakapi-history-import/1.0,2026-02-24 13:22:36.000,2026-05-04 03:43:07.957
Lelando1234,C:/Users/tiaan/My Drive/Tiaan/Personal/Documents & Other/Github/CompanyIntranet/src/components/ThemeCustomizer.tsx,file,coding,CompanyIntranet,main,TypeScript,true,Wakatime,Windows,Tiaan-Lenovo,codex-wakapi-history-import/1.0,2026-02-24 13:24:36.000,2026-05-04 03:43:07.957
Lelando1234,C:/Users/tiaan/My Drive/Tiaan/Personal/Documents & Other/Github/CompanyIntranet/src/components/ThemeCustomizer.tsx,file,coding,CompanyIntranet,main,TypeScript,true,Wakatime,Windows,Tiaan-Lenovo,codex-wakapi-history-import/1.0,2026-02-24 13:26:36.000,2026-05-04 03:43:07.957
Lelando1234,C:/Users/tiaan/My Drive/Tiaan/Personal/Documents & Other/Github/CompanyIntranet/src/components/ThemeCustomizer.tsx,file,coding,CompanyIntranet,main,TypeScript,true,Wakatime,Windows,Tiaan-Lenovo,codex-wakapi-history-import/1.0,2026-02-24 13:28:36.000,2026-05-04 03:43:07.957
Lelando1234,C:/Users/tiaan/My Drive/Tiaan/Personal/Documents & Other/Github/CompanyIntranet/src/components/ThemeCustomizer.tsx,file,coding,CompanyIntranet,main,TypeScript,true,Wakatime,Windows,Tiaan-Lenovo,codex-wakapi-history-import/1.0,2026-02-24 13:30:36.000,2026-05-04 03:43:07.957
Lelando1234,C:/Users/tiaan/My Drive/Tiaan/Personal/Documents & Other/Github/CompanyIntranet/src/components/ThemeCustomizer.tsx,file,coding,CompanyIntranet,main,TypeScript,true,Wakatime,Windows,Tiaan-Lenovo,codex-wakapi-history-import/1.0,2026-02-24 13:32:36.000,2026-05-04 03:43:07.957
Lelando1234,C:/Users/tiaan/My Drive/Tiaan/Personal/Documents & Other/Github/CompanyIntranet/src/components/ThemeCustomizer.tsx,file,coding,CompanyIntranet,main,TypeScript,true,Wakatime,Windows,Tiaan-Lenovo,codex-wakapi-history-import/1.0,2026-02-24 13:34:36.000,2026-05-04 03:43:07.957
Lelando1234,C:/Users/tiaan/My Drive/Tiaan/Personal/Documents & Other/Github/CompanyIntranet/backend/src/routes/settings.js,file,coding,CompanyIntranet,main,JavaScript,true,Wakatime,Windows,Tiaan-Lenovo,codex-wakapi-history-import/1.0,2026-02-24 13:36:36.000,2026-05-04 03:43:07.957
Lelando1234,C:/Users/tiaan/My Drive/Tiaan/Personal/Documents & Other/Github/CompanyIntranet/backend/src/routes/settings.js,file,coding,CompanyIntranet,main,JavaScript,true,Wakatime,Windows,Tiaan-Lenovo,codex-wakapi-history-import/1.0,2026-02-24 13:38:36.000,2026-05-04 03:43:07.957
Lelando1234,C:/Users/tiaan/My Drive/Tiaan/Personal/Documents & Other/Github/CompanyIntranet/backend/src/routes/settings.js,file,coding,CompanyIntranet,main,JavaScript,true,Wakatime,Windows,Tiaan-Lenovo,codex-wakapi-history-import/1.0,2026-02-24 13:40:36.000,2026-05-04 03:43:07.957
Lelando1234,C:/Users/tiaan/My Drive/Tiaan/Personal/Documents & Other/Github/CompanyIntranet/backend/src/routes/settings.js,file,coding,CompanyIntranet,main,JavaScript,true,Wakatime,Windows,Tiaan-Lenovo,codex-wakapi-history-import/1.0,2026-02-24 13:42:36.000,2026-05-04 03:43:07.957
Lelando1234,C:/Users/tiaan/My Drive/Tiaan/Personal/Documents & Other/Github/CompanyIntranet/backend/src/routes/settings.js,file,coding,CompanyIntranet,main,JavaScript,true,Wakatime,Windows,Tiaan-Lenovo,codex-wakapi-history-import/1.0,2026-02-24 13:44:36.000,2026-05-04 03:43:07.957
Lelando1234,C:/Users/tiaan/My Drive/Tiaan/Personal/Documents & Other/Github/CompanyIntranet/backend/src/routes/settings.js,file,coding,CompanyIntranet,main,JavaScript,true,Wakatime,Windows,Tiaan-Lenovo,codex-wakapi-history-import/1.0,2026-02-24 13:46:36.000,2026-05-04 03:43:07.957
Lelando1234,C:/Users/tiaan/My Drive/Tiaan/Personal/Documents & Other/Github/CompanyIntranet/backend/src/routes/settings.js,file,coding,CompanyIntranet,main,JavaScript,true,Wakatime,Windows,Tiaan-Lenovo,codex-wakapi-history-import/1.0,2026-02-24 13:48:36.000,2026-05-04 03:43:07.957
Lelando1234,C:/Users/tiaan/My Drive/Tiaan/Personal/Documents & Other/Github/CompanyIntranet/backend/src/routes/settings.js,file,coding,CompanyIntranet,main,JavaScript,true,Wakatime,Windows,Tiaan-Lenovo,codex-wakapi-history-import/1.0,2026-02-24 13:50:36.000,2026-05-04 03:43:07.957
Lelando1234,C:/Users/tiaan/My Drive/Tiaan/Personal/Documents & Other/Github/CompanyIntranet/backend/src/routes/settings.js,file,coding,CompanyIntranet,main,JavaScript,true,Wakatime,Windows,Tiaan-Lenovo,codex-wakapi-history-import/1.0,2026-02-24 13:52:36.000,2026-05-04 03:43:07.957
Lelando1234,C:/Users/tiaan/My Drive/Tiaan/Personal/Documents & Other/Github/CompanyIntranet/backend/src/routes/settings.js,file,coding,CompanyIntranet,main,JavaScript,true,Wakatime,Windows,Tiaan-Lenovo,codex-wakapi-history-import/1.0,2026-02-24 13:54:36.000,2026-05-04 03:43:07.957
Lelando1234,C:/Users/tiaan/My Drive/Tiaan/Personal/Documents & Other/Github/CompanyIntranet/backend/src/routes/settings.js,file,coding,CompanyIntranet,main,JavaScript,true,Wakatime,Windows,Tiaan-Lenovo,codex-wakapi-history-import/1.0,2026-02-24 13:56:36.000,2026-05-04 03:43:07.957
Lelando1234,C:/Users/tiaan/My Drive/Tiaan/Personal/Documents & Other/Github/CompanyIntranet/backend/src/routes/settings.js,file,coding,CompanyIntranet,main,JavaScript,true,Wakatime,Windows,Tiaan-Lenovo,codex-wakapi-history-import/1.0,2026-02-24 13:58:36.000,2026-05-04 03:43:07.957
Lelando1234,C:/Users/tiaan/My Drive/Tiaan/Personal/Documents & Other/Github/CompanyIntranet/src/contexts/AuthContext.tsx,file,coding,CompanyIntranet,main,TypeScript,true,Wakatime,Windows,Tiaan-Lenovo,codex-wakapi-history-import/1.0,2026-02-26 01:11:30.000,2026-05-04 03:43:07.957
Lelando1234,C:/Users/tiaan/My Drive/Tiaan/Personal/Documents & Other/Github/CompanyIntranet/src/contexts/AuthContext.tsx,file,coding,CompanyIntranet,main,TypeScript,true,Wakatime,Windows,Tiaan-Lenovo,codex-wakapi-history-import/1.0,2026-02-26 01:13:30.000,2026-05-04 03:43:07.957
Lelando1234,C:/Users/tiaan/My Drive/Tiaan/Personal/Documents & Other/Github/CompanyIntranet/src/contexts/AuthContext.tsx,file,coding,CompanyIntranet,main,TypeScript,true,Wakatime,Windows,Tiaan-Lenovo,codex-wakapi-history-import/1.0,2026-02-26 01:15:30.000,2026-05-04 03:43:07.957
Lelando1234,C:/Users/tiaan/My Drive/Tiaan/Personal/Documents & Other/Github/CompanyIntranet/src/contexts/AuthContext.tsx,file,coding,CompanyIntranet,main,TypeScript,true,Wakatime,Windows,Tiaan-Lenovo,codex-wakapi-history-import/1.0,2026-02-26 01:17:30.000,2026-05-04 03:43:07.957
Lelando1234,C:/Users/tiaan/My Drive/Tiaan/Personal/Documents & Other/Github/CompanyIntranet/src/contexts/AuthContext.tsx,file,coding,CompanyIntranet,main,TypeScript,true,Wakatime,Windows,Tiaan-Lenovo,codex-wakapi-history-import/1.0,2026-02-26 01:19:30.000,2026-05-04 03:43:07.957
Lelando1234,C:/Users/tiaan/My Drive/Tiaan/Personal/Documents & Other/Github/CompanyIntranet/src/contexts/AuthContext.tsx,file,coding,CompanyIntranet,main,TypeScript,true,Wakatime,Windows,Tiaan-Lenovo,codex-wakapi-history-import/1.0,2026-02-26 01:21:30.000,2026-05-04 03:43:07.957
Lelando1234,C:/Users/tiaan/My Drive/Tiaan/Personal/Documents & Other/Github/CompanyIntranet/src/contexts/AuthContext.tsx,file,coding,CompanyIntranet,main,TypeScript,true,Wakatime,Windows,Tiaan-Lenovo,codex-wakapi-history-import/1.0,2026-02-26 01:23:30.000,2026-05-04 03:43:07.957
Lelando1234,C:/Users/tiaan/My Drive/Tiaan/Personal/Documents & Other/Github/CompanyIntranet/src/contexts/AuthContext.tsx,file,coding,CompanyIntranet,main,TypeScript,true,Wakatime,Windows,Tiaan-Lenovo,codex-wakapi-history-import/1.0,2026-02-26 01:25:30.000,2026-05-04 03:43:07.957
Lelando1234,C:/Users/tiaan/My Drive/Tiaan/Personal/Documents & Other/Github/CompanyIntranet/src/contexts/AuthContext.tsx,file,coding,CompanyIntranet,main,TypeScript,true,Wakatime,Windows,Tiaan-Lenovo,codex-wakapi-history-import/1.0,2026-02-26 01:27:30.000,2026-05-04 03:43:07.957
Lelando1234,C:/Users/tiaan/My Drive/Tiaan/Personal/Documents & Other/Github/CompanyIntranet/src/contexts/AuthContext.tsx,file,coding,CompanyIntranet,main,TypeScript,true,Wakatime,Windows,Tiaan-Lenovo,codex-wakapi-history-import/1.0,2026-02-26 01:29:30.000,2026-05-04 03:43:07.957
Lelando1234,C:/Users/tiaan/My Drive/Tiaan/Personal/Documents & Other/Github/CompanyIntranet/src/contexts/AuthContext.tsx,file,coding,CompanyIntranet,main,TypeScript,true,Wakatime,Windows,Tiaan-Lenovo,codex-wakapi-history-import/1.0,2026-02-26 01:31:30.000,2026-05-04 03:43:07.957
Lelando1234,C:/Users/tiaan/My Drive/Tiaan/Personal/Documents & Other/Github/CompanyIntranet/src/contexts/AuthContext.tsx,file,coding,CompanyIntranet,main,TypeScript,true,Wakatime,Windows,Tiaan-Lenovo,codex-wakapi-history-import/1.0,2026-02-26 01:33:30.000,2026-05-04 03:43:07.957
Lelando1234,C:/Users/tiaan/My Drive/Tiaan/Personal/Documents & Other/Github/CompanyIntranet/src/contexts/AuthContext.tsx,file,coding,CompanyIntranet,main,TypeScript,true,Wakatime,Windows,Tiaan-Lenovo,codex-wakapi-history-import/1.0,2026-02-26 01:35:30.000,2026-05-04 03:43:07.957
Lelando1234,C:/Users/tiaan/My Drive/Tiaan/Personal/Documents & Other/Github/CompanyIntranet/src/components/ThemeCustomizer.tsx,file,coding,CompanyIntranet,main,TypeScript,true,Wakatime,Windows,Tiaan-Lenovo,codex-wakapi-history-import/1.0,2026-02-26 01:37:30.000,2026-05-04 03:43:07.957
Lelando1234,C:/Users/tiaan/My Drive/Tiaan/Personal/Documents & Other/Github/CompanyIntranet/src/components/ThemeCustomizer.tsx,file,coding,CompanyIntranet,main,TypeScript,true,Wakatime,Windows,Tiaan-Lenovo,codex-wakapi-history-import/1.0,2026-02-26 01:39:30.000,2026-05-04 03:43:07.957
Lelando1234,C:/Users/tiaan/My Drive/Tiaan/Personal/Documents & Other/Github/CompanyIntranet/src/components/ThemeCustomizer.tsx,file,coding,CompanyIntranet,main,TypeScript,true,Wakatime,Windows,Tiaan-Lenovo,codex-wakapi-history-import/1.0,2026-02-26 01:41:30.000,2026-05-04 03:43:07.957
Lelando1234,C:/Users/tiaan/My Drive/Tiaan/Personal/Documents & Other/Github/CompanyIntranet/src/components/ThemeCustomizer.tsx,file,coding,CompanyIntranet,main,TypeScript,true,Wakatime,Windows,Tiaan-Lenovo,codex-wakapi-history-import/1.0,2026-02-26 01:43:30.000,2026-05-04 03:43:07.957
Lelando1234,C:/Users/tiaan/My Drive/Tiaan/Personal/Documents & Other/Github/CompanyIntranet/backend/src/database/migrate.js,file,coding,CompanyIntranet,main,JavaScript,true,Wakatime,Windows,Tiaan-Lenovo,codex-wakapi-history-import/1.0,2026-02-27 01:44:06.000,2026-05-04 03:43:07.957
Lelando1234,C:/Users/tiaan/My Drive/Tiaan/Personal/Documents & Other/Github/CompanyIntranet/backend/src/database/migrate.js,file,coding,CompanyIntranet,main,JavaScript,true,Wakatime,Windows,Tiaan-Lenovo,codex-wakapi-history-import/1.0,2026-02-27 01:46:06.000,2026-05-04 03:43:07.957
Lelando1234,C:/Users/tiaan/My Drive/Tiaan/Personal/Documents & Other/Github/CompanyIntranet/backend/src/database/migrate.js,file,coding,CompanyIntranet,main,JavaScript,true,Wakatime,Windows,Tiaan-Lenovo,codex-wakapi-history-import/1.0,2026-02-27 01:48:06.000,2026-05-04 03:43:07.957
Lelando1234,C:/Users/tiaan/My Drive/Tiaan/Personal/Documents & Other/Github/CompanyIntranet/backend/src/database/migrate.js,file,coding,CompanyIntranet,main,JavaScript,true,Wakatime,Windows,Tiaan-Lenovo,codex-wakapi-history-import/1.0,2026-02-27 01:50:06.000,2026-05-04 03:43:07.957
Lelando1234,C:/Users/tiaan/My Drive/Tiaan/Personal/Documents & Other/Github/CompanyIntranet/backend/src/database/migrate.js,file,coding,CompanyIntranet,main,JavaScript,true,Wakatime,Windows,Tiaan-Lenovo,codex-wakapi-history-import/1.0,2026-02-27 01:52:06.000,2026-05-04 03:43:07.957
Lelando1234,C:/Users/tiaan/My Drive/Tiaan/Personal/Documents & Other/Github/CompanyIntranet/backend/src/database/migrate.js,file,coding,CompanyIntranet,main,JavaScript,true,Wakatime,Windows,Tiaan-Lenovo,codex-wakapi-history-import/1.0,2026-02-27 01:54:06.000,2026-05-04 03:43:07.957
Lelando1234,C:/Users/tiaan/My Drive/Tiaan/Personal/Documents & Other/Github/CompanyIntranet/backend/src/database/migrate.js,file,coding,CompanyIntranet,main,JavaScript,true,Wakatime,Windows,Tiaan-Lenovo,codex-wakapi-history-import/1.0,2026-02-27 01:56:06.000,2026-05-04 03:43:07.957
Lelando1234,C:/Users/tiaan/My Drive/Tiaan/Personal/Documents & Other/Github/CompanyIntranet/backend/src/database/migrate.js,file,coding,CompanyIntranet,main,JavaScript,true,Wakatime,Windows,Tiaan-Lenovo,codex-wakapi-history-import/1.0,2026-02-27 01:58:06.000,2026-05-04 03:43:07.957
Lelando1234,C:/Users/tiaan/My Drive/Tiaan/Personal/Documents & Other/Github/CompanyIntranet/backend/src/database/migrate.js,file,coding,CompanyIntranet,main,JavaScript,true,Wakatime,Windows,Tiaan-Lenovo,codex-wakapi-history-import/1.0,2026-02-27 02:00:06.000,2026-05-04 03:43:07.957
Lelando1234,C:/Users/tiaan/My Drive/Tiaan/Personal/Documents & Other/Github/CompanyIntranet/backend/src/database/migrate.js,file,coding,CompanyIntranet,main,JavaScript,true,Wakatime,Windows,Tiaan-Lenovo,codex-wakapi-history-import/1.0,2026-02-27 02:02:06.000,2026-05-04 03:43:07.957
Lelando1234,C:/Users/tiaan/My Drive/Tiaan/Personal/Documents & Other/Github/CompanyIntranet/backend/src/database/migrate.js,file,coding,CompanyIntranet,main,JavaScript,true,Wakatime,Windows,Tiaan-Lenovo,codex-wakapi-history-import/1.0,2026-02-27 02:04:06.000,2026-05-04 03:43:07.957
Lelando1234,C:/Users/tiaan/My Drive/Tiaan/Personal/Documents & Other/Github/CompanyIntranet/backend/src/database/migrate.js,file,coding,CompanyIntranet,main,JavaScript,true,Wakatime,Windows,Tiaan-Lenovo,codex-wakapi-history-import/1.0,2026-02-27 02:06:06.000,2026-05-04 03:43:07.957
Lelando1234,C:/Users/tiaan/My Drive/Tiaan/Personal/Documents & Other/Github/CompanyIntranet/backend/src/database/migrate.js,file,coding,CompanyIntranet,main,JavaScript,true,Wakatime,Windows,Tiaan-Lenovo,codex-wakapi-history-import/1.0,2026-02-27 02:08:06.000,2026-05-04 03:43:07.957
Lelando1234,C:/Users/tiaan/My Drive/Tiaan/Personal/Documents & Other/Github/CompanyIntranet/scripts/company-portal.service,file,coding,CompanyIntranet,main,Text,true,Wakatime,Windows,Tiaan-Lenovo,codex-wakapi-history-import/1.0,2026-02-27 02:10:06.000,2026-05-04 03:43:07.957
Lelando1234,C:/Users/tiaan/My Drive/Tiaan/Personal/Documents & Other/Github/CompanyIntranet/scripts/company-portal.service,file,coding,CompanyIntranet,main,Text,true,Wakatime,Windows,Tiaan-Lenovo,codex-wakapi-history-import/1.0,2026-02-27 02:12:06.000,2026-05-04 03:43:07.957
Lelando1234,C:/Users/tiaan/My Drive/Tiaan/Personal/Documents & Other/Github/CompanyIntranet/scripts/company-portal.service,file,coding,CompanyIntranet,main,Text,true,Wakatime,Windows,Tiaan-Lenovo,codex-wakapi-history-import/1.0,2026-02-27 02:14:06.000,2026-05-04 03:43:07.957
Lelando1234,C:/Users/tiaan/My Drive/Tiaan/Personal/Documents & Other/Github/CompanyIntranet/backend/src/database/migrate.js,file,coding,CompanyIntranet,main,JavaScript,true,Wakatime,Windows,Tiaan-Lenovo,codex-wakapi-history-import/1.0,2026-03-05 02:00:36.000,2026-05-04 03:43:07.957
Lelando1234,C:/Users/tiaan/My Drive/Tiaan/Personal/Documents & Other/Github/CompanyIntranet/backend/src/database/migrate.js,file,coding,CompanyIntranet,main,JavaScript,true,Wakatime,Windows,Tiaan-Lenovo,codex-wakapi-history-import/1.0,2026-03-05 02:02:36.000,2026-05-04 03:43:07.957
Lelando1234,C:/Users/tiaan/My Drive/Tiaan/Personal/Documents & Other/Github/CompanyIntranet/backend/src/database/migrate.js,file,coding,CompanyIntranet,main,JavaScript,true,Wakatime,Windows,Tiaan-Lenovo,codex-wakapi-history-import/1.0,2026-03-05 02:04:36.000,2026-05-04 03:43:07.957
Lelando1234,C:/Users/tiaan/My Drive/Tiaan/Personal/Documents & Other/Github/CompanyIntranet/backend/src/database/migrate.js,file,coding,CompanyIntranet,main,JavaScript,true,Wakatime,Windows,Tiaan-Lenovo,codex-wakapi-history-import/1.0,2026-03-05 02:06:36.000,2026-05-04 03:43:07.957
Lelando1234,C:/Users/tiaan/My Drive/Tiaan/Personal/Documents & Other/Github/CompanyIntranet/backend/src/database/migrate.js,file,coding,CompanyIntranet,main,JavaScript,true,Wakatime,Windows,Tiaan-Lenovo,codex-wakapi-history-import/1.0,2026-03-05 02:08:36.000,2026-05-04 03:43:07.957
Lelando1234,C:/Users/tiaan/My Drive/Tiaan/Personal/Documents & Other/Github/CompanyIntranet/backend/src/database/migrate.js,file,coding,CompanyIntranet,main,JavaScript,true,Wakatime,Windows,Tiaan-Lenovo,codex-wakapi-history-import/1.0,2026-03-05 02:10:36.000,2026-05-04 03:43:07.957
Lelando1234,C:/Users/tiaan/My Drive/Tiaan/Personal/Documents & Other/Github/CompanyIntranet/backend/src/database/migrate.js,file,coding,CompanyIntranet,main,JavaScript,true,Wakatime,Windows,Tiaan-Lenovo,codex-wakapi-history-import/1.0,2026-03-05 02:12:36.000,2026-05-04 03:43:07.957
Lelando1234,C:/Users/tiaan/My Drive/Tiaan/Personal/Documents & Other/Github/CompanyIntranet/backend/src/database/migrate.js,file,coding,CompanyIntranet,main,JavaScript,true,Wakatime,Windows,Tiaan-Lenovo,codex-wakapi-history-import/1.0,2026-03-05 02:14:36.000,2026-05-04 03:43:07.957
Lelando1234,C:/Users/tiaan/My Drive/Tiaan/Personal/Documents & Other/Github/CompanyIntranet/backend/src/database/migrate.js,file,coding,CompanyIntranet,main,JavaScript,true,Wakatime,Windows,Tiaan-Lenovo,codex-wakapi-history-import/1.0,2026-03-05 02:16:36.000,2026-05-04 03:43:07.957
Lelando1234,C:/Users/tiaan/My Drive/Tiaan/Personal/Documents & Other/Github/CompanyIntranet/backend/src/database/migrate.js,file,coding,CompanyIntranet,main,JavaScript,true,Wakatime,Windows,Tiaan-Lenovo,codex-wakapi-history-import/1.0,2026-03-05 02:18:36.000,2026-05-04 03:43:07.957
Lelando1234,C:/Users/tiaan/My Drive/Tiaan/Personal/Documents & Other/Github/CompanyIntranet/backend/src/database/migrate.js,file,coding,CompanyIntranet,main,JavaScript,true,Wakatime,Windows,Tiaan-Lenovo,codex-wakapi-history-import/1.0,2026-03-05 02:20:36.000,2026-05-04 03:43:07.957
Lelando1234,C:/Users/tiaan/My Drive/Tiaan/Personal/Documents & Other/Github/CompanyIntranet/backend/src/database/migrate.js,file,coding,CompanyIntranet,main,JavaScript,true,Wakatime,Windows,Tiaan-Lenovo,codex-wakapi-history-import/1.0,2026-03-05 02:22:36.000,2026-05-04 03:43:07.957
Lelando1234,C:/Users/tiaan/My Drive/Tiaan/Personal/Documents & Other/Github/CompanyIntranet/backend/src/database/migrate.js,file,coding,CompanyIntranet,main,JavaScript,true,Wakatime,Windows,Tiaan-Lenovo,codex-wakapi-history-import/1.0,2026-03-05 02:24:36.000,2026-05-04 03:43:07.957
Lelando1234,C:/Users/tiaan/My Drive/Tiaan/Personal/Documents & Other/Github/CompanyIntranet/backend/src/database/schema.sql,file,coding,CompanyIntranet,main,SQL,true,Wakatime,Windows,Tiaan-Lenovo,codex-wakapi-history-import/1.0,2026-03-05 02:26:36.000,2026-05-04 03:43:07.957
Lelando1234,C:/Users/tiaan/My Drive/Tiaan/Personal/Documents & Other/Github/CompanyIntranet/backend/src/database/schema.sql,file,coding,CompanyIntranet,main,SQL,true,Wakatime,Windows,Tiaan-Lenovo,codex-wakapi-history-import/1.0,2026-03-05 02:28:36.000,2026-05-04 03:43:07.957
Lelando1234,C:/Users/tiaan/My Drive/Tiaan/Personal/Documents & Other/Github/CompanyIntranet/backend/src/database/schema.sql,file,coding,CompanyIntranet,main,SQL,true,Wakatime,Windows,Tiaan-Lenovo,codex-wakapi-history-import/1.0,2026-03-05 02:30:36.000,2026-05-04 03:43:07.957
Lelando1234,C:/Users/tiaan/My Drive/Tiaan/Personal/Documents & Other/Github/CompanyIntranet/backend/src/database/schema.sql,file,coding,CompanyIntranet,main,SQL,true,Wakatime,Windows,Tiaan-Lenovo,codex-wakapi-history-import/1.0,2026-03-05 02:32:36.000,2026-05-04 03:43:07.957
Lelando1234,C:/Users/tiaan/My Drive/Tiaan/Personal/Documents & Other/Github/CompanyIntranet/backend/src/database/schema.sql,file,coding,CompanyIntranet,main,SQL,true,Wakatime,Windows,Tiaan-Lenovo,codex-wakapi-history-import/1.0,2026-03-05 02:34:36.000,2026-05-04 03:43:07.957
Lelando1234,C:/Users/tiaan/My Drive/Tiaan/Personal/Documents & Other/Github/CompanyIntranet/backend/src/database/schema.sql,file,coding,CompanyIntranet,main,SQL,true,Wakatime,Windows,Tiaan-Lenovo,codex-wakapi-history-import/1.0,2026-03-05 02:36:36.000,2026-05-04 03:43:07.957
Lelando1234,C:/Users/tiaan/My Drive/Tiaan/Personal/Documents & Other/Github/CompanyIntranet/backend/src/database/schema.sql,file,coding,CompanyIntranet,main,SQL,true,Wakatime,Windows,Tiaan-Lenovo,codex-wakapi-history-import/1.0,2026-03-05 02:38:36.000,2026-05-04 03:43:07.957
Lelando1234,C:/Users/tiaan/My Drive/Tiaan/Personal/Documents & Other/Github/CompanyIntranet/backend/src/database/schema.sql,file,coding,CompanyIntranet,main,SQL,true,Wakatime,Windows,Tiaan-Lenovo,codex-wakapi-history-import/1.0,2026-03-05 02:40:36.000,2026-05-04 03:43:07.957
Lelando1234,C:/Users/tiaan/My Drive/Tiaan/Personal/Documents & Other/Github/CompanyIntranet/backend/src/database/schema.sql,file,coding,CompanyIntranet,main,SQL,true,Wakatime,Windows,Tiaan-Lenovo,codex-wakapi-history-import/1.0,2026-03-05 02:42:36.000,2026-05-04 03:43:07.957
Lelando1234,C:/Users/tiaan/My Drive/Tiaan/Personal/Documents & Other/Github/CompanyIntranet/backend/src/database/schema.sql,file,coding,CompanyIntranet,main,SQL,true,Wakatime,Windows,Tiaan-Lenovo,codex-wakapi-history-import/1.0,2026-03-05 12:37:48.000,2026-05-04 03:43:07.957
Lelando1234,C:/Users/tiaan/My Drive/Tiaan/Personal/Documents & Other/Github/CompanyIntranet/backend/src/database/schema.sql,file,coding,CompanyIntranet,main,SQL,true,Wakatime,Windows,Tiaan-Lenovo,codex-wakapi-history-import/1.0,2026-03-05 12:39:48.000,2026-05-04 03:43:07.957
Lelando1234,C:/Users/tiaan/My Drive/Tiaan/Personal/Documents & Other/Github/CompanyIntranet/backend/src/database/schema.sql,file,coding,CompanyIntranet,main,SQL,true,Wakatime,Windows,Tiaan-Lenovo,codex-wakapi-history-import/1.0,2026-03-05 12:41:48.000,2026-05-04 03:43:07.957
Lelando1234,C:/Users/tiaan/My Drive/Tiaan/Personal/Documents & Other/Github/CompanyIntranet/backend/src/database/schema.sql,file,coding,CompanyIntranet,main,SQL,true,Wakatime,Windows,Tiaan-Lenovo,codex-wakapi-history-import/1.0,2026-03-05 12:43:48.000,2026-05-04 03:43:07.957
Lelando1234,C:/Users/tiaan/My Drive/Tiaan/Personal/Documents & Other/Github/CompanyIntranet/backend/src/database/schema.sql,file,coding,CompanyIntranet,main,SQL,true,Wakatime,Windows,Tiaan-Lenovo,codex-wakapi-history-import/1.0,2026-03-05 12:45:48.000,2026-05-04 03:43:07.957
Lelando1234,C:/Users/tiaan/My Drive/Tiaan/Personal/Documents & Other/Github/CompanyIntranet/backend/src/database/schema.sql,file,coding,CompanyIntranet,main,SQL,true,Wakatime,Windows,Tiaan-Lenovo,codex-wakapi-history-import/1.0,2026-03-05 12:47:48.000,2026-05-04 03:43:07.957
Lelando1234,C:/Users/tiaan/My Drive/Tiaan/Personal/Documents & Other/Github/CompanyIntranet/backend/src/database/schema.sql,file,coding,CompanyIntranet,main,SQL,true,Wakatime,Windows,Tiaan-Lenovo,codex-wakapi-history-import/1.0,2026-03-05 12:49:48.000,2026-05-04 03:43:07.957
Lelando1234,C:/Users/tiaan/My Drive/Tiaan/Personal/Documents & Other/Github/CompanyIntranet/backend/src/database/schema.sql,file,coding,CompanyIntranet,main,SQL,true,Wakatime,Windows,Tiaan-Lenovo,codex-wakapi-history-import/1.0,2026-03-05 12:51:48.000,2026-05-04 03:43:07.957
Lelando1234,C:/Users/tiaan/My Drive/Tiaan/Personal/Documents & Other/Github/CompanyIntranet/backend/src/database/schema.sql,file,coding,CompanyIntranet,main,SQL,true,Wakatime,Windows,Tiaan-Lenovo,codex-wakapi-history-import/1.0,2026-03-05 12:53:48.000,2026-05-04 03:43:07.957
Lelando1234,C:/Users/tiaan/My Drive/Tiaan/Personal/Documents & Other/Github/CompanyIntranet/backend/src/database/schema.sql,file,coding,CompanyIntranet,main,SQL,true,Wakatime,Windows,Tiaan-Lenovo,codex-wakapi-history-import/1.0,2026-03-05 12:55:48.000,2026-05-04 03:43:07.957
Lelando1234,C:/Users/tiaan/My Drive/Tiaan/Personal/Documents & Other/Github/CompanyIntranet/backend/src/database/schema.sql,file,coding,CompanyIntranet,main,SQL,true,Wakatime,Windows,Tiaan-Lenovo,codex-wakapi-history-import/1.0,2026-03-05 12:57:48.000,2026-05-04 03:43:07.957
Lelando1234,C:/Users/tiaan/My Drive/Tiaan/Personal/Documents & Other/Github/CompanyIntranet/backend/src/database/schema.sql,file,coding,CompanyIntranet,main,SQL,true,Wakatime,Windows,Tiaan-Lenovo,codex-wakapi-history-import/1.0,2026-03-05 12:59:48.000,2026-05-04 03:43:07.957
Lelando1234,C:/Users/tiaan/My Drive/Tiaan/Personal/Documents & Other/Github/CompanyIntranet/backend/src/database/schema.sql,file,coding,CompanyIntranet,main,SQL,true,Wakatime,Windows,Tiaan-Lenovo,codex-wakapi-history-import/1.0,2026-03-05 13:01:48.000,2026-05-04 03:43:07.957
Lelando1234,C:/Users/tiaan/My Drive/Tiaan/Personal/Documents & Other/Github/CompanyIntranet/install.sh,file,coding,CompanyIntranet,main,Bash,true,Wakatime,Windows,Tiaan-Lenovo,codex-wakapi-history-import/1.0,2026-03-05 13:03:48.000,2026-05-04 03:43:07.957
Lelando1234,C:/Users/tiaan/My Drive/Tiaan/Personal/Documents & Other/Github/CompanyIntranet/install.sh,file,coding,CompanyIntranet,main,Bash,true,Wakatime,Windows,Tiaan-Lenovo,codex-wakapi-history-import/1.0,2026-03-05 13:05:48.000,2026-05-04 03:43:07.957
Lelando1234,C:/Users/tiaan/My Drive/Tiaan/Personal/Documents & Other/Github/CompanyIntranet/install.sh,file,coding,CompanyIntranet,main,Bash,true,Wakatime,Windows,Tiaan-Lenovo,codex-wakapi-history-import/1.0,2026-03-05 13:07:48.000,2026-05-04 03:43:07.957
Lelando1234,C:/Users/tiaan/My Drive/Tiaan/Personal/Documents & Other/Github/CompanyIntranet/install.sh,file,coding,CompanyIntranet,main,Bash,true,Wakatime,Windows,Tiaan-Lenovo,codex-wakapi-history-import/1.0,2026-03-05 13:09:48.000,2026-05-04 03:43:07.957
Lelando1234,C:/Users/tiaan/My Drive/Tiaan/Personal/Documents & Other/Github/CompanyIntranet/install.sh,file,coding,CompanyIntranet,main,Bash,true,Wakatime,Windows,Tiaan-Lenovo,codex-wakapi-history-import/1.0,2026-03-05 13:11:48.000,2026-05-04 03:43:07.957
Lelando1234,C:/Users/tiaan/My Drive/Tiaan/Personal/Documents & Other/Github/CompanyIntranet/install.sh,file,coding,CompanyIntranet,main,Bash,true,Wakatime,Windows,Tiaan-Lenovo,codex-wakapi-history-import/1.0,2026-03-05 13:13:48.000,2026-05-04 03:43:07.957
Lelando1234,C:/Users/tiaan/My Drive/Tiaan/Personal/Documents & Other/Github/CompanyIntranet/install.sh,file,coding,CompanyIntranet,main,Bash,true,Wakatime,Windows,Tiaan-Lenovo,codex-wakapi-history-import/1.0,2026-03-05 13:15:48.000,2026-05-04 03:43:07.957
Lelando1234,C:/Users/tiaan/My Drive/Tiaan/Personal/Documents & Other/Github/CompanyIntranet/install.sh,file,coding,CompanyIntranet,main,Bash,true,Wakatime,Windows,Tiaan-Lenovo,codex-wakapi-history-import/1.0,2026-03-05 13:17:48.000,2026-05-04 03:43:07.957
Lelando1234,C:/Users/tiaan/My Drive/Tiaan/Personal/Documents & Other/Github/CompanyIntranet/install.sh,file,coding,CompanyIntranet,main,Bash,true,Wakatime,Windows,Tiaan-Lenovo,codex-wakapi-history-import/1.0,2026-03-05 13:19:48.000,2026-05-04 03:43:07.957
Lelando1234,C:/Users/tiaan/My Drive/Tiaan/Personal/Documents & Other/Github/CompanyIntranet/install.sh,file,coding,CompanyIntranet,main,Bash,true,Wakatime,Windows,Tiaan-Lenovo,codex-wakapi-history-import/1.0,2026-03-05 13:21:48.000,2026-05-04 03:43:07.957
Lelando1234,C:/Users/tiaan/My Drive/Tiaan/Personal/Documents & Other/Github/CompanyIntranet/install.sh,file,coding,CompanyIntranet,main,Bash,true,Wakatime,Windows,Tiaan-Lenovo,codex-wakapi-history-import/1.0,2026-03-05 13:23:48.000,2026-05-04 03:43:07.957
Lelando1234,C:/Users/tiaan/My Drive/Tiaan/Personal/Documents & Other/Github/CompanyIntranet/install.sh,file,coding,CompanyIntranet,main,Bash,true,Wakatime,Windows,Tiaan-Lenovo,codex-wakapi-history-import/1.0,2026-03-05 13:25:48.000,2026-05-04 03:43:07.957
Lelando1234,C:/Users/tiaan/My Drive/Tiaan/Personal/Documents & Other/Github/CompanyIntranet/src/App.tsx,file,coding,CompanyIntranet,main,TypeScript,true,Wakatime,Windows,Tiaan-Lenovo,codex-wakapi-history-import/1.0,2026-03-05 13:27:48.000,2026-05-04 03:43:07.957
Lelando1234,C:/Users/tiaan/My Drive/Tiaan/Personal/Documents & Other/Github/CompanyIntranet/src/App.tsx,file,coding,CompanyIntranet,main,TypeScript,true,Wakatime,Windows,Tiaan-Lenovo,codex-wakapi-history-import/1.0,2026-03-05 13:29:48.000,2026-05-04 03:43:07.957
Lelando1234,C:/Users/tiaan/My Drive/Tiaan/Personal/Documents & Other/Github/CompanyIntranet/src/App.tsx,file,coding,CompanyIntranet,main,TypeScript,true,Wakatime,Windows,Tiaan-Lenovo,codex-wakapi-history-import/1.0,2026-03-05 13:31:48.000,2026-05-04 03:43:07.957
Lelando1234,C:/Users/tiaan/My Drive/Tiaan/Personal/Documents & Other/Github/CompanyIntranet/src/lib/api.ts,file,coding,CompanyIntranet,main,TypeScript,true,Wakatime,Windows,Tiaan-Lenovo,codex-wakapi-history-import/1.0,2026-03-09 13:35:44.000,2026-05-04 03:43:07.957
Lelando1234,C:/Users/tiaan/My Drive/Tiaan/Personal/Documents & Other/Github/CompanyIntranet/src/lib/api.ts,file,coding,CompanyIntranet,main,TypeScript,true,Wakatime,Windows,Tiaan-Lenovo,codex-wakapi-history-import/1.0,2026-03-09 13:37:44.000,2026-05-04 03:43:07.957
Lelando1234,C:/Users/tiaan/My Drive/Tiaan/Personal/Documents & Other/Github/CompanyIntranet/src/lib/api.ts,file,coding,CompanyIntranet,main,TypeScript,true,Wakatime,Windows,Tiaan-Lenovo,codex-wakapi-history-import/1.0,2026-03-09 13:39:44.000,2026-05-04 03:43:07.957
Lelando1234,C:/Users/tiaan/My Drive/Tiaan/Personal/Documents & Other/Github/CompanyIntranet/src/lib/api.ts,file,coding,CompanyIntranet,main,TypeScript,true,Wakatime,Windows,Tiaan-Lenovo,codex-wakapi-history-import/1.0,2026-03-09 13:41:44.000,2026-05-04 03:43:07.957
Lelando1234,C:/Users/tiaan/My Drive/Tiaan/Personal/Documents & Other/Github/CompanyIntranet/src/lib/api.ts,file,coding,CompanyIntranet,main,TypeScript,true,Wakatime,Windows,Tiaan-Lenovo,codex-wakapi-history-import/1.0,2026-03-09 13:43:44.000,2026-05-04 03:43:07.957
Lelando1234,C:/Users/tiaan/My Drive/Tiaan/Personal/Documents & Other/Github/CompanyIntranet/src/lib/api.ts,file,coding,CompanyIntranet,main,TypeScript,true,Wakatime,Windows,Tiaan-Lenovo,codex-wakapi-history-import/1.0,2026-03-09 13:45:44.000,2026-05-04 03:43:07.957
Lelando1234,C:/Users/tiaan/My Drive/Tiaan/Personal/Documents & Other/Github/CompanyIntranet/src/lib/api.ts,file,coding,CompanyIntranet,main,TypeScript,true,Wakatime,Windows,Tiaan-Lenovo,codex-wakapi-history-import/1.0,2026-03-09 13:47:44.000,2026-05-04 03:43:07.957
Lelando1234,C:/Users/tiaan/My Drive/Tiaan/Personal/Documents & Other/Github/CompanyIntranet/src/lib/api.ts,file,coding,CompanyIntranet,main,TypeScript,true,Wakatime,Windows,Tiaan-Lenovo,codex-wakapi-history-import/1.0,2026-03-09 13:49:44.000,2026-05-04 03:43:07.957
Lelando1234,C:/Users/tiaan/My Drive/Tiaan/Personal/Documents & Other/Github/CompanyIntranet/src/lib/api.ts,file,coding,CompanyIntranet,main,TypeScript,true,Wakatime,Windows,Tiaan-Lenovo,codex-wakapi-history-import/1.0,2026-03-09 13:51:44.000,2026-05-04 03:43:07.957
Lelando1234,C:/Users/tiaan/My Drive/Tiaan/Personal/Documents & Other/Github/CompanyIntranet/src/lib/api.ts,file,coding,CompanyIntranet,main,TypeScript,true,Wakatime,Windows,Tiaan-Lenovo,codex-wakapi-history-import/1.0,2026-03-09 13:53:44.000,2026-05-04 03:43:07.957
Lelando1234,C:/Users/tiaan/My Drive/Tiaan/Personal/Documents & Other/Github/CompanyIntranet/src/lib/api.ts,file,coding,CompanyIntranet,main,TypeScript,true,Wakatime,Windows,Tiaan-Lenovo,codex-wakapi-history-import/1.0,2026-03-09 13:55:44.000,2026-05-04 03:43:07.957
Lelando1234,C:/Users/tiaan/My Drive/Tiaan/Personal/Documents & Other/Github/CompanyIntranet/src/lib/api.ts,file,coding,CompanyIntranet,main,TypeScript,true,Wakatime,Windows,Tiaan-Lenovo,codex-wakapi-history-import/1.0,2026-03-09 13:57:44.000,2026-05-04 03:43:07.957
Lelando1234,C:/Users/tiaan/My Drive/Tiaan/Personal/Documents & Other/Github/CompanyIntranet/src/lib/api.ts,file,coding,CompanyIntranet,main,TypeScript,true,Wakatime,Windows,Tiaan-Lenovo,codex-wakapi-history-import/1.0,2026-03-09 13:59:44.000,2026-05-04 03:43:07.957
Lelando1234,C:/Users/tiaan/My Drive/Tiaan/Personal/Documents & Other/Github/CompanyIntranet/src/pages/Dashboard.tsx,file,coding,CompanyIntranet,main,TypeScript,true,Wakatime,Windows,Tiaan-Lenovo,codex-wakapi-history-import/1.0,2026-03-09 14:01:44.000,2026-05-04 03:43:07.957
Lelando1234,C:/Users/tiaan/My Drive/Tiaan/Personal/Documents & Other/Github/CompanyIntranet/src/pages/Dashboard.tsx,file,coding,CompanyIntranet,main,TypeScript,true,Wakatime,Windows,Tiaan-Lenovo,codex-wakapi-history-import/1.0,2026-03-09 14:03:44.000,2026-05-04 03:43:07.957
Lelando1234,C:/Users/tiaan/My Drive/Tiaan/Personal/Documents & Other/Github/CompanyIntranet/src/pages/Dashboard.tsx,file,coding,CompanyIntranet,main,TypeScript,true,Wakatime,Windows,Tiaan-Lenovo,codex-wakapi-history-import/1.0,2026-03-09 14:05:44.000,2026-05-04 03:43:07.957
Lelando1234,C:/Users/tiaan/My Drive/Tiaan/Personal/Documents & Other/Github/CompanyIntranet/src/pages/Dashboard.tsx,file,coding,CompanyIntranet,main,TypeScript,true,Wakatime,Windows,Tiaan-Lenovo,codex-wakapi-history-import/1.0,2026-03-09 14:07:44.000,2026-05-04 03:43:07.957
Lelando1234,C:/Users/tiaan/My Drive/Tiaan/Personal/Documents & Other/Github/CompanyIntranet/src/pages/Dashboard.tsx,file,coding,CompanyIntranet,main,TypeScript,true,Wakatime,Windows,Tiaan-Lenovo,codex-wakapi-history-import/1.0,2026-03-09 14:09:44.000,2026-05-04 03:43:07.957
Lelando1234,C:/Users/tiaan/My Drive/Tiaan/Personal/Documents & Other/Github/CompanyIntranet/src/pages/Dashboard.tsx,file,coding,CompanyIntranet,main,TypeScript,true,Wakatime,Windows,Tiaan-Lenovo,codex-wakapi-history-import/1.0,2026-03-09 14:11:44.000,2026-05-04 03:43:07.957
Lelando1234,C:/Users/tiaan/My Drive/Tiaan/Personal/Documents & Other/Github/CompanyIntranet/src/pages/Dashboard.tsx,file,coding,CompanyIntranet,main,TypeScript,true,Wakatime,Windows,Tiaan-Lenovo,codex-wakapi-history-import/1.0,2026-03-09 14:13:44.000,2026-05-04 03:43:07.957
Lelando1234,C:/Users/tiaan/My Drive/Tiaan/Personal/Documents & Other/Github/CompanyIntranet/src/pages/Dashboard.tsx,file,coding,CompanyIntranet,main,TypeScript,true,Wakatime,Windows,Tiaan-Lenovo,codex-wakapi-history-import/1.0,2026-03-09 14:15:44.000,2026-05-04 03:43:07.957
Lelando1234,C:/Users/tiaan/My Drive/Tiaan/Personal/Documents & Other/Github/CompanyIntranet/src/pages/Dashboard.tsx,file,coding,CompanyIntranet,main,TypeScript,true,Wakatime,Windows,Tiaan-Lenovo,codex-wakapi-history-import/1.0,2026-03-09 14:17:44.000,2026-05-04 03:43:07.957
Lelando1234,C:/Users/tiaan/My Drive/Tiaan/Personal/Documents & Other/Github/CompanyIntranet/src/pages/Dashboard.tsx,file,coding,CompanyIntranet,main,TypeScript,true,Wakatime,Windows,Tiaan-Lenovo,codex-wakapi-history-import/1.0,2026-03-09 14:19:44.000,2026-05-04 03:43:07.957
Lelando1234,C:/Users/tiaan/My Drive/Tiaan/Personal/Documents & Other/Github/CompanyIntranet/src/pages/Dashboard.tsx,file,coding,CompanyIntranet,main,TypeScript,true,Wakatime,Windows,Tiaan-Lenovo,codex-wakapi-history-import/1.0,2026-03-09 14:21:44.000,2026-05-04 03:43:07.957
Lelando1234,C:/Users/tiaan/My Drive/Tiaan/Personal/Documents & Other/Github/CompanyIntranet/src/pages/Dashboard.tsx,file,coding,CompanyIntranet,main,TypeScript,true,Wakatime,Windows,Tiaan-Lenovo,codex-wakapi-history-import/1.0,2026-03-09 14:23:44.000,2026-05-04 03:43:07.957
Lelando1234,C:/Users/tiaan/My Drive/Tiaan/Personal/Documents & Other/Github/CompanyIntranet/src/App.tsx,file,coding,CompanyIntranet,main,TypeScript,true,Wakatime,Windows,Tiaan-Lenovo,codex-wakapi-history-import/1.0,2026-03-12 01:03:00.000,2026-05-04 03:43:07.957
Lelando1234,C:/Users/tiaan/My Drive/Tiaan/Personal/Documents & Other/Github/CompanyIntranet/src/App.tsx,file,coding,CompanyIntranet,main,TypeScript,true,Wakatime,Windows,Tiaan-Lenovo,codex-wakapi-history-import/1.0,2026-03-12 01:05:00.000,2026-05-04 03:43:07.957
Lelando1234,C:/Users/tiaan/My Drive/Tiaan/Personal/Documents & Other/Github/CompanyIntranet/src/App.tsx,file,coding,CompanyIntranet,main,TypeScript,true,Wakatime,Windows,Tiaan-Lenovo,codex-wakapi-history-import/1.0,2026-03-12 01:07:00.000,2026-05-04 03:43:07.957
Lelando1234,C:/Users/tiaan/My Drive/Tiaan/Personal/Documents & Other/Github/CompanyIntranet/src/App.tsx,file,coding,CompanyIntranet,main,TypeScript,true,Wakatime,Windows,Tiaan-Lenovo,codex-wakapi-history-import/1.0,2026-03-12 01:09:00.000,2026-05-04 03:43:07.957
Lelando1234,C:/Users/tiaan/My Drive/Tiaan/Personal/Documents & Other/Github/CompanyIntranet/src/App.tsx,file,coding,CompanyIntranet,main,TypeScript,true,Wakatime,Windows,Tiaan-Lenovo,codex-wakapi-history-import/1.0,2026-03-12 01:11:00.000,2026-05-04 03:43:07.957
Lelando1234,C:/Users/tiaan/My Drive/Tiaan/Personal/Documents & Other/Github/CompanyIntranet/src/App.tsx,file,coding,CompanyIntranet,main,TypeScript,true,Wakatime,Windows,Tiaan-Lenovo,codex-wakapi-history-import/1.0,2026-03-12 01:13:00.000,2026-05-04 03:43:07.957
Lelando1234,C:/Users/tiaan/My Drive/Tiaan/Personal/Documents & Other/Github/CompanyIntranet/src/App.tsx,file,coding,CompanyIntranet,main,TypeScript,true,Wakatime,Windows,Tiaan-Lenovo,codex-wakapi-history-import/1.0,2026-03-12 01:15:00.000,2026-05-04 03:43:07.957
Lelando1234,C:/Users/tiaan/My Drive/Tiaan/Personal/Documents & Other/Github/CompanyIntranet/src/App.tsx,file,coding,CompanyIntranet,main,TypeScript,true,Wakatime,Windows,Tiaan-Lenovo,codex-wakapi-history-import/1.0,2026-03-12 01:17:00.000,2026-05-04 03:43:07.957
Lelando1234,C:/Users/tiaan/My Drive/Tiaan/Personal/Documents & Other/Github/CompanyIntranet/src/App.tsx,file,coding,CompanyIntranet,main,TypeScript,true,Wakatime,Windows,Tiaan-Lenovo,codex-wakapi-history-import/1.0,2026-03-12 01:19:00.000,2026-05-04 03:43:07.957
Lelando1234,C:/Users/tiaan/My Drive/Tiaan/Personal/Documents & Other/Github/CompanyIntranet/src/App.tsx,file,coding,CompanyIntranet,main,TypeScript,true,Wakatime,Windows,Tiaan-Lenovo,codex-wakapi-history-import/1.0,2026-03-12 01:21:00.000,2026-05-04 03:43:07.957
Lelando1234,C:/Users/tiaan/My Drive/Tiaan/Personal/Documents & Other/Github/CompanyIntranet/src/App.tsx,file,coding,CompanyIntranet,main,TypeScript,true,Wakatime,Windows,Tiaan-Lenovo,codex-wakapi-history-import/1.0,2026-03-12 01:23:00.000,2026-05-04 03:43:07.957
Lelando1234,C:/Users/tiaan/My Drive/Tiaan/Personal/Documents & Other/Github/CompanyIntranet/src/App.tsx,file,coding,CompanyIntranet,main,TypeScript,true,Wakatime,Windows,Tiaan-Lenovo,codex-wakapi-history-import/1.0,2026-03-12 01:25:00.000,2026-05-04 03:43:07.957
Lelando1234,C:/Users/tiaan/My Drive/Tiaan/Personal/Documents & Other/Github/CompanyIntranet/src/App.tsx,file,coding,CompanyIntranet,main,TypeScript,true,Wakatime,Windows,Tiaan-Lenovo,codex-wakapi-history-import/1.0,2026-03-12 01:27:00.000,2026-05-04 03:43:07.957
Lelando1234,C:/Users/tiaan/My Drive/Tiaan/Personal/Documents & Other/Github/CompanyIntranet/src/components/home.tsx,file,coding,CompanyIntranet,main,TypeScript,true,Wakatime,Windows,Tiaan-Lenovo,codex-wakapi-history-import/1.0,2026-03-12 01:29:00.000,2026-05-04 03:43:07.957
Lelando1234,C:/Users/tiaan/My Drive/Tiaan/Personal/Documents & Other/Github/CompanyIntranet/src/components/home.tsx,file,coding,CompanyIntranet,main,TypeScript,true,Wakatime,Windows,Tiaan-Lenovo,codex-wakapi-history-import/1.0,2026-03-12 01:31:00.000,2026-05-04 03:43:07.957
Lelando1234,C:/Users/tiaan/My Drive/Tiaan/Personal/Documents & Other/Github/CompanyIntranet/src/components/home.tsx,file,coding,CompanyIntranet,main,TypeScript,true,Wakatime,Windows,Tiaan-Lenovo,codex-wakapi-history-import/1.0,2026-03-12 01:33:00.000,2026-05-04 03:43:07.957
Lelando1234,C:/Users/tiaan/My Drive/Tiaan/Personal/Documents & Other/Github/CompanyIntranet/src/components/home.tsx,file,coding,CompanyIntranet,main,TypeScript,true,Wakatime,Windows,Tiaan-Lenovo,codex-wakapi-history-import/1.0,2026-03-12 01:35:00.000,2026-05-04 03:43:07.957
Lelando1234,C:/Users/tiaan/My Drive/Tiaan/Personal/Documents & Other/Github/CompanyIntranet/src/components/home.tsx,file,coding,CompanyIntranet,main,TypeScript,true,Wakatime,Windows,Tiaan-Lenovo,codex-wakapi-history-import/1.0,2026-03-12 01:37:00.000,2026-05-04 03:43:07.957
Lelando1234,C:/Users/tiaan/My Drive/Tiaan/Personal/Documents & Other/Github/CompanyIntranet/src/components/home.tsx,file,coding,CompanyIntranet,main,TypeScript,true,Wakatime,Windows,Tiaan-Lenovo,codex-wakapi-history-import/1.0,2026-03-12 01:39:00.000,2026-05-04 03:43:07.957
Lelando1234,C:/Users/tiaan/My Drive/Tiaan/Personal/Documents & Other/Github/CompanyIntranet/src/components/home.tsx,file,coding,CompanyIntranet,main,TypeScript,true,Wakatime,Windows,Tiaan-Lenovo,codex-wakapi-history-import/1.0,2026-03-12 01:41:00.000,2026-05-04 03:43:07.957
Lelando1234,C:/Users/tiaan/My Drive/Tiaan/Personal/Documents & Other/Github/CompanyIntranet/src/components/home.tsx,file,coding,CompanyIntranet,main,TypeScript,true,Wakatime,Windows,Tiaan-Lenovo,codex-wakapi-history-import/1.0,2026-03-12 13:05:00.000,2026-05-04 03:43:07.957
Lelando1234,C:/Users/tiaan/My Drive/Tiaan/Personal/Documents & Other/Github/CompanyIntranet/src/components/home.tsx,file,coding,CompanyIntranet,main,TypeScript,true,Wakatime,Windows,Tiaan-Lenovo,codex-wakapi-history-import/1.0,2026-03-12 13:07:00.000,2026-05-04 03:43:07.957
Lelando1234,C:/Users/tiaan/My Drive/Tiaan/Personal/Documents & Other/Github/CompanyIntranet/src/components/home.tsx,file,coding,CompanyIntranet,main,TypeScript,true,Wakatime,Windows,Tiaan-Lenovo,codex-wakapi-history-import/1.0,2026-03-12 13:09:00.000,2026-05-04 03:43:07.957
Lelando1234,C:/Users/tiaan/My Drive/Tiaan/Personal/Documents & Other/Github/CompanyIntranet/src/components/home.tsx,file,coding,CompanyIntranet,main,TypeScript,true,Wakatime,Windows,Tiaan-Lenovo,codex-wakapi-history-import/1.0,2026-03-12 13:11:00.000,2026-05-04 03:43:07.957
Lelando1234,C:/Users/tiaan/My Drive/Tiaan/Personal/Documents & Other/Github/CompanyIntranet/src/components/home.tsx,file,coding,CompanyIntranet,main,TypeScript,true,Wakatime,Windows,Tiaan-Lenovo,codex-wakapi-history-import/1.0,2026-03-12 13:13:00.000,2026-05-04 03:43:07.957
Lelando1234,C:/Users/tiaan/My Drive/Tiaan/Personal/Documents & Other/Github/CompanyIntranet/src/components/home.tsx,file,coding,CompanyIntranet,main,TypeScript,true,Wakatime,Windows,Tiaan-Lenovo,codex-wakapi-history-import/1.0,2026-03-12 13:15:00.000,2026-05-04 03:43:07.957
Lelando1234,C:/Users/tiaan/My Drive/Tiaan/Personal/Documents & Other/Github/CompanyIntranet/src/components/home.tsx,file,coding,CompanyIntranet,main,TypeScript,true,Wakatime,Windows,Tiaan-Lenovo,codex-wakapi-history-import/1.0,2026-03-12 13:17:00.000,2026-05-04 03:43:07.957
Lelando1234,C:/Users/tiaan/My Drive/Tiaan/Personal/Documents & Other/Github/CompanyIntranet/src/components/home.tsx,file,coding,CompanyIntranet,main,TypeScript,true,Wakatime,Windows,Tiaan-Lenovo,codex-wakapi-history-import/1.0,2026-03-12 13:19:00.000,2026-05-04 03:43:07.957
Lelando1234,C:/Users/tiaan/My Drive/Tiaan/Personal/Documents & Other/Github/CompanyIntranet/src/components/home.tsx,file,coding,CompanyIntranet,main,TypeScript,true,Wakatime,Windows,Tiaan-Lenovo,codex-wakapi-history-import/1.0,2026-03-12 13:21:00.000,2026-05-04 03:43:07.957
Lelando1234,C:/Users/tiaan/My Drive/Tiaan/Personal/Documents & Other/Github/CompanyIntranet/src/components/home.tsx,file,coding,CompanyIntranet,main,TypeScript,true,Wakatime,Windows,Tiaan-Lenovo,codex-wakapi-history-import/1.0,2026-03-12 13:23:00.000,2026-05-04 03:43:07.957
Lelando1234,C:/Users/tiaan/My Drive/Tiaan/Personal/Documents & Other/Github/CompanyIntranet/src/components/home.tsx,file,coding,CompanyIntranet,main,TypeScript,true,Wakatime,Windows,Tiaan-Lenovo,codex-wakapi-history-import/1.0,2026-03-12 13:25:00.000,2026-05-04 03:43:07.957
Lelando1234,C:/Users/tiaan/My Drive/Tiaan/Personal/Documents & Other/Github/CompanyIntranet/src/components/home.tsx,file,coding,CompanyIntranet,main,TypeScript,true,Wakatime,Windows,Tiaan-Lenovo,codex-wakapi-history-import/1.0,2026-03-12 13:27:00.000,2026-05-04 03:43:07.957
Lelando1234,C:/Users/tiaan/My Drive/Tiaan/Personal/Documents & Other/Github/CompanyIntranet/src/components/home.tsx,file,coding,CompanyIntranet,main,TypeScript,true,Wakatime,Windows,Tiaan-Lenovo,codex-wakapi-history-import/1.0,2026-03-12 13:29:00.000,2026-05-04 03:43:07.957
Lelando1234,C:/Users/tiaan/My Drive/Tiaan/Personal/Documents & Other/Github/CompanyIntranet/backend/src/index.js,file,coding,CompanyIntranet,main,JavaScript,true,Wakatime,Windows,Tiaan-Lenovo,codex-wakapi-history-import/1.0,2026-03-12 13:31:00.000,2026-05-04 03:43:07.957
Lelando1234,C:/Users/tiaan/My Drive/Tiaan/Personal/Documents & Other/Github/CompanyIntranet/backend/src/index.js,file,coding,CompanyIntranet,main,JavaScript,true,Wakatime,Windows,Tiaan-Lenovo,codex-wakapi-history-import/1.0,2026-03-12 13:33:00.000,2026-05-04 03:43:07.957
Lelando1234,C:/Users/tiaan/My Drive/Tiaan/Personal/Documents & Other/Github/CompanyIntranet/backend/src/index.js,file,coding,CompanyIntranet,main,JavaScript,true,Wakatime,Windows,Tiaan-Lenovo,codex-wakapi-history-import/1.0,2026-03-12 13:35:00.000,2026-05-04 03:43:07.957
Lelando1234,C:/Users/tiaan/My Drive/Tiaan/Personal/Documents & Other/Github/CompanyIntranet/backend/src/index.js,file,coding,CompanyIntranet,main,JavaScript,true,Wakatime,Windows,Tiaan-Lenovo,codex-wakapi-history-import/1.0,2026-03-12 13:37:00.000,2026-05-04 03:43:07.957
Lelando1234,C:/Users/tiaan/My Drive/Tiaan/Personal/Documents & Other/Github/CompanyIntranet/backend/src/index.js,file,coding,CompanyIntranet,main,JavaScript,true,Wakatime,Windows,Tiaan-Lenovo,codex-wakapi-history-import/1.0,2026-03-12 13:39:00.000,2026-05-04 03:43:07.957
Lelando1234,C:/Users/tiaan/My Drive/Tiaan/Personal/Documents & Other/Github/CompanyIntranet/backend/src/index.js,file,coding,CompanyIntranet,main,JavaScript,true,Wakatime,Windows,Tiaan-Lenovo,codex-wakapi-history-import/1.0,2026-03-12 13:41:00.000,2026-05-04 03:43:07.957
Lelando1234,C:/Users/tiaan/My Drive/Tiaan/Personal/Documents & Other/Github/CompanyIntranet/backend/src/index.js,file,coding,CompanyIntranet,main,JavaScript,true,Wakatime,Windows,Tiaan-Lenovo,codex-wakapi-history-import/1.0,2026-03-12 13:43:00.000,2026-05-04 03:43:07.957
Lelando1234,C:/Users/tiaan/My Drive/Tiaan/Personal/Documents & Other/Github/CompanyIntranet/backend/src/index.js,file,coding,CompanyIntranet,main,JavaScript,true,Wakatime,Windows,Tiaan-Lenovo,codex-wakapi-history-import/1.0,2026-03-12 13:45:00.000,2026-05-04 03:43:07.957
Lelando1234,C:/Users/tiaan/My Drive/Tiaan/Personal/Documents & Other/Github/CompanyIntranet/backend/src/index.js,file,coding,CompanyIntranet,main,JavaScript,true,Wakatime,Windows,Tiaan-Lenovo,codex-wakapi-history-import/1.0,2026-03-12 13:47:00.000,2026-05-04 03:43:07.957
Lelando1234,C:/Users/tiaan/My Drive/Tiaan/Personal/Documents & Other/Github/CompanyIntranet/backend/src/index.js,file,coding,CompanyIntranet,main,JavaScript,true,Wakatime,Windows,Tiaan-Lenovo,codex-wakapi-history-import/1.0,2026-03-12 13:49:00.000,2026-05-04 03:43:07.957
Lelando1234,C:/Users/tiaan/My Drive/Tiaan/Personal/Documents & Other/Github/CompanyIntranet/backend/src/index.js,file,coding,CompanyIntranet,main,JavaScript,true,Wakatime,Windows,Tiaan-Lenovo,codex-wakapi-history-import/1.0,2026-03-12 13:51:00.000,2026-05-04 03:43:07.957
Lelando1234,C:/Users/tiaan/My Drive/Tiaan/Personal/Documents & Other/Github/CompanyIntranet/backend/src/index.js,file,coding,CompanyIntranet,main,JavaScript,true,Wakatime,Windows,Tiaan-Lenovo,codex-wakapi-history-import/1.0,2026-03-12 13:53:00.000,2026-05-04 03:43:07.957
Lelando1234,C:/Users/tiaan/My Drive/Tiaan/Personal/Documents & Other/Github/CompanyIntranet/backend/src/routes/articles.js,file,coding,CompanyIntranet,main,JavaScript,true,Wakatime,Windows,Tiaan-Lenovo,codex-wakapi-history-import/1.0,2026-03-12 13:55:00.000,2026-05-04 03:43:07.957
Lelando1234,C:/Users/tiaan/My Drive/Tiaan/Personal/Documents & Other/Github/CompanyIntranet/backend/src/database/schema.sql,file,coding,CompanyIntranet,main,SQL,true,Wakatime,Windows,Tiaan-Lenovo,codex-wakapi-history-import/1.0,2026-03-16 13:16:40.000,2026-05-04 03:43:07.957
Lelando1234,C:/Users/tiaan/My Drive/Tiaan/Personal/Documents & Other/Github/CompanyIntranet/backend/src/database/schema.sql,file,coding,CompanyIntranet,main,SQL,true,Wakatime,Windows,Tiaan-Lenovo,codex-wakapi-history-import/1.0,2026-03-16 13:18:40.000,2026-05-04 03:43:07.957
Lelando1234,C:/Users/tiaan/My Drive/Tiaan/Personal/Documents & Other/Github/CompanyIntranet/backend/src/database/schema.sql,file,coding,CompanyIntranet,main,SQL,true,Wakatime,Windows,Tiaan-Lenovo,codex-wakapi-history-import/1.0,2026-03-16 13:20:40.000,2026-05-04 03:43:07.957
Lelando1234,C:/Users/tiaan/My Drive/Tiaan/Personal/Documents & Other/Github/CompanyIntranet/backend/src/database/schema.sql,file,coding,CompanyIntranet,main,SQL,true,Wakatime,Windows,Tiaan-Lenovo,codex-wakapi-history-import/1.0,2026-03-16 13:22:40.000,2026-05-04 03:43:07.957
Lelando1234,C:/Users/tiaan/My Drive/Tiaan/Personal/Documents & Other/Github/CompanyIntranet/backend/src/database/schema.sql,file,coding,CompanyIntranet,main,SQL,true,Wakatime,Windows,Tiaan-Lenovo,codex-wakapi-history-import/1.0,2026-03-16 13:24:40.000,2026-05-04 03:43:07.957
Lelando1234,C:/Users/tiaan/My Drive/Tiaan/Personal/Documents & Other/Github/CompanyIntranet/backend/src/database/schema.sql,file,coding,CompanyIntranet,main,SQL,true,Wakatime,Windows,Tiaan-Lenovo,codex-wakapi-history-import/1.0,2026-03-16 13:26:40.000,2026-05-04 03:43:07.957
Lelando1234,C:/Users/tiaan/My Drive/Tiaan/Personal/Documents & Other/Github/CompanyIntranet/backend/src/database/schema.sql,file,coding,CompanyIntranet,main,SQL,true,Wakatime,Windows,Tiaan-Lenovo,codex-wakapi-history-import/1.0,2026-03-16 13:28:40.000,2026-05-04 03:43:07.957
Lelando1234,C:/Users/tiaan/My Drive/Tiaan/Personal/Documents & Other/Github/CompanyIntranet/backend/src/database/schema.sql,file,coding,CompanyIntranet,main,SQL,true,Wakatime,Windows,Tiaan-Lenovo,codex-wakapi-history-import/1.0,2026-03-16 13:30:40.000,2026-05-04 03:43:07.957
Lelando1234,C:/Users/tiaan/My Drive/Tiaan/Personal/Documents & Other/Github/CompanyIntranet/backend/src/database/schema.sql,file,coding,CompanyIntranet,main,SQL,true,Wakatime,Windows,Tiaan-Lenovo,codex-wakapi-history-import/1.0,2026-03-16 13:32:40.000,2026-05-04 03:43:07.957
Lelando1234,C:/Users/tiaan/My Drive/Tiaan/Personal/Documents & Other/Github/CompanyIntranet/backend/src/database/schema.sql,file,coding,CompanyIntranet,main,SQL,true,Wakatime,Windows,Tiaan-Lenovo,codex-wakapi-history-import/1.0,2026-03-16 13:34:40.000,2026-05-04 03:43:07.957
Lelando1234,C:/Users/tiaan/My Drive/Tiaan/Personal/Documents & Other/Github/CompanyIntranet/backend/src/database/schema.sql,file,coding,CompanyIntranet,main,SQL,true,Wakatime,Windows,Tiaan-Lenovo,codex-wakapi-history-import/1.0,2026-03-16 13:36:40.000,2026-05-04 03:43:07.957
Lelando1234,C:/Users/tiaan/My Drive/Tiaan/Personal/Documents & Other/Github/CompanyIntranet/backend/src/database/schema.sql,file,coding,CompanyIntranet,main,SQL,true,Wakatime,Windows,Tiaan-Lenovo,codex-wakapi-history-import/1.0,2026-03-16 13:38:40.000,2026-05-04 03:43:07.957
Lelando1234,C:/Users/tiaan/My Drive/Tiaan/Personal/Documents & Other/Github/CompanyIntranet/backend/src/database/schema.sql,file,coding,CompanyIntranet,main,SQL,true,Wakatime,Windows,Tiaan-Lenovo,codex-wakapi-history-import/1.0,2026-03-16 13:40:40.000,2026-05-04 03:43:07.957
Lelando1234,C:/Users/tiaan/My Drive/Tiaan/Personal/Documents & Other/Github/CompanyIntranet/install.sh,file,coding,CompanyIntranet,main,Bash,true,Wakatime,Windows,Tiaan-Lenovo,codex-wakapi-history-import/1.0,2026-03-16 13:42:40.000,2026-05-04 03:43:07.957
Lelando1234,C:/Users/tiaan/My Drive/Tiaan/Personal/Documents & Other/Github/CompanyIntranet/install.sh,file,coding,CompanyIntranet,main,Bash,true,Wakatime,Windows,Tiaan-Lenovo,codex-wakapi-history-import/1.0,2026-03-16 13:44:40.000,2026-05-04 03:43:07.957
Lelando1234,C:/Users/tiaan/My Drive/Tiaan/Personal/Documents & Other/Github/CompanyIntranet/install.sh,file,coding,CompanyIntranet,main,Bash,true,Wakatime,Windows,Tiaan-Lenovo,codex-wakapi-history-import/1.0,2026-03-16 13:46:40.000,2026-05-04 03:43:07.957
Lelando1234,C:/Users/tiaan/My Drive/Tiaan/Personal/Documents & Other/Github/CompanyIntranet/install.sh,file,coding,CompanyIntranet,main,Bash,true,Wakatime,Windows,Tiaan-Lenovo,codex-wakapi-history-import/1.0,2026-03-16 13:48:40.000,2026-05-04 03:43:07.957
Lelando1234,C:/Users/tiaan/My Drive/Tiaan/Personal/Documents & Other/Github/CompanyIntranet/install.sh,file,coding,CompanyIntranet,main,Bash,true,Wakatime,Windows,Tiaan-Lenovo,codex-wakapi-history-import/1.0,2026-03-16 13:50:40.000,2026-05-04 03:43:07.957
Lelando1234,C:/Users/tiaan/My Drive/Tiaan/Personal/Documents & Other/Github/CompanyIntranet/install.sh,file,coding,CompanyIntranet,main,Bash,true,Wakatime,Windows,Tiaan-Lenovo,codex-wakapi-history-import/1.0,2026-03-16 13:52:40.000,2026-05-04 03:43:07.957
Lelando1234,C:/Users/tiaan/My Drive/Tiaan/Personal/Documents & Other/Github/CompanyIntranet/install.sh,file,coding,CompanyIntranet,main,Bash,true,Wakatime,Windows,Tiaan-Lenovo,codex-wakapi-history-import/1.0,2026-03-16 13:54:40.000,2026-05-04 03:43:07.957
Lelando1234,C:/Users/tiaan/My Drive/Tiaan/Personal/Documents & Other/Github/CompanyIntranet/install.sh,file,coding,CompanyIntranet,main,Bash,true,Wakatime,Windows,Tiaan-Lenovo,codex-wakapi-history-import/1.0,2026-03-16 13:56:40.000,2026-05-04 03:43:07.957
Lelando1234,C:/Users/tiaan/My Drive/Tiaan/Personal/Documents & Other/Github/CompanyIntranet/src/components/SideNavigation.tsx,file,coding,CompanyIntranet,main,TypeScript,true,Wakatime,Windows,Tiaan-Lenovo,codex-wakapi-history-import/1.0,2026-03-19 01:08:24.000,2026-05-04 03:43:07.957
Lelando1234,C:/Users/tiaan/My Drive/Tiaan/Personal/Documents & Other/Github/CompanyIntranet/src/components/SideNavigation.tsx,file,coding,CompanyIntranet,main,TypeScript,true,Wakatime,Windows,Tiaan-Lenovo,codex-wakapi-history-import/1.0,2026-03-19 01:10:24.000,2026-05-04 03:43:07.957
Lelando1234,C:/Users/tiaan/My Drive/Tiaan/Personal/Documents & Other/Github/CompanyIntranet/src/components/SideNavigation.tsx,file,coding,CompanyIntranet,main,TypeScript,true,Wakatime,Windows,Tiaan-Lenovo,codex-wakapi-history-import/1.0,2026-03-19 01:12:24.000,2026-05-04 03:43:07.957
Lelando1234,C:/Users/tiaan/My Drive/Tiaan/Personal/Documents & Other/Github/CompanyIntranet/src/components/SideNavigation.tsx,file,coding,CompanyIntranet,main,TypeScript,true,Wakatime,Windows,Tiaan-Lenovo,codex-wakapi-history-import/1.0,2026-03-19 01:14:24.000,2026-05-04 03:43:07.957
Lelando1234,C:/Users/tiaan/My Drive/Tiaan/Personal/Documents & Other/Github/CompanyIntranet/src/components/SideNavigation.tsx,file,coding,CompanyIntranet,main,TypeScript,true,Wakatime,Windows,Tiaan-Lenovo,codex-wakapi-history-import/1.0,2026-03-19 01:16:24.000,2026-05-04 03:43:07.957
Lelando1234,C:/Users/tiaan/My Drive/Tiaan/Personal/Documents & Other/Github/CompanyIntranet/src/components/SideNavigation.tsx,file,coding,CompanyIntranet,main,TypeScript,true,Wakatime,Windows,Tiaan-Lenovo,codex-wakapi-history-import/1.0,2026-03-19 01:18:24.000,2026-05-04 03:43:07.957
Lelando1234,C:/Users/tiaan/My Drive/Tiaan/Personal/Documents & Other/Github/CompanyIntranet/src/components/SideNavigation.tsx,file,coding,CompanyIntranet,main,TypeScript,true,Wakatime,Windows,Tiaan-Lenovo,codex-wakapi-history-import/1.0,2026-03-19 01:20:24.000,2026-05-04 03:43:07.957
Lelando1234,C:/Users/tiaan/My Drive/Tiaan/Personal/Documents & Other/Github/CompanyIntranet/src/components/SideNavigation.tsx,file,coding,CompanyIntranet,main,TypeScript,true,Wakatime,Windows,Tiaan-Lenovo,codex-wakapi-history-import/1.0,2026-03-19 01:22:24.000,2026-05-04 03:43:07.957
Lelando1234,C:/Users/tiaan/My Drive/Tiaan/Personal/Documents & Other/Github/CompanyIntranet/src/components/SideNavigation.tsx,file,coding,CompanyIntranet,main,TypeScript,true,Wakatime,Windows,Tiaan-Lenovo,codex-wakapi-history-import/1.0,2026-03-19 01:24:24.000,2026-05-04 03:43:07.957
Lelando1234,C:/Users/tiaan/My Drive/Tiaan/Personal/Documents & Other/Github/CompanyIntranet/src/components/SideNavigation.tsx,file,coding,CompanyIntranet,main,TypeScript,true,Wakatime,Windows,Tiaan-Lenovo,codex-wakapi-history-import/1.0,2026-03-19 01:26:24.000,2026-05-04 03:43:07.957
Lelando1234,C:/Users/tiaan/My Drive/Tiaan/Personal/Documents & Other/Github/CompanyIntranet/src/components/SideNavigation.tsx,file,coding,CompanyIntranet,main,TypeScript,true,Wakatime,Windows,Tiaan-Lenovo,codex-wakapi-history-import/1.0,2026-03-19 01:28:24.000,2026-05-04 03:43:07.957
Lelando1234,C:/Users/tiaan/My Drive/Tiaan/Personal/Documents & Other/Github/CompanyIntranet/src/components/SideNavigation.tsx,file,coding,CompanyIntranet,main,TypeScript,true,Wakatime,Windows,Tiaan-Lenovo,codex-wakapi-history-import/1.0,2026-03-19 01:30:24.000,2026-05-04 03:43:07.957
Lelando1234,C:/Users/tiaan/My Drive/Tiaan/Personal/Documents & Other/Github/CompanyIntranet/src/components/SideNavigation.tsx,file,coding,CompanyIntranet,main,TypeScript,true,Wakatime,Windows,Tiaan-Lenovo,codex-wakapi-history-import/1.0,2026-03-19 01:32:24.000,2026-05-04 03:43:07.957
Lelando1234,C:/Users/tiaan/My Drive/Tiaan/Personal/Documents & Other/Github/CompanyIntranet/src/contexts/AuthContext.tsx,file,coding,CompanyIntranet,main,TypeScript,true,Wakatime,Windows,Tiaan-Lenovo,codex-wakapi-history-import/1.0,2026-03-19 01:34:24.000,2026-05-04 03:43:07.957
Lelando1234,C:/Users/tiaan/My Drive/Tiaan/Personal/Documents & Other/Github/CompanyIntranet/src/contexts/AuthContext.tsx,file,coding,CompanyIntranet,main,TypeScript,true,Wakatime,Windows,Tiaan-Lenovo,codex-wakapi-history-import/1.0,2026-03-19 01:36:24.000,2026-05-04 03:43:07.957
Lelando1234,C:/Users/tiaan/My Drive/Tiaan/Personal/Documents & Other/Github/CompanyIntranet/src/contexts/AuthContext.tsx,file,coding,CompanyIntranet,main,TypeScript,true,Wakatime,Windows,Tiaan-Lenovo,codex-wakapi-history-import/1.0,2026-03-19 01:38:24.000,2026-05-04 03:43:07.957
Lelando1234,C:/Users/tiaan/My Drive/Tiaan/Personal/Documents & Other/Github/CompanyIntranet/src/contexts/AuthContext.tsx,file,coding,CompanyIntranet,main,TypeScript,true,Wakatime,Windows,Tiaan-Lenovo,codex-wakapi-history-import/1.0,2026-03-19 01:40:24.000,2026-05-04 03:43:07.957
Lelando1234,C:/Users/tiaan/My Drive/Tiaan/Personal/Documents & Other/Github/CompanyIntranet/src/contexts/AuthContext.tsx,file,coding,CompanyIntranet,main,TypeScript,true,Wakatime,Windows,Tiaan-Lenovo,codex-wakapi-history-import/1.0,2026-03-19 01:42:24.000,2026-05-04 03:43:07.957
Lelando1234,C:/Users/tiaan/My Drive/Tiaan/Personal/Documents & Other/Github/CompanyIntranet/src/contexts/AuthContext.tsx,file,coding,CompanyIntranet,main,TypeScript,true,Wakatime,Windows,Tiaan-Lenovo,codex-wakapi-history-import/1.0,2026-03-19 01:44:24.000,2026-05-04 03:43:07.957
Lelando1234,C:/Users/tiaan/My Drive/Tiaan/Personal/Documents & Other/Github/CompanyIntranet/src/contexts/AuthContext.tsx,file,coding,CompanyIntranet,main,TypeScript,true,Wakatime,Windows,Tiaan-Lenovo,codex-wakapi-history-import/1.0,2026-03-19 01:46:24.000,2026-05-04 03:43:07.957
Lelando1234,C:/Users/tiaan/My Drive/Tiaan/Personal/Documents & Other/Github/CompanyIntranet/src/components/SideNavigation.tsx,file,coding,CompanyIntranet,main,TypeScript,true,Wakatime,Windows,Tiaan-Lenovo,codex-wakapi-history-import/1.0,2026-03-23 13:36:20.000,2026-05-04 03:43:07.957
Lelando1234,C:/Users/tiaan/My Drive/Tiaan/Personal/Documents & Other/Github/CompanyIntranet/src/components/SideNavigation.tsx,file,coding,CompanyIntranet,main,TypeScript,true,Wakatime,Windows,Tiaan-Lenovo,codex-wakapi-history-import/1.0,2026-03-23 13:38:20.000,2026-05-04 03:43:07.957
Lelando1234,C:/Users/tiaan/My Drive/Tiaan/Personal/Documents & Other/Github/CompanyIntranet/src/components/SideNavigation.tsx,file,coding,CompanyIntranet,main,TypeScript,true,Wakatime,Windows,Tiaan-Lenovo,codex-wakapi-history-import/1.0,2026-03-23 13:40:20.000,2026-05-04 03:43:07.957
Lelando1234,C:/Users/tiaan/My Drive/Tiaan/Personal/Documents & Other/Github/CompanyIntranet/src/components/SideNavigation.tsx,file,coding,CompanyIntranet,main,TypeScript,true,Wakatime,Windows,Tiaan-Lenovo,codex-wakapi-history-import/1.0,2026-03-23 13:42:20.000,2026-05-04 03:43:07.957
Lelando1234,C:/Users/tiaan/My Drive/Tiaan/Personal/Documents & Other/Github/CompanyIntranet/src/components/SideNavigation.tsx,file,coding,CompanyIntranet,main,TypeScript,true,Wakatime,Windows,Tiaan-Lenovo,codex-wakapi-history-import/1.0,2026-03-23 13:44:20.000,2026-05-04 03:43:07.957
Lelando1234,C:/Users/tiaan/My Drive/Tiaan/Personal/Documents & Other/Github/CompanyIntranet/src/components/SideNavigation.tsx,file,coding,CompanyIntranet,main,TypeScript,true,Wakatime,Windows,Tiaan-Lenovo,codex-wakapi-history-import/1.0,2026-03-23 13:46:20.000,2026-05-04 03:43:07.957
Lelando1234,C:/Users/tiaan/My Drive/Tiaan/Personal/Documents & Other/Github/CompanyIntranet/src/components/SideNavigation.tsx,file,coding,CompanyIntranet,main,TypeScript,true,Wakatime,Windows,Tiaan-Lenovo,codex-wakapi-history-import/1.0,2026-03-23 13:48:20.000,2026-05-04 03:43:07.957
Lelando1234,C:/Users/tiaan/My Drive/Tiaan/Personal/Documents & Other/Github/CompanyIntranet/src/components/SideNavigation.tsx,file,coding,CompanyIntranet,main,TypeScript,true,Wakatime,Windows,Tiaan-Lenovo,codex-wakapi-history-import/1.0,2026-03-23 13:50:20.000,2026-05-04 03:43:07.957
Lelando1234,C:/Users/tiaan/My Drive/Tiaan/Personal/Documents & Other/Github/CompanyIntranet/src/components/SideNavigation.tsx,file,coding,CompanyIntranet,main,TypeScript,true,Wakatime,Windows,Tiaan-Lenovo,codex-wakapi-history-import/1.0,2026-03-23 13:52:20.000,2026-05-04 03:43:07.957
Lelando1234,C:/Users/tiaan/My Drive/Tiaan/Personal/Documents & Other/Github/CompanyIntranet/src/components/SideNavigation.tsx,file,coding,CompanyIntranet,main,TypeScript,true,Wakatime,Windows,Tiaan-Lenovo,codex-wakapi-history-import/1.0,2026-03-23 13:54:20.000,2026-05-04 03:43:07.957
Lelando1234,C:/Users/tiaan/My Drive/Tiaan/Personal/Documents & Other/Github/CompanyIntranet/src/components/SideNavigation.tsx,file,coding,CompanyIntranet,main,TypeScript,true,Wakatime,Windows,Tiaan-Lenovo,codex-wakapi-history-import/1.0,2026-03-23 13:56:20.000,2026-05-04 03:43:07.957
Lelando1234,C:/Users/tiaan/My Drive/Tiaan/Personal/Documents & Other/Github/CompanyIntranet/src/components/SideNavigation.tsx,file,coding,CompanyIntranet,main,TypeScript,true,Wakatime,Windows,Tiaan-Lenovo,codex-wakapi-history-import/1.0,2026-03-23 13:58:20.000,2026-05-04 03:43:07.957
Lelando1234,C:/Users/tiaan/My Drive/Tiaan/Personal/Documents & Other/Github/CompanyIntranet/src/components/SideNavigation.tsx,file,coding,CompanyIntranet,main,TypeScript,true,Wakatime,Windows,Tiaan-Lenovo,codex-wakapi-history-import/1.0,2026-03-23 14:00:20.000,2026-05-04 03:43:07.957
Lelando1234,C:/Users/tiaan/My Drive/Tiaan/Personal/Documents & Other/Github/CompanyIntranet/src/contexts/AuthContext.tsx,file,coding,CompanyIntranet,main,TypeScript,true,Wakatime,Windows,Tiaan-Lenovo,codex-wakapi-history-import/1.0,2026-03-23 14:02:20.000,2026-05-04 03:43:07.957
Lelando1234,C:/Users/tiaan/My Drive/Tiaan/Personal/Documents & Other/Github/CompanyIntranet/src/contexts/AuthContext.tsx,file,coding,CompanyIntranet,main,TypeScript,true,Wakatime,Windows,Tiaan-Lenovo,codex-wakapi-history-import/1.0,2026-03-23 14:04:20.000,2026-05-04 03:43:07.957
Lelando1234,C:/Users/tiaan/My Drive/Tiaan/Personal/Documents & Other/Github/CompanyIntranet/src/contexts/AuthContext.tsx,file,coding,CompanyIntranet,main,TypeScript,true,Wakatime,Windows,Tiaan-Lenovo,codex-wakapi-history-import/1.0,2026-03-23 14:06:20.000,2026-05-04 03:43:07.957
Lelando1234,C:/Users/tiaan/My Drive/Tiaan/Personal/Documents & Other/Github/CompanyIntranet/src/contexts/AuthContext.tsx,file,coding,CompanyIntranet,main,TypeScript,true,Wakatime,Windows,Tiaan-Lenovo,codex-wakapi-history-import/1.0,2026-03-23 14:08:20.000,2026-05-04 03:43:07.957
Lelando1234,C:/Users/tiaan/My Drive/Tiaan/Personal/Documents & Other/Github/CompanyIntranet/src/contexts/AuthContext.tsx,file,coding,CompanyIntranet,main,TypeScript,true,Wakatime,Windows,Tiaan-Lenovo,codex-wakapi-history-import/1.0,2026-03-23 14:10:20.000,2026-05-04 03:43:07.957
Lelando1234,C:/Users/tiaan/My Drive/Tiaan/Personal/Documents & Other/Github/CompanyIntranet/src/contexts/AuthContext.tsx,file,coding,CompanyIntranet,main,TypeScript,true,Wakatime,Windows,Tiaan-Lenovo,codex-wakapi-history-import/1.0,2026-03-23 14:12:20.000,2026-05-04 03:43:07.957
Lelando1234,C:/Users/tiaan/My Drive/Tiaan/Personal/Documents & Other/Github/CompanyIntranet/src/contexts/AuthContext.tsx,file,coding,CompanyIntranet,main,TypeScript,true,Wakatime,Windows,Tiaan-Lenovo,codex-wakapi-history-import/1.0,2026-03-23 14:14:20.000,2026-05-04 03:43:07.957
Lelando1234,C:/Users/tiaan/My Drive/Tiaan/Personal/Documents & Other/Github/CompanyIntranet/src/contexts/AuthContext.tsx,file,coding,CompanyIntranet,main,TypeScript,true,Wakatime,Windows,Tiaan-Lenovo,codex-wakapi-history-import/1.0,2026-03-23 14:16:20.000,2026-05-04 03:43:07.957
Lelando1234,C:/Users/tiaan/My Drive/Tiaan/Personal/Documents & Other/Github/CompanyIntranet/backend/src/index.js,file,coding,CompanyIntranet,main,JavaScript,true,Wakatime,Windows,Tiaan-Lenovo,codex-wakapi-history-import/1.0,2026-03-24 02:06:33.000,2026-05-04 03:43:07.957
Lelando1234,C:/Users/tiaan/My Drive/Tiaan/Personal/Documents & Other/Github/CompanyIntranet/backend/src/index.js,file,coding,CompanyIntranet,main,JavaScript,true,Wakatime,Windows,Tiaan-Lenovo,codex-wakapi-history-import/1.0,2026-03-24 02:08:33.000,2026-05-04 03:43:07.957
Lelando1234,C:/Users/tiaan/My Drive/Tiaan/Personal/Documents & Other/Github/CompanyIntranet/backend/src/index.js,file,coding,CompanyIntranet,main,JavaScript,true,Wakatime,Windows,Tiaan-Lenovo,codex-wakapi-history-import/1.0,2026-03-24 02:10:33.000,2026-05-04 03:43:07.957
Lelando1234,C:/Users/tiaan/My Drive/Tiaan/Personal/Documents & Other/Github/CompanyIntranet/backend/src/index.js,file,coding,CompanyIntranet,main,JavaScript,true,Wakatime,Windows,Tiaan-Lenovo,codex-wakapi-history-import/1.0,2026-03-24 02:12:33.000,2026-05-04 03:43:07.957
Lelando1234,C:/Users/tiaan/My Drive/Tiaan/Personal/Documents & Other/Github/CompanyIntranet/backend/src/index.js,file,coding,CompanyIntranet,main,JavaScript,true,Wakatime,Windows,Tiaan-Lenovo,codex-wakapi-history-import/1.0,2026-03-24 02:14:33.000,2026-05-04 03:43:07.957
Lelando1234,C:/Users/tiaan/My Drive/Tiaan/Personal/Documents & Other/Github/CompanyIntranet/backend/src/index.js,file,coding,CompanyIntranet,main,JavaScript,true,Wakatime,Windows,Tiaan-Lenovo,codex-wakapi-history-import/1.0,2026-03-24 02:16:33.000,2026-05-04 03:43:07.957
Lelando1234,C:/Users/tiaan/My Drive/Tiaan/Personal/Documents & Other/Github/CompanyIntranet/backend/src/index.js,file,coding,CompanyIntranet,main,JavaScript,true,Wakatime,Windows,Tiaan-Lenovo,codex-wakapi-history-import/1.0,2026-03-24 02:18:33.000,2026-05-04 03:43:07.957
Lelando1234,C:/Users/tiaan/My Drive/Tiaan/Personal/Documents & Other/Github/CompanyIntranet/backend/src/index.js,file,coding,CompanyIntranet,main,JavaScript,true,Wakatime,Windows,Tiaan-Lenovo,codex-wakapi-history-import/1.0,2026-03-24 02:20:33.000,2026-05-04 03:43:07.957
Lelando1234,C:/Users/tiaan/My Drive/Tiaan/Personal/Documents & Other/Github/CompanyIntranet/backend/src/index.js,file,coding,CompanyIntranet,main,JavaScript,true,Wakatime,Windows,Tiaan-Lenovo,codex-wakapi-history-import/1.0,2026-03-24 02:22:33.000,2026-05-04 03:43:07.957
Lelando1234,C:/Users/tiaan/My Drive/Tiaan/Personal/Documents & Other/Github/CompanyIntranet/backend/src/index.js,file,coding,CompanyIntranet,main,JavaScript,true,Wakatime,Windows,Tiaan-Lenovo,codex-wakapi-history-import/1.0,2026-03-24 02:24:33.000,2026-05-04 03:43:07.957
Lelando1234,C:/Users/tiaan/My Drive/Tiaan/Personal/Documents & Other/Github/CompanyIntranet/backend/src/index.js,file,coding,CompanyIntranet,main,JavaScript,true,Wakatime,Windows,Tiaan-Lenovo,codex-wakapi-history-import/1.0,2026-03-24 02:26:33.000,2026-05-04 03:43:07.957
Lelando1234,C:/Users/tiaan/My Drive/Tiaan/Personal/Documents & Other/Github/CompanyIntranet/backend/src/index.js,file,coding,CompanyIntranet,main,JavaScript,true,Wakatime,Windows,Tiaan-Lenovo,codex-wakapi-history-import/1.0,2026-03-24 02:28:33.000,2026-05-04 03:43:07.957
Lelando1234,C:/Users/tiaan/My Drive/Tiaan/Personal/Documents & Other/Github/CompanyIntranet/backend/src/index.js,file,coding,CompanyIntranet,main,JavaScript,true,Wakatime,Windows,Tiaan-Lenovo,codex-wakapi-history-import/1.0,2026-03-24 02:30:33.000,2026-05-04 03:43:07.957
Lelando1234,C:/Users/tiaan/My Drive/Tiaan/Personal/Documents & Other/Github/CompanyIntranet/backend/src/routes/articles.js,file,coding,CompanyIntranet,main,JavaScript,true,Wakatime,Windows,Tiaan-Lenovo,codex-wakapi-history-import/1.0,2026-03-24 02:32:33.000,2026-05-04 03:43:07.957
Lelando1234,C:/Users/tiaan/My Drive/Tiaan/Personal/Documents & Other/Github/CompanyIntranet/backend/src/routes/articles.js,file,coding,CompanyIntranet,main,JavaScript,true,Wakatime,Windows,Tiaan-Lenovo,codex-wakapi-history-import/1.0,2026-03-24 02:34:33.000,2026-05-04 03:43:07.957
Lelando1234,C:/Users/tiaan/My Drive/Tiaan/Personal/Documents & Other/Github/CompanyIntranet/backend/src/routes/articles.js,file,coding,CompanyIntranet,main,JavaScript,true,Wakatime,Windows,Tiaan-Lenovo,codex-wakapi-history-import/1.0,2026-03-24 02:36:33.000,2026-05-04 03:43:07.957
Lelando1234,C:/Users/tiaan/My Drive/Tiaan/Personal/Documents & Other/Github/CompanyIntranet/backend/src/routes/articles.js,file,coding,CompanyIntranet,main,JavaScript,true,Wakatime,Windows,Tiaan-Lenovo,codex-wakapi-history-import/1.0,2026-03-24 02:38:33.000,2026-05-04 03:43:07.957
Lelando1234,C:/Users/tiaan/My Drive/Tiaan/Personal/Documents & Other/Github/CompanyIntranet/backend/src/database/migrations/add_email_signatures_table.sql,file,coding,CompanyIntranet,main,SQL,true,Wakatime,Windows,Tiaan-Lenovo,codex-wakapi-history-import/1.0,2026-03-26 02:04:12.000,2026-05-04 03:43:07.957
Lelando1234,C:/Users/tiaan/My Drive/Tiaan/Personal/Documents & Other/Github/CompanyIntranet/backend/src/database/migrations/add_email_signatures_table.sql,file,coding,CompanyIntranet,main,SQL,true,Wakatime,Windows,Tiaan-Lenovo,codex-wakapi-history-import/1.0,2026-03-26 02:06:12.000,2026-05-04 03:43:07.957
Lelando1234,C:/Users/tiaan/My Drive/Tiaan/Personal/Documents & Other/Github/CompanyIntranet/backend/src/database/migrations/add_email_signatures_table.sql,file,coding,CompanyIntranet,main,SQL,true,Wakatime,Windows,Tiaan-Lenovo,codex-wakapi-history-import/1.0,2026-03-26 02:08:12.000,2026-05-04 03:43:07.957
Lelando1234,C:/Users/tiaan/My Drive/Tiaan/Personal/Documents & Other/Github/CompanyIntranet/backend/src/database/migrations/add_email_signatures_table.sql,file,coding,CompanyIntranet,main,SQL,true,Wakatime,Windows,Tiaan-Lenovo,codex-wakapi-history-import/1.0,2026-03-26 02:10:12.000,2026-05-04 03:43:07.957
Lelando1234,C:/Users/tiaan/My Drive/Tiaan/Personal/Documents & Other/Github/CompanyIntranet/backend/src/database/migrations/add_email_signatures_table.sql,file,coding,CompanyIntranet,main,SQL,true,Wakatime,Windows,Tiaan-Lenovo,codex-wakapi-history-import/1.0,2026-03-26 02:12:12.000,2026-05-04 03:43:07.957
Lelando1234,C:/Users/tiaan/My Drive/Tiaan/Personal/Documents & Other/Github/CompanyIntranet/backend/src/database/migrations/add_email_signatures_table.sql,file,coding,CompanyIntranet,main,SQL,true,Wakatime,Windows,Tiaan-Lenovo,codex-wakapi-history-import/1.0,2026-03-26 02:14:12.000,2026-05-04 03:43:07.957
Lelando1234,C:/Users/tiaan/My Drive/Tiaan/Personal/Documents & Other/Github/CompanyIntranet/backend/src/database/migrations/add_email_signatures_table.sql,file,coding,CompanyIntranet,main,SQL,true,Wakatime,Windows,Tiaan-Lenovo,codex-wakapi-history-import/1.0,2026-03-26 02:16:12.000,2026-05-04 03:43:07.957
Lelando1234,C:/Users/tiaan/My Drive/Tiaan/Personal/Documents & Other/Github/CompanyIntranet/backend/src/database/migrations/add_email_signatures_table.sql,file,coding,CompanyIntranet,main,SQL,true,Wakatime,Windows,Tiaan-Lenovo,codex-wakapi-history-import/1.0,2026-03-26 02:18:12.000,2026-05-04 03:43:07.957
Lelando1234,C:/Users/tiaan/My Drive/Tiaan/Personal/Documents & Other/Github/CompanyIntranet/backend/src/database/migrations/add_email_signatures_table.sql,file,coding,CompanyIntranet,main,SQL,true,Wakatime,Windows,Tiaan-Lenovo,codex-wakapi-history-import/1.0,2026-03-26 02:20:12.000,2026-05-04 03:43:07.957
Lelando1234,C:/Users/tiaan/My Drive/Tiaan/Personal/Documents & Other/Github/CompanyIntranet/backend/src/database/migrations/add_email_signatures_table.sql,file,coding,CompanyIntranet,main,SQL,true,Wakatime,Windows,Tiaan-Lenovo,codex-wakapi-history-import/1.0,2026-03-26 02:22:12.000,2026-05-04 03:43:07.957
Lelando1234,C:/Users/tiaan/My Drive/Tiaan/Personal/Documents & Other/Github/CompanyIntranet/backend/src/database/migrations/add_email_signatures_table.sql,file,coding,CompanyIntranet,main,SQL,true,Wakatime,Windows,Tiaan-Lenovo,codex-wakapi-history-import/1.0,2026-03-26 02:24:12.000,2026-05-04 03:43:07.957
Lelando1234,C:/Users/tiaan/My Drive/Tiaan/Personal/Documents & Other/Github/CompanyIntranet/backend/src/database/migrations/add_email_signatures_table.sql,file,coding,CompanyIntranet,main,SQL,true,Wakatime,Windows,Tiaan-Lenovo,codex-wakapi-history-import/1.0,2026-03-26 02:26:12.000,2026-05-04 03:43:07.957
Lelando1234,C:/Users/tiaan/My Drive/Tiaan/Personal/Documents & Other/Github/CompanyIntranet/backend/src/database/migrations/add_email_signatures_table.sql,file,coding,CompanyIntranet,main,SQL,true,Wakatime,Windows,Tiaan-Lenovo,codex-wakapi-history-import/1.0,2026-03-26 02:28:12.000,2026-05-04 03:43:07.957
Lelando1234,C:/Users/tiaan/My Drive/Tiaan/Personal/Documents & Other/Github/CompanyIntranet/backend/src/database/migrations/add_signature_companies_departments.sql,file,coding,CompanyIntranet,main,SQL,true,Wakatime,Windows,Tiaan-Lenovo,codex-wakapi-history-import/1.0,2026-03-26 02:30:12.000,2026-05-04 03:43:07.957
Lelando1234,C:/Users/tiaan/My Drive/Tiaan/Personal/Documents & Other/Github/CompanyIntranet/backend/src/database/migrations/add_signature_companies_departments.sql,file,coding,CompanyIntranet,main,SQL,true,Wakatime,Windows,Tiaan-Lenovo,codex-wakapi-history-import/1.0,2026-03-26 02:32:12.000,2026-05-04 03:43:07.957
Lelando1234,C:/Users/tiaan/My Drive/Tiaan/Personal/Documents & Other/Github/CompanyIntranet/backend/src/database/migrations/add_signature_companies_departments.sql,file,coding,CompanyIntranet,main,SQL,true,Wakatime,Windows,Tiaan-Lenovo,codex-wakapi-history-import/1.0,2026-03-26 02:34:12.000,2026-05-04 03:43:07.957